<scene width="740" height="380">
  <timer time="60"/>
  <creator id="2392480"/>
  <bg id="3"/>
  <staticredskin x="129.5" y="256" cx="121" cy="249" a="0" width="17" height="14"/>
  <minkskin x="634" y="79" a="0" width="36" height="27"/>
  <littlemouse x="633" y="77" a="0" width="37.35" height="34.3"/>
  <staticblueskin x="184.5" y="104.5" cx="176" cy="94" a="0" width="17" height="21"/>
  <staticblueskin x="207.5" y="144" cx="199" cy="134" a="0" width="17" height="20"/>
  <staticblueskin x="232" y="178.5" cx="224" cy="169" a="0" width="16" height="19"/>
  <staticblueskin x="280" y="180" cx="272" cy="169" a="0" width="16" height="22"/>
  <staticblueskin x="304" y="140" cx="295" cy="128" a="0" width="18" height="24"/>
  <staticblueskin x="322.5" y="104" cx="313" cy="93" a="0" width="19" height="22"/>
  <staticredskin x="258" y="207" cx="249" cy="201" a="0" width="18" height="12"/>
  <staticblueskin x="433.5" y="138.5" cx="423" cy="128" a="0" width="21" height="21"/>
  <staticblueskin x="409" y="103.5" cx="399" cy="93" a="0" width="20" height="21"/>
  <staticblueskin x="468" y="180" cx="457" cy="169" a="0" width="22" height="22"/>
  <staticblueskin x="535.5" y="183" cx="526" cy="174" a="0" width="19" height="18"/>
  <staticblueskin x="559" y="141" cx="550" cy="132" a="0" width="18" height="18"/>
  <staticblueskin x="577" y="102.5" cx="569" cy="91" a="0" width="16" height="23"/>
  <staticredskin x="504.5" y="205.5" cx="494" cy="200" a="0" width="21" height="11"/>
  <staticskin x="473.5" y="252.5" cx="471" cy="229" a="0" width="5" height="47"/>
  <staticskin x="231.5" y="256.5" cx="229" cy="233" a="0" width="5" height="47"/>
  <staticskin x="283.5" y="257.5" cx="281" cy="232" a="0" width="5" height="51"/>
  <staticskin x="529.5" y="251.5" cx="526" cy="228" a="0" width="7" height="47"/>
  <staticskin x="258.5" y="235.5" cx="234" cy="232" a="0" width="49" height="7"/>
  <staticskin x="501" y="225" cx="469" cy="222" a="0" width="64" height="6"/>
  <staticskin x="257.5" y="297.5" cx="229" cy="291" a="0" width="57" height="13"/>
  <staticskin x="502" y="294" cx="470" cy="291" a="0" width="64" height="6"/>
  <cheeseskin x="262" y="259" a="0" width="27.05" height="22"/>
  <cheeseskin x="504" y="255" a="0" width="27.05" height="22"/>
  <staticskin x="375" y="320" cx="364" cy="309" a="0" width="22" height="22"/>
  <ballskin x="510" y="247" a="0" width="25" height="25"/>
  <ballskin x="247" y="255" a="0" width="25" height="25"/>
  <bush x="373" y="282" a="0" width="59.4" height="32.3"/>
  <staticblueskin x="87" y="155.5" cx="84" cy="98" a="0" width="6" height="115"/>
  <staticblueskin x="141" y="187.5" cx="137" cy="100" a="0" width="8" height="175"/>
  <staticblueskin x="86.5" y="270" cx="28" cy="264" a="0" width="117" height="12"/>
  <staticblueskin x="57.5" y="215.5" cx="26" cy="212" a="0" width="63" height="7"/>
  <staticblueskin x="9" y="316.5" cx="1" cy="311" a="0" width="16" height="11"/>
  <staticblueskin x="37" y="345.5" cx="28" cy="338" a="0" width="18" height="15"/>
  <staticblueskin x="97" y="361.5" cx="73" cy="355" a="0" width="48" height="13"/>
  <stone x="507" y="278" a="0" width="31.25" height="22.9"/>
  <stone x="264" y="280" a="0" width="31.25" height="22.9"/>
  <cheeseskin x="95" y="343" a="0" width="27.05" height="22"/>
  <staticblueskin x="634" y="101.5" cx="611" cy="94" a="0" width="46" height="15"/>
  <springboardskin x="373" y="301" a="0" width="51" height="10.95"/>
  <springboardskin x="440" y="221" a="0" width="51" height="10.95"/>
  <springboardskin x="304" y="228" a="0" width="51" height="10.95"/>
</scene>