<scene width="740" height="380">
  <timer time="60"/>
  <creator id="2057964"/>
  <bg id="11"/>
  <ground x="439.95" y="251.375" cx="436" cy="225" a="75" width="53" height="6"/>
  <flowers1 x="34" y="221" a="0" width="60" height="58.2"/>
  <flowers1 x="486" y="205" a="0" width="60" height="58.2"/>
  <flowers1 x="104" y="257" a="0" width="60" height="58.2"/>
  <flowers1 x="77" y="170" a="0" width="60" height="58.2"/>
  <cheeseskin x="62" y="90" a="0" width="27.05" height="22"/>
  <flowers1 x="29" y="94" a="0" width="60" height="58.2"/>
  <ground x="92.025" y="188.5" cx="81" cy="185" a="0" width="22.05" height="7"/>
  <ground x="109.025" y="272" cx="99" cy="268" a="0" width="20.05" height="8"/>
  <groundblue x="564.25" y="158.75" cx="542" cy="150" a="0" width="45.5" height="18.5"/>
  <ground x="443" y="170.575" cx="439" cy="166" a="0" width="8" height="9.15"/>
  <flowers1 x="164" y="112" a="0" width="60" height="58.2"/>
  <flowers1 x="569" y="135" a="0" width="60" height="58.2"/>
  <ballskin x="355" y="250" a="0" width="25" height="25"/>
  <ballskin x="179" y="196" a="0" width="25" height="25"/>
  <ballskin x="584" y="231" a="0" width="25" height="25"/>
  <flowers1 x="248" y="251" a="0" width="60" height="58.2"/>
  <flowers1 x="431" y="211" a="0" width="60" height="58.2"/>
  <flowers1 x="450" y="117" a="0" width="60" height="58.2"/>
  <ground x="456.5" y="136.05" cx="447" cy="133" a="0" width="19" height="6.1"/>
  <ground x="418.025" y="232.5" cx="405" cy="229" a="0" width="26.05" height="7"/>
  <ground x="508.525" y="314.5" cx="493" cy="310" a="0" width="31.05" height="9"/>
  <minkskin x="713" y="355" a="0" width="36" height="27"/>
  <ground x="653.5" y="370.05" cx="626" cy="364" a="0" width="55" height="12.1"/>
  <flowers1 x="478" y="295" a="0" width="60" height="58.2"/>
  <ground x="679.55" y="352.525" cx="674" cy="342" a="0" width="11.1" height="21.05"/>
  <carriervertical x="585" y="241" linewidth="50" lineheight="200" boxwidth="50" boxheight="20"/>
  <ground x="62.05" y="246" cx="59" cy="116" a="0" width="6.1" height="260"/>
  <cheeseskin x="713" y="168" a="0" width="27.05" height="22"/>
  <carriervertical x="357" y="266" linewidth="50" lineheight="200" boxwidth="50" boxheight="20"/>
  <carriervertical x="171" y="210" linewidth="50" lineheight="200" boxwidth="50" boxheight="20"/>
  <groundblue x="155.025" y="129" cx="133" cy="120" a="0" width="45.05" height="19"/>
  <groundblue x="259.025" y="275" cx="233" cy="266" a="0" width="53.05" height="19"/>
  <littlemouse x="648" y="336" a="0" width="37.35" height="34.3"/>
  <ground x="710" y="152.575" cx="672" cy="150" a="0" width="76" height="5.15"/>
  <ground x="455" y="251" cx="452" cy="120" a="0" width="6" height="262"/>
  <ground x="474.9" y="233.875" cx="491" cy="212" a="120" width="54" height="6"/>
  <ground x="78.825" y="194" cx="95" cy="171" a="120" width="56" height="5"/>
  <ground x="481.375" y="327.04999999999995" cx="501" cy="306" a="125" width="57" height="8"/>
  <ground x="499.025" y="224.575" cx="487" cy="220" a="0" width="24.05" height="9.15"/>
  <ground x="701.025" y="185" cx="658" cy="180" a="0" width="86.05" height="10"/>
  <flowers1 x="724" y="132" a="0" width="60" height="58.2"/>
  <ground x="85.575" y="296.175" cx="103" cy="271" a="120" width="61" height="5"/>
  <ground x="42.525" y="252.675" cx="37" cy="227" a="70" width="52" height="7.2"/>
  <ground x="50.5" y="112.5" cx="25" cy="109" a="0" width="51" height="7"/>
</scene>