<scene width="740" height="380">
  <timer time="60"/>
  <creator id="2653483"/>
  <bg id="1"/>
  <boxskin x="445" y="382" a="0" width="50" height="50"/>
  <boxskin x="494" y="382" a="0" width="50" height="50"/>
  <boxskin x="544" y="382" a="0" width="50" height="50"/>
  <boxskin x="594" y="383" a="0" width="50" height="50"/>
  <boxskin x="645" y="383" a="0" width="50" height="50"/>
  <carrierhorizontal x="10" y="339" linewidth="300" lineheight="20" boxwidth="50" boxheight="20"/>
  <carriervertical x="310" y="143" linewidth="50" lineheight="200" boxwidth="50" boxheight="20"/>
  <cheeseskin x="313" y="96" a="0" width="27.05" height="22"/>
  <carrierhorizontal x="367" y="331" linewidth="300" lineheight="20" boxwidth="50" boxheight="20"/>
  <minkskin x="656" y="280" a="0" width="36" height="27"/>
  <littlemouse x="45" y="316" a="0" width="37.35" height="34.3"/>
  <springboardskin x="232" y="270" a="0" width="51" height="10.95"/>
</scene>