<scene width="1200" height="1200">
  <timer time="60"/>
  <creator id="1151549"/>
  <bg id="11"/>
  <staticblueskin x="851" y="903" cx="848" cy="900" a="0" width="6" height="6"/>
  <staticredskin x="943.825" y="867.7750000000001" cx="1121" cy="725" a="140" width="455" height="9"/>
  <ground x="596" y="1086.5" cx="551" cy="1075" a="0" width="90" height="23"/>
  <boxskin x="617" y="1047" a="0" width="50" height="50"/>
  <carrierhorizontal x="526" y="1156" linewidth="600" lineheight="20" boxwidth="50" boxheight="20"/>
  <cheeseskin x="1138" y="1108" a="0" width="27.05" height="22"/>
  <minkskin x="690" y="143" a="0" width="36" height="27"/>
  <ground x="126.5" y="262.5" cx="121" cy="135" a="0" width="11" height="255"/>
  <groundblue x="202.75" y="241.75" cx="196" cy="98" a="0" width="14.5" height="288.5"/>
  <groundred x="294.8" y="188.25" cx="289" cy="61" a="0" width="12.6" height="255.5"/>
  <ground x="378" y="235" cx="373" cy="81" a="0" width="10" height="308"/>
  <groundblue x="451.8" y="265.75" cx="446" cy="99" a="0" width="12.6" height="334.5"/>
  <groundred x="539.3" y="272.25" cx="532" cy="139" a="0" width="15.6" height="267.5"/>
  <carriervertical x="498" y="340" linewidth="50" lineheight="200" boxwidth="50" boxheight="20"/>
  <carriervertical x="413" y="339" linewidth="50" lineheight="200" boxwidth="50" boxheight="20"/>
  <carriervertical x="293" y="340" linewidth="50" lineheight="200" boxwidth="50" boxheight="20"/>
  <carriervertical x="156" y="183" linewidth="50" lineheight="200" boxwidth="50" boxheight="20"/>
  <littlemouse x="157" y="164" a="0" width="37.35" height="34.3"/>
  <ground x="657.55" y="-144" cx="651" cy="-380" a="0" width="13.1" height="472"/>
  <ground x="657.05" y="372" cx="653" cy="166" a="0" width="8.1" height="412"/>
  <groundblue x="750.275" y="154.75" cx="736" cy="144" a="0" width="29.55" height="22.5"/>
  <groundblue x="794.275" y="220.275" cx="778" cy="208" a="0" width="33.55" height="25.55"/>
  <groundblue x="897.75" y="313.775" cx="880" cy="300" a="0" width="36.5" height="28.55"/>
  <groundblue x="976.775" y="365.275" cx="960" cy="351" a="0" width="34.55" height="29.55"/>
  <groundblue x="1072.25" y="436.275" cx="1053" cy="421" a="0" width="39.5" height="31.55"/>
  <groundblue x="971.25" y="503.75" cx="949" cy="485" a="0" width="45.5" height="38.5"/>
  <groundblue x="899.25" y="549.275" cx="882" cy="534" a="0" width="35.5" height="31.55"/>
  <groundred x="770.25" y="660.8" cx="638" cy="655" a="0" width="265.5" height="12.6"/>
  <groundblue x="406.75" y="415.25" cx="-18" cy="408" a="0" width="850.5" height="15.5"/>
  <staticblueskin x="610.5" y="498.5" cx="606" cy="421" a="0" width="9" height="155"/>
  <ground x="563.5" y="496" cx="561" cy="419" a="0" width="5" height="154"/>
  <staticblueskin x="514" y="497.5" cx="509" cy="422" a="0" width="10" height="151"/>
  <ground x="469.5" y="497.5" cx="465" cy="421" a="0" width="9" height="153"/>
  <groundblue x="420.25" y="491.25" cx="416" cy="412" a="0" width="9.5" height="159.5"/>
  <staticredskin x="540.5" y="647" cx="331" cy="641" a="0" width="419" height="12"/>
  <staticredskin x="538" y="644.5" cx="330" cy="628" a="0" width="416" height="33"/>
  <groundblue x="371.25" y="647.3" cx="365" cy="641" a="0" width="13.5" height="13.6"/>
  <groundblue x="385.775" y="653.75" cx="377" cy="648" a="0" width="18.55" height="12.5"/>
  <tree2 x="600" y="585" a="0" width="84.85" height="100"/>
  <ground x="67" y="737.025" cx="-199" cy="728" a="0" width="532" height="18.05"/>
  <staticredskin x="124.5" y="723" cx="-83" cy="714" a="0" width="415" height="18"/>
  <staticredskin x="127.5" y="509.5" cx="-77" cy="500" a="0" width="409" height="19"/>
  <carriervertical x="405" y="790" linewidth="50" lineheight="50" boxwidth="50" boxheight="20"/>
  <carriervertical x="588" y="699" linewidth="50" lineheight="50" boxwidth="50" boxheight="20"/>
  <carriervertical x="676" y="745" linewidth="50" lineheight="50" boxwidth="50" boxheight="20"/>
  <carriervertical x="483" y="741" linewidth="50" lineheight="50" boxwidth="50" boxheight="20"/>
  <carriervertical x="765" y="739" linewidth="50" lineheight="50" boxwidth="50" boxheight="20"/>
  <groundblue x="1048.75" y="659.75" cx="749" cy="651" a="0" width="600.5" height="18.5"/>
  <staticblueskin x="930.5" y="786.5" cx="920" cy="780" a="0" width="21" height="13"/>
  <staticblueskin x="888" y="839" cx="881" cy="834" a="0" width="14" height="10"/>
  <staticblueskin x="772" y="932.5" cx="765" cy="928" a="0" width="14" height="9"/>
  <staticblueskin x="708" y="986.5" cx="701" cy="981" a="0" width="14" height="11"/>
  <ballskin x="705" y="969" a="0" width="25" height="25"/>
  <ballskin x="960" y="842" a="0" width="25" height="25"/>
  <staticredskin x="789.225" y="811.575" cx="914" cy="716" a="140" width="314" height="14"/>
</scene>