<scene width="740" height="380">
  <timer time="60"/>
  <creator id="2489050"/>
  <bg id="12"/>
  <carriervertical x="481" y="100" linewidth="50" lineheight="200" boxwidth="50" boxheight="20"/>
  <carriervertical x="47" y="22" linewidth="50" lineheight="200" boxwidth="50" boxheight="20"/>
  <carriervertical x="99" y="64" linewidth="50" lineheight="200" boxwidth="50" boxheight="20"/>
  <carriervertical x="170" y="80" linewidth="50" lineheight="200" boxwidth="50" boxheight="20"/>
  <carriervertical x="246" y="99" linewidth="50" lineheight="200" boxwidth="50" boxheight="20"/>
  <carriervertical x="320" y="122" linewidth="50" lineheight="200" boxwidth="50" boxheight="20"/>
  <minkskin x="543" y="34" a="0" width="36" height="27"/>
  <lpointer x="647" y="347" a="0" width="40" height="33.7"/>
  <rpointer x="127" y="348" a="0" width="40" height="33.7"/>
  <springboardskin x="398" y="137" a="0" width="51" height="10.95"/>
  <springboardskin x="407" y="349" a="0" width="51" height="10.95"/>
  <springboardskin x="493" y="350" a="0" width="51" height="10.95"/>
  <springboardskin x="575" y="350" a="0" width="51" height="10.95"/>
  <springboardskin x="674" y="351" a="0" width="51" height="10.95"/>
  <cheeseskin x="672" y="310" a="0" width="27.05" height="22"/>
  <springboardskin x="314" y="347" a="0" width="51" height="10.95"/>
  <springboardskin x="219" y="347" a="0" width="51" height="10.95"/>
  <springboardskin x="123" y="343" a="0" width="51" height="10.95"/>
  <springboardskin x="53" y="346" a="0" width="51" height="10.95"/>
  <cheeseskin x="50" y="314" a="0" width="27.05" height="22"/>
  <littlemouse x="401" y="115" a="0" width="37.35" height="34.3"/>
  <ballskin x="617" y="31" a="0" width="25" height="25"/>
  <ballskin x="520" y="53" a="0" width="25" height="25"/>
  <ballskin x="407" y="49" a="0" width="25" height="25"/>
  <ballskin x="315" y="55" a="0" width="25" height="25"/>
  <ballskin x="195" y="60" a="0" width="25" height="25"/>
  <ballskin x="255" y="59" a="0" width="25" height="25"/>
  <ballskin x="131" y="43" a="0" width="25" height="25"/>
  <springboardskin x="485" y="299" a="0" width="51" height="10.95"/>
  <springboardskin x="478" y="249" a="0" width="51" height="10.95"/>
  <springboardskin x="476" y="202" a="0" width="51" height="10.95"/>
  <carriervertical x="703" y="38" linewidth="50" lineheight="200" boxwidth="50" boxheight="20"/>
  <carriervertical x="630" y="62" linewidth="50" lineheight="200" boxwidth="50" boxheight="20"/>
  <carriervertical x="547" y="75" linewidth="50" lineheight="200" boxwidth="50" boxheight="20"/>
</scene>