<scene width="740" height="380">
  <timer time="180"/>
  <creator id="2080858"/>
  <bg id="4"/>
  <groundblue x="28.25" y="217.25" cx="-36" cy="213" a="0" width="129.5" height="9.5"/>
  <groundred x="164.25" y="174.25" cx="127" cy="168" a="0" width="75.5" height="13.5"/>
  <littlemouse x="108" y="330" a="0" width="37.35" height="34.3"/>
  <ground x="685" y="361.05" cx="634" cy="356" a="0" width="102" height="10.1"/>
  <ground x="311.5" y="370.025" cx="-8" cy="356" a="0" width="639" height="28.05"/>
  <groundblue x="30.75" y="199.25" cx="21" cy="42" a="0" width="20.5" height="315.5"/>
  <cheeseskin x="11" y="343" a="0" width="27.05" height="22"/>
  <cheeseskin x="27" y="31" a="0" width="27.05" height="22"/>
  <groundred x="357.75" y="44.25" cx="49" cy="38" a="0" width="618.5" height="13.5"/>
  <groundblue x="419.75" y="296.75" cx="369" cy="293" a="0" width="102.5" height="8.5"/>
  <minkskin x="711" y="34" a="0" width="36" height="27"/>
  <groundblue x="343.8" y="174.75" cx="337" cy="38" a="0" width="14.6" height="274.5"/>
  <staticskin x="184.5" y="346.5" cx="131" cy="343" a="0" width="107" height="7"/>
  <springboardskin x="191" y="317" a="0" width="51" height="10.95"/>
  <groundblue x="259.75" y="97.3" cx="182" cy="91" a="0" width="156.5" height="13.6"/>
  <groundblue x="506.75" y="338.25" cx="460" cy="335" a="0" width="94.5" height="7.5"/>
  <groundred x="581.75" y="315.8" cx="542" cy="310" a="0" width="80.5" height="12.6"/>
  <ground x="667.5" y="285" cx="614" cy="280" a="0" width="107" height="10"/>
  <ground x="521.5" y="255.5" cx="466" cy="253" a="0" width="111" height="5"/>
  <groundblue x="635.75" y="231.85" cx="566" cy="228" a="0" width="140.5" height="8.7"/>
  <groundred x="698.25" y="195.25" cx="651" cy="189" a="0" width="95.5" height="13.5"/>
  <cheeseskin x="279" y="82" a="0" width="27.05" height="22"/>
  <groundblue x="88.275" y="302.75" cx="44" cy="298" a="0" width="89.55" height="10.5"/>
  <groundred x="123.75" y="252.8" cx="81" cy="247" a="0" width="86.5" height="12.6"/>
</scene>