<scene width="740" height="380">
  <timer time="60"/>
  <creator id="3026909"/>
  <bg id="2"/>
  <ground x="387" y="427.5" cx="-21" cy="358" a="0" width="816" height="139"/>
  <staticblueskin x="353" y="269" cx="116" cy="114" a="0" width="474" height="310"/>
  <staticblueskin x="619" y="314.5" cx="592" cy="309" a="0" width="54" height="11"/>
  <staticblueskin x="605" y="271.5" cx="592" cy="266" a="0" width="26" height="11"/>
  <staticblueskin x="617.5" y="241" cx="591" cy="233" a="0" width="53" height="16"/>
  <staticblueskin x="703" y="290.5" cx="672" cy="281" a="0" width="62" height="19"/>
  <staticblueskin x="749.5" y="195.5" cx="680" cy="186" a="0" width="139" height="19"/>
  <staticblueskin x="593" y="162.5" cx="567" cy="151" a="0" width="52" height="23"/>
  <minkskin x="55" y="334" a="0" width="36" height="27"/>
  <ballskin x="611" y="342" a="0" width="25" height="25"/>
  <springboardskin x="12" y="236" a="0" width="51" height="10.95"/>
  <ballskin x="637" y="342" a="0" width="25" height="25"/>
  <ballskin x="665" y="347" a="0" width="25" height="25"/>
  <ballskin x="693" y="348" a="0" width="25" height="25"/>
  <staticredskin x="356" y="108.5" cx="122" cy="103" a="0" width="468" height="11"/>
  <lpointer x="708" y="163" a="0" width="40" height="33.7"/>
  <staticblueskin x="243" y="-18.5" cx="-276" cy="-68" a="0" width="1038" height="99"/>
  <littlemouse x="605" y="294" a="0" width="37.35" height="34.3"/>
  <cheeseskin x="57" y="282" a="0" width="27.05" height="22"/>
</scene>