<scene width="740" height="380">
  <timer time="60"/>
  <creator id="2735540"/>
  <bg id="1"/>
  <staticskin x="15.5" y="157" cx="-3" cy="153" a="0" width="37" height="8"/>
  <staticskin x="20" y="230" cx="-1" cy="226" a="0" width="42" height="8"/>
  <littlemouse x="15" y="359" a="0" width="37.35" height="34.3"/>
  <staticskin x="6.5" y="376.5" cx="-55" cy="373" a="0" width="123" height="7"/>
  <staticskin x="47" y="119.5" cx="28" cy="116" a="0" width="38" height="7"/>
  <staticskin x="15.5" y="77" cx="-1" cy="73" a="0" width="33" height="8"/>
  <staticskin x="46.5" y="45" cx="27" cy="41" a="0" width="39" height="8"/>
  <staticblueskin x="351" y="60.5" cx="79" cy="42" a="0" width="544" height="37"/>
  <ground x="639.525" y="202" cx="624" cy="63" a="0" width="31.05" height="278"/>
  <staticskin x="558.5" y="162" cx="492" cy="152" a="0" width="133" height="20"/>
  <staticredskin x="501.5" y="374" cx="262" cy="369" a="0" width="479" height="10"/>
  <minkskin x="112" y="113" a="0" width="36" height="27"/>
  <cheeseskin x="602" y="136" a="0" width="27.05" height="22"/>
  <staticskin x="248.5" y="320.5" cx="187" cy="316" a="0" width="123" height="9"/>
  <staticskin x="163" y="258.5" cx="77" cy="254" a="0" width="172" height="9"/>
  <staticskin x="253.5" y="200" cx="133" cy="195" a="0" width="241" height="10"/>
  <staticskin x="179.5" y="141.5" cx="95" cy="127" a="0" width="169" height="29"/>
  <staticredskin x="289.5" y="191.5" cx="257" cy="187" a="0" width="65" height="9"/>
  <flowers2 x="253" y="300" a="0" width="60" height="33.45"/>
  <bush x="112" y="241" a="0" width="59.4" height="32.3"/>
  <cactus x="547" y="129" a="0" width="20" height="42.55"/>
  <stone x="221" y="242" a="0" width="31.25" height="22.9"/>
  <flowers1 x="263" y="29" a="0" width="60" height="58.2"/>
  <flowers2 x="509" y="23" a="0" width="60" height="33.45"/>
  <flowers2 x="437" y="352" a="0" width="60" height="33.45"/>
  <staticskin x="72" y="212" cx="66" cy="42" a="0" width="12" height="340"/>
  <staticskin x="46" y="267" cx="27" cy="264" a="0" width="38" height="6"/>
  <staticskin x="45" y="342" cx="27" cy="339" a="0" width="36" height="6"/>
  <staticskin x="18" y="304.5" cx="-3" cy="302" a="0" width="42" height="5"/>
  <staticskin x="44" y="192" cx="24" cy="188" a="0" width="40" height="8"/>
</scene>