<scene width="740" height="380">
  <timer time="60"/>
  <creator id="1156802"/>
  <bg id="9"/>
  <staticredskin x="632.5" y="361" cx="475" cy="343" a="0" width="315" height="36"/>
  <ground x="229" y="254" cx="-63" cy="124" a="0" width="584" height="260"/>
  <littlemouse x="19" y="110" a="0" width="37.35" height="34.3"/>
  <boxskin x="61" y="99" a="0" width="50" height="50"/>
  <boxskin x="166" y="96" a="0" width="50" height="50"/>
  <boxskin x="277" y="98" a="0" width="50" height="50"/>
  <boxskin x="389" y="101" a="0" width="50" height="50"/>
  <boxskin x="493" y="102" a="0" width="50" height="50"/>
  <cheeseskin x="589" y="321" a="0" width="27.05" height="22"/>
  <tree2 x="6" y="68" a="0" width="84.85" height="100"/>
  <flowers1 x="222" y="108" a="0" width="60" height="58.2"/>
  <flowers1 x="336" y="110" a="0" width="60" height="58.2"/>
  <flowers1 x="444" y="104" a="0" width="60" height="58.2"/>
  <flowers1 x="113" y="104" a="0" width="60" height="58.2"/>
  <staticblueskin x="706" y="11" cx="508" cy="-8" a="0" width="396" height="38"/>
  <minkskin x="722" y="132" a="0" width="36" height="27"/>
</scene>