<scene width="740" height="380">
  <timer time="60"/>
  <creator id="3012824"/>
  <bg id="4"/>
  <minkskin x="27" y="60" a="0" width="36" height="27"/>
  <carrierhorizontal x="211" y="385" linewidth="300" lineheight="20" boxwidth="50" boxheight="20"/>
  <carriervertical x="578" y="396" linewidth="50" lineheight="200" boxwidth="50" boxheight="20"/>
  <carriervertical x="29" y="81" linewidth="50" lineheight="200" boxwidth="50" boxheight="20"/>
  <staticskin x="76.5" y="320" cx="67" cy="280" a="0" width="19" height="80"/>
  <staticskin x="93" y="334.5" cx="88" cy="310" a="0" width="10" height="49"/>
  <staticskin x="108" y="339.5" cx="102" cy="321" a="0" width="12" height="37"/>
  <carriervertical x="293" y="73" linewidth="50" lineheight="200" boxwidth="50" boxheight="20"/>
  <staticskin x="242.5" y="317" cx="234" cy="275" a="0" width="17" height="84"/>
  <staticskin x="213" y="338" cx="205" cy="315" a="0" width="16" height="46"/>
  <staticskin x="228" y="327.5" cx="223" cy="296" a="0" width="10" height="63"/>
  <littlemouse x="157" y="344" a="0" width="37.35" height="34.3"/>
  <carriervertical x="381" y="71" linewidth="50" lineheight="200" boxwidth="50" boxheight="20"/>
  <staticskin x="442.5" y="319.5" cx="431" cy="276" a="0" width="23" height="87"/>
  <staticskin x="472" y="327.5" cx="462" cy="297" a="0" width="20" height="61"/>
  <staticskin x="497.5" y="340.5" cx="489" cy="322" a="0" width="17" height="37"/>
  <carriervertical x="698" y="52" linewidth="50" lineheight="200" boxwidth="50" boxheight="20"/>
  <staticskin x="640" y="314.5" cx="629" cy="269" a="0" width="22" height="91"/>
  <staticskin x="606.5" y="327.5" cx="595" cy="296" a="0" width="23" height="63"/>
  <staticskin x="575.5" y="341.5" cx="566" cy="323" a="0" width="19" height="37"/>
  <staticskin x="370" y="366" cx="5" cy="359" a="0" width="730" height="14"/>
  <staticskin x="337" y="217" cx="324" cy="74" a="0" width="26" height="286"/>
  <cheeseskin x="704" y="31" a="0" width="27.05" height="22"/>
</scene>