<scene width="740" height="380">
  <timer time="60"/>
  <creator id="2975751"/>
  <bg id="1"/>
  <cheeseskin x="18" y="266" a="0" width="27.05" height="22"/>
  <staticblueskin x="167.5" y="311" cx="163" cy="288" a="0" width="9" height="46"/>
  <staticblueskin x="108.5" y="312" cx="103" cy="290" a="0" width="11" height="44"/>
  <minkskin x="48" y="30" a="0" width="36" height="27"/>
  <stone x="542" y="34" a="0" width="31.25" height="22.9"/>
  <rpointer x="300" y="29" a="0" width="40" height="33.7"/>
  <lpointer x="609" y="173" a="0" width="40" height="33.7"/>
  <bush x="714" y="69" a="0" width="59.4" height="32.3"/>
  <heavyboxskin x="533" y="245" a="0" width="41" height="22"/>
  <ballskin x="434" y="33" a="0" width="23.8" height="26.05"/>
  <ballskin x="271" y="261" a="0" width="23.8" height="26.05"/>
  <ballskin x="18" y="263" a="0" width="23.8" height="26.05"/>
  <staticredskin x="183" y="87.5" cx="180" cy="56" a="0" width="6" height="63"/>
  <staticredskin x="255" y="121" cx="179" cy="117" a="0" width="152" height="8"/>
  <staticblueskin x="678" y="122.5" cx="672" cy="115" a="0" width="12" height="15"/>
  <boxskin x="302" y="84" a="0" width="50" height="50"/>
  <stone x="209" y="105" a="0" width="31.25" height="22.9"/>
  <cheeseskin x="249" y="100" a="0" width="27.05" height="22"/>
  <staticskin x="320" y="50" cx="-6" cy="46" a="0" width="652" height="8"/>
  <littlemouse x="17" y="31" a="0" width="37.35" height="34.3"/>
  <staticblueskin x="711.5" y="93.5" cx="689" cy="88" a="0" width="45" height="11"/>
  <staticblueskin x="656.5" y="153.5" cx="644" cy="144" a="0" width="25" height="19"/>
  <staticblueskin x="611.5" y="203" cx="600" cy="191" a="0" width="23" height="24"/>
  <staticblueskin x="580" y="240" cx="574" cy="233" a="0" width="12" height="14"/>
  <staticskin x="526" y="291.5" cx="520" cy="255" a="0" width="12" height="73"/>
  <staticskin x="474" y="298" cx="467" cy="265" a="0" width="14" height="66"/>
  <staticskin x="422.5" y="302" cx="416" cy="266" a="0" width="13" height="72"/>
  <staticskin x="372" y="303.5" cx="366" cy="271" a="0" width="12" height="65"/>
  <staticskin x="324" y="306" cx="319" cy="271" a="0" width="10" height="70"/>
  <staticblueskin x="270.5" y="304" cx="266" cy="271" a="0" width="9" height="66"/>
  <staticblueskin x="218" y="310" cx="211" cy="282" a="0" width="14" height="56"/>
  <staticblueskin x="26" y="284.5" cx="1" cy="280" a="0" width="50" height="9"/>
</scene>