<scene width="740" height="380">
  <timer time="80"/>
  <creator id="2113536"/>
  <bg id="1"/>
  <staticskin x="109.5" y="130" cx="79" cy="125" a="0" width="61" height="10"/>
  <cheeseskin x="110" y="158" a="0" width="27.05" height="22"/>
  <staticskin x="69.5" y="187.5" cx="-3" cy="181" a="0" width="145" height="13"/>
  <staticskin x="138" y="156.5" cx="133" cy="125" a="0" width="10" height="63"/>
  <staticskin x="79.5" y="159" cx="74" cy="125" a="0" width="11" height="68"/>
  <staticskin x="317" y="227" cx="312" cy="78" a="0" width="10" height="298"/>
  <staticskin x="262.5" y="303" cx="219" cy="299" a="0" width="87" height="8"/>
  <staticskin x="145" y="254" cx="104" cy="250" a="0" width="82" height="8"/>
  <staticskin x="261.5" y="206" cx="210" cy="202" a="0" width="103" height="8"/>
  <staticskin x="167.5" y="157" cx="140" cy="153" a="0" width="55" height="8"/>
  <staticskin x="660.5" y="268.5" cx="606" cy="264" a="0" width="109" height="9"/>
  <staticskin x="558.5" y="218" cx="507" cy="214" a="0" width="103" height="8"/>
  <staticskin x="668.5" y="165.5" cx="619" cy="161" a="0" width="99" height="9"/>
  <staticskin x="754" y="109.5" cx="701" cy="105" a="0" width="106" height="9"/>
  <groundblue x="358.25" y="85.8" cx="60" cy="78" a="0" width="597.5" height="16.6"/>
  <staticskin x="147" y="345.5" cx="100" cy="342" a="0" width="94" height="7"/>
  <littlemouse x="628" y="359" a="0" width="37.35" height="34.3"/>
  <staticskin x="372.5" y="376.5" cx="-46" cy="372" a="0" width="837" height="9"/>
  <cheeseskin x="291" y="357" a="0" width="27.05" height="22"/>
  <minkskin x="711" y="354" a="0" width="36" height="27"/>
  <carrierhorizontal x="606" y="415" linewidth="300" lineheight="20" boxwidth="50" boxheight="20"/>
  <staticskin x="1.5" y="128" cx="-18" cy="123" a="0" width="39" height="10"/>
  <carrierhorizontal x="604" y="408" linewidth="300" lineheight="20" boxwidth="50" boxheight="20"/>
  <staticskin x="567.5" y="322" cx="518" cy="318" a="0" width="99" height="8"/>
</scene>