<scene width="740" height="380">
  <timer time="60"/>
  <creator id="2912577"/>
  <bg id="12"/>
  <carrierhorizontal x="585" y="411" linewidth="300" lineheight="20" boxwidth="50" boxheight="20"/>
  <carriervertical x="185" y="184" linewidth="50" lineheight="200" boxwidth="50" boxheight="20"/>
  <tree2 x="180" y="133" a="0" width="84.85" height="100"/>
  <bush x="189" y="352" a="0" width="59.4" height="32.3"/>
  <cactus x="381" y="311" a="0" width="20" height="42.55"/>
  <ballskin x="279" y="101" a="0" width="23.8" height="26.05"/>
  <ballskin x="460" y="88" a="0" width="23.8" height="26.05"/>
  <ballskin x="377" y="98" a="0" width="23.8" height="26.05"/>
  <ballskin x="585" y="89" a="0" width="23.8" height="26.05"/>
  <ballskin x="107" y="127" a="0" width="23.8" height="26.05"/>
  <ballskin x="687" y="154" a="0" width="23.8" height="26.05"/>
  <ballskin x="707" y="157" a="0" width="23.8" height="26.05"/>
  <ballskin x="707" y="59" a="0" width="23.8" height="26.05"/>
  <ballskin x="666" y="42" a="0" width="23.8" height="26.05"/>
  <springboardskin x="50" y="88" a="0" width="51" height="10.95"/>
  <springboardskin x="110" y="149" a="0" width="51" height="10.95"/>
  <littlemouse x="695" y="157" a="0" width="37.35" height="34.3"/>
  <springboardskin x="359" y="375" a="0" width="51" height="10.95"/>
  <minkskin x="356" y="283" a="0" width="36" height="27"/>
  <cheeseskin x="59" y="31" a="0" width="27.05" height="22"/>
  <boxskin x="359" y="357" a="0" width="50" height="50"/>
  <carriervertical x="695" y="180" linewidth="50" lineheight="200" boxwidth="50" boxheight="20"/>
  <springboardskin x="565" y="372" a="0" width="51" height="10.95"/>
  <tree2 x="494" y="329" a="0" width="84.85" height="100"/>
  <ballskin x="499" y="366" a="0" width="23.8" height="26.05"/>
  <stone x="695" y="352" a="0" width="31.25" height="22.9"/>
</scene>