<scene width="740" height="380">
  <timer time="40"/>
  <creator id="2958237"/>
  <bg id="1"/>
  <springboardskin x="702" y="349" a="0" width="51" height="10.95"/>
  <springboardskin x="614" y="321" a="0" width="51" height="10.95"/>
  <springboardskin x="528" y="293" a="0" width="51" height="10.95"/>
  <springboardskin x="453" y="281" a="0" width="51" height="10.95"/>
  <springboardskin x="396" y="323" a="0" width="51" height="10.95"/>
  <springboardskin x="292" y="235" a="0" width="51" height="10.95"/>
  <springboardskin x="208" y="155" a="0" width="51" height="10.95"/>
  <carriervertical x="17" y="355" linewidth="50" lineheight="200" boxwidth="50" boxheight="20"/>
  <carrierhorizontal x="43" y="365" linewidth="300" lineheight="20" boxwidth="50" boxheight="20"/>
  <carriervertical x="117" y="355" linewidth="50" lineheight="200" boxwidth="50" boxheight="20"/>
  <carriervertical x="168" y="355" linewidth="50" lineheight="200" boxwidth="50" boxheight="20"/>
  <carriervertical x="221" y="355" linewidth="50" lineheight="200" boxwidth="50" boxheight="20"/>
  <carriervertical x="272" y="355" linewidth="50" lineheight="200" boxwidth="50" boxheight="20"/>
  <carriervertical x="322" y="368" linewidth="50" lineheight="200" boxwidth="50" boxheight="20"/>
  <carriervertical x="370" y="361" linewidth="50" lineheight="200" boxwidth="50" boxheight="20"/>
  <carrierhorizontal x="394" y="376" linewidth="300" lineheight="20" boxwidth="50" boxheight="20"/>
  <carrierhorizontal x="444" y="376" linewidth="300" lineheight="20" boxwidth="50" boxheight="20"/>
  <carrierhorizontal x="495" y="376" linewidth="300" lineheight="20" boxwidth="50" boxheight="20"/>
  <cheeseskin x="138" y="42" a="0" width="27.05" height="22"/>
  <minkskin x="588" y="349" a="0" width="36" height="27"/>
  <cheeseskin x="534" y="135" a="0" width="27.05" height="22"/>
  <littlemouse x="699" y="66" a="0" width="37.35" height="34.3"/>
</scene>