<scene width="740" height="380">
  <timer time="40"/>
  <creator id="2882307"/>
  <bg id="2"/>
  <carrierhorizontal x="38" y="76" linewidth="300" lineheight="20" boxwidth="50" boxheight="20"/>
  <carriervertical x="344" y="66" linewidth="50" lineheight="200" boxwidth="50" boxheight="20"/>
  <carriervertical x="113" y="66" linewidth="50" lineheight="200" boxwidth="50" boxheight="20"/>
  <carrierhorizontal x="138" y="74" linewidth="300" lineheight="20" boxwidth="50" boxheight="20"/>
  <carriervertical x="214" y="66" linewidth="50" lineheight="200" boxwidth="50" boxheight="20"/>
  <carrierhorizontal x="241" y="76" linewidth="300" lineheight="20" boxwidth="50" boxheight="20"/>
  <springboardskin x="211" y="59" a="0" width="51" height="10.95"/>
  <boxskin x="498" y="40" a="0" width="50" height="50"/>
  <carriervertical x="395" y="63" linewidth="50" lineheight="200" boxwidth="50" boxheight="20"/>
  <carrierhorizontal x="422" y="72" linewidth="300" lineheight="20" boxwidth="50" boxheight="20"/>
  <carriervertical x="497" y="63" linewidth="50" lineheight="200" boxwidth="50" boxheight="20"/>
  <rpointer x="399" y="53" a="0" width="40" height="33.7"/>
  <stone x="113" y="55" a="0" width="31.25" height="22.9"/>
  <carrierhorizontal x="531" y="139" linewidth="300" lineheight="20" boxwidth="50" boxheight="20"/>
  <carriervertical x="488" y="171" linewidth="50" lineheight="200" boxwidth="50" boxheight="20"/>
  <carrierhorizontal x="391" y="223" linewidth="300" lineheight="20" boxwidth="50" boxheight="20"/>
  <carrierhorizontal x="315" y="282" linewidth="300" lineheight="20" boxwidth="50" boxheight="20"/>
  <cactus x="563" y="105" a="0" width="20" height="42.55"/>
  <carrierhorizontal x="227" y="230" linewidth="300" lineheight="20" boxwidth="50" boxheight="20"/>
  <carrierhorizontal x="143" y="181" linewidth="300" lineheight="20" boxwidth="50" boxheight="20"/>
  <carrierhorizontal x="69" y="143" linewidth="300" lineheight="20" boxwidth="50" boxheight="20"/>
  <cheeseskin x="95" y="113" a="0" width="27.05" height="22"/>
  <carrierhorizontal x="404" y="324" linewidth="300" lineheight="20" boxwidth="50" boxheight="20"/>
  <carrierhorizontal x="493" y="310" linewidth="300" lineheight="20" boxwidth="50" boxheight="20"/>
  <minkskin x="515" y="277" a="-160" width="36" height="27"/>
  <littlemouse x="65" y="49" a="0" width="37.35" height="34.3"/>
</scene>