<scene width="740" height="380">
  <timer time="60"/>
  <creator id="2965874"/>
  <bg id="10"/>
  <carrierhorizontal x="35" y="-2" linewidth="300" lineheight="20" boxwidth="50" boxheight="20"/>
  <ballskin x="130" y="229" a="0" width="25" height="25"/>
  <ballskin x="79" y="303" a="0" width="25" height="25"/>
  <boxskin x="9" y="304" a="0" width="50" height="50"/>
  <rpointer x="257" y="330" a="0" width="40" height="33.7"/>
  <springboardskin x="44" y="147" a="0" width="51" height="10.95"/>
  <ground x="148" y="71.5" cx="77" cy="63" a="0" width="142" height="17"/>
  <groundblue x="386.25" y="74.25" cx="278" cy="66" a="0" width="217.5" height="17.5"/>
  <groundred x="654.25" y="97.25" cx="569" cy="86" a="0" width="171.5" height="23.5"/>
  <groundred x="656.25" y="10.275" cx="570" cy="1" a="0" width="173.5" height="19.55"/>
  <groundred x="511.75" y="83.8" cx="489" cy="77" a="0" width="46.5" height="14.6"/>
  <staticblueskin x="740" y="54" cx="734" cy="7" a="0" width="12" height="94"/>
  <carriervertical x="247" y="-18" linewidth="50" lineheight="200" boxwidth="50" boxheight="20"/>
  <groundred x="509.75" y="12.3" cx="490" cy="4" a="0" width="40.5" height="17.6"/>
  <groundred x="549.275" y="10.8" cx="530" cy="3" a="0" width="39.55" height="16.6"/>
  <ballskin x="608" y="32" a="0" width="25" height="25"/>
  <ballskin x="631" y="70" a="0" width="25" height="25"/>
  <cheeseskin x="727" y="43" a="0" width="27.05" height="22"/>
  <ballskin x="657" y="29" a="0" width="25" height="25"/>
  <ballskin x="675" y="75" a="0" width="25" height="25"/>
  <ballskin x="701" y="31" a="0" width="25" height="25"/>
  <ballskin x="717" y="72" a="0" width="25" height="25"/>
  <ballskin x="510" y="43" a="0" width="25" height="25"/>
  <littlemouse x="14" y="255" a="0" width="37.35" height="34.3"/>
  <cheeseskin x="540" y="369" a="0" width="27.05" height="22"/>
  <ballskin x="506" y="128" a="0" width="25" height="25"/>
  <ballskin x="713" y="128" a="0" width="25" height="25"/>
  <ballskin x="678" y="163" a="0" width="25" height="25"/>
  <staticredskin x="552.5" y="88.5" cx="541" cy="84" a="0" width="23" height="9"/>
  <staticblueskin x="33" y="357.5" cx="12" cy="351" a="0" width="42" height="13"/>
  <staticblueskin x="207" y="368" cx="55" cy="357" a="0" width="304" height="22"/>
  <staticblueskin x="390.5" y="366.5" cx="359" cy="359" a="0" width="63" height="15"/>
  <staticblueskin x="450" y="356" cx="423" cy="346" a="0" width="54" height="20"/>
  <staticblueskin x="549" y="358" cx="517" cy="349" a="0" width="64" height="18"/>
  <staticblueskin x="619" y="366.5" cx="585" cy="357" a="0" width="68" height="19"/>
  <springboardskin x="694" y="360" a="0" width="51" height="10.95"/>
  <groundred x="506.275" y="162.25" cx="490" cy="157" a="0" width="33.55" height="11.5"/>
  <springboardskin x="630" y="273" a="0" width="51" height="10.95"/>
  <springboardskin x="16" y="370" a="0" width="51" height="10.95"/>
  <staticskin x="710" y="197.5" cx="656" cy="190" a="0" width="108" height="15"/>
  <staticskin x="562.5" y="179" cx="532" cy="171" a="0" width="61" height="16"/>
  <staticskin x="508" y="172.5" cx="485" cy="167" a="0" width="46" height="11"/>
  <staticskin x="433.5" y="184.5" cx="384" cy="172" a="0" width="99" height="25"/>
  <staticskin x="266.5" y="196" cx="151" cy="187" a="0" width="231" height="18"/>
  <staticskin x="114" y="190.5" cx="78" cy="182" a="0" width="72" height="17"/>
  <staticskin x="43.5" y="177" cx="10" cy="165" a="0" width="67" height="24"/>
  <minkskin x="33" y="278" a="0" width="36" height="27"/>
  <staticredskin x="84" y="215" cx="1" cy="210" a="0" width="166" height="10"/>
  <staticredskin x="82.5" y="339.5" cx="-18" cy="327" a="0" width="201" height="25"/>
</scene>