<scene width="740" height="380">
  <timer time="180"/>
  <creator id="275913"/>
  <bg id="7"/>
  <staticblueskin x="104.5" y="333" cx="100" cy="285" a="0" width="9" height="96"/>
  <staticblueskin x="472.5" y="73.5" cx="461" cy="66" a="0" width="23" height="15"/>
  <staticblueskin x="513" y="94.5" cx="503" cy="85" a="0" width="20" height="19"/>
  <staticblueskin x="549.5" y="115.5" cx="541" cy="109" a="0" width="17" height="13"/>
  <staticskin x="250" y="286" cx="104" cy="282" a="0" width="292" height="8"/>
  <staticblueskin x="304" y="215.5" cx="230" cy="211" a="0" width="148" height="9"/>
  <staticblueskin x="72.5" y="206" cx="70" cy="166" a="0" width="5" height="80"/>
  <staticblueskin x="152.5" y="120" cx="103" cy="115" a="0" width="99" height="10"/>
  <staticredskin x="645" y="233" cx="640" cy="230" a="0" width="10" height="6"/>
  <staticskin x="458" y="1.5" cx="170" cy="-15" a="0" width="576" height="33"/>
  <staticblueskin x="576.5" y="137.5" cx="567" cy="131" a="0" width="19" height="13"/>
  <staticblueskin x="606.5" y="157.5" cx="599" cy="152" a="0" width="15" height="11"/>
  <minkskin x="84" y="343" a="0" width="36" height="27"/>
  <cheeseskin x="81" y="150" a="0" width="27.05" height="22"/>
  <littlemouse x="83" y="312" a="0" width="37.35" height="34.3"/>
  <staticblueskin x="50.5" y="368" cx="1" cy="359" a="0" width="99" height="18"/>
  <staticblueskin x="654" y="196.5" cx="650" cy="142" a="0" width="8" height="109"/>
  <staticblueskin x="511.5" y="242" cx="375" cy="237" a="0" width="273" height="10"/>
  <staticblueskin x="324" y="56" cx="204" cy="53" a="0" width="240" height="6"/>
  <staticblueskin x="413.5" y="301.5" cx="410" cy="230" a="0" width="7" height="143"/>
  <flowers2 x="554" y="406" a="0" width="60" height="33.45"/>
  <flowers2 x="17" y="346" a="0" width="60" height="33.45"/>
  <staticblueskin x="91.5" y="167.5" cx="89" cy="147" a="0" width="5" height="41"/>
  <staticskin x="60" y="11.5" cx="4" cy="4" a="0" width="112" height="15"/>
  <staticredskin x="2" y="356.5" cx="-2" cy="354" a="0" width="8" height="5"/>
  <flowers1 x="20" y="343" a="0" width="60" height="58.2"/>
</scene>