<scene width="740" height="380">
  <timer time="60"/>
  <creator id="2661934"/>
  <bg id="3"/>
  <springboardskin x="707" y="199" a="0" width="51" height="10.95"/>
  <springboardskin x="473" y="316" a="0" width="51" height="10.95"/>
  <springboardskin x="556" y="201" a="0" width="51" height="10.95"/>
  <springboardskin x="388" y="207" a="0" width="51" height="10.95"/>
  <springboardskin x="241" y="208" a="0" width="51" height="10.95"/>
  <springboardskin x="101" y="206" a="0" width="51" height="10.95"/>
  <springboardskin x="41" y="126" a="0" width="51" height="10.95"/>
  <springboardskin x="186" y="124" a="0" width="51" height="10.95"/>
  <springboardskin x="322" y="121" a="0" width="51" height="10.95"/>
  <springboardskin x="476" y="120" a="0" width="51" height="10.95"/>
  <springboardskin x="638" y="122" a="0" width="51" height="10.95"/>
  <springboardskin x="570" y="50" a="0" width="51" height="10.95"/>
  <springboardskin x="408" y="55" a="0" width="51" height="10.95"/>
  <springboardskin x="257" y="52" a="0" width="51" height="10.95"/>
  <springboardskin x="116" y="56" a="0" width="51" height="10.95"/>
  <minkskin x="709" y="222" a="0" width="36" height="27"/>
  <cheeseskin x="650" y="28" a="0" width="27.05" height="22"/>
  <littlemouse x="37" y="296" a="0" width="37.35" height="34.3"/>
  <springboardskin x="159" y="315" a="0" width="51" height="10.95"/>
  <springboardskin x="309" y="317" a="0" width="51" height="10.95"/>
  <springboardskin x="628" y="312" a="0" width="51" height="10.95"/>
  <springboardskin x="35" y="314" a="0" width="51" height="10.95"/>
</scene>