<scene width="740" height="380">
  <timer time="120"/>
  <creator id="580179"/>
  <bg id="4"/>
  <springboardskin x="527" y="205" a="0" width="51" height="10.95"/>
  <springboardskin x="476" y="204" a="0" width="51" height="10.95"/>
  <springboardskin x="550" y="252" a="0" width="51" height="10.95"/>
  <springboardskin x="355" y="251" a="0" width="51" height="10.95"/>
  <springboardskin x="211" y="251" a="0" width="51" height="10.95"/>
  <springboardskin x="258" y="251" a="0" width="51" height="10.95"/>
  <springboardskin x="406" y="251" a="0" width="51" height="10.95"/>
  <springboardskin x="305" y="251" a="0" width="51" height="10.95"/>
  <springboardskin x="453" y="251" a="0" width="51" height="10.95"/>
  <springboardskin x="500" y="252" a="0" width="51" height="10.95"/>
  <springboardskin x="164" y="252" a="0" width="51" height="10.95"/>
  <staticredskin x="96" y="256" cx="52" cy="250" a="0" width="88" height="12"/>
  <staticblueskin x="634" y="139.5" cx="616" cy="128" a="0" width="36" height="23"/>
  <staticblueskin x="374.5" y="137" cx="352" cy="128" a="0" width="45" height="18"/>
  <staticblueskin x="137" y="139.5" cx="113" cy="129" a="0" width="48" height="21"/>
  <springboardskin x="300" y="408" a="0" width="51" height="10.95"/>
  <rpointer x="237" y="62" a="0" width="40" height="33.7"/>
  <staticblueskin x="667.5" y="372" cx="637" cy="366" a="0" width="61" height="12"/>
  <staticblueskin x="709" y="344" cx="705" cy="326" a="0" width="8" height="36"/>
  <staticblueskin x="369.5" y="150" cx="66" cy="144" a="0" width="607" height="12"/>
  <staticblueskin x="81" y="74" cx="77" cy="68" a="0" width="8" height="12"/>
  <staticblueskin x="191.5" y="75" cx="188" cy="69" a="0" width="7" height="12"/>
  <staticblueskin x="285" y="72.5" cx="280" cy="66" a="0" width="10" height="13"/>
  <staticblueskin x="350.5" y="74" cx="347" cy="67" a="0" width="7" height="14"/>
  <staticblueskin x="446" y="74" cx="442" cy="67" a="0" width="8" height="14"/>
  <staticblueskin x="531.5" y="72.5" cx="527" cy="65" a="0" width="9" height="15"/>
  <staticblueskin x="603.5" y="72" cx="598" cy="64" a="0" width="11" height="16"/>
  <staticblueskin x="687" y="46" cx="684" cy="13" a="0" width="6" height="66"/>
  <staticblueskin x="639" y="-19" cx="636" cy="-45" a="0" width="6" height="52"/>
  <staticblueskin x="637" y="19" cx="634" cy="-5" a="0" width="6" height="48"/>
  <staticblueskin x="643.5" y="43" cx="634" cy="40" a="0" width="19" height="6"/>
  <staticblueskin x="432" y="351.5" cx="394" cy="324" a="0" width="76" height="55"/>
  <cheeseskin x="720" y="162" a="0" width="27.05" height="22"/>
  <minkskin x="725" y="365" a="0" width="36" height="27"/>
  <staticblueskin x="587" y="351.5" cx="538" cy="326" a="0" width="98" height="51"/>
  <staticblueskin x="505" y="383" cx="472" cy="376" a="0" width="66" height="14"/>
  <carriervertical x="721" y="65" linewidth="50" lineheight="200" boxwidth="50" boxheight="20"/>
  <springboardskin x="34" y="206" a="0" width="51" height="10.95"/>
  <boxskin x="299" y="293" a="0" width="50" height="50"/>
  <boxskin x="442" y="294" a="0" width="50" height="50"/>
  <boxskin x="565" y="290" a="0" width="50" height="50"/>
  <staticblueskin x="3" y="209" cx="-1" cy="33" a="0" width="8" height="352"/>
  <staticblueskin x="296.5" y="0" cx="-3" cy="-4" a="0" width="599" height="8"/>
  <staticblueskin x="351" y="88" cx="10" cy="79" a="0" width="682" height="18"/>
  <staticblueskin x="165.5" y="353.5" cx="7" cy="326" a="0" width="317" height="55"/>
  <staticblueskin x="359" y="374" cx="325" cy="368" a="0" width="68" height="12"/>
  <littlemouse x="3" y="17" a="0" width="37.35" height="34.3"/>
  <staticblueskin x="682.5" y="211.5" cx="674" cy="146" a="0" width="17" height="131"/>
  <staticblueskin x="717.5" y="279.5" cx="693" cy="275" a="0" width="49" height="9"/>
  <springboardskin x="84" y="206" a="0" width="51" height="10.95"/>
  <springboardskin x="135" y="206" a="0" width="51" height="10.95"/>
  <springboardskin x="174" y="206" a="0" width="51" height="10.95"/>
  <springboardskin x="225" y="206" a="0" width="51" height="10.95"/>
  <springboardskin x="275" y="205" a="0" width="51" height="10.95"/>
  <springboardskin x="325" y="204" a="0" width="51" height="10.95"/>
  <springboardskin x="374" y="204" a="0" width="51" height="10.95"/>
  <springboardskin x="424" y="203" a="0" width="51" height="10.95"/>
  <springboardskin x="576" y="206" a="0" width="51" height="10.95"/>
  <springboardskin x="599" y="251" a="0" width="51" height="10.95"/>
  <springboardskin x="648" y="251" a="0" width="51" height="10.95"/>
</scene>