<scene width="740" height="380">
  <timer time="60"/>
  <creator id="2661934"/>
  <bg id="4"/>
  <springboardskin x="496" y="326" a="0" width="51" height="10.95"/>
  <springboardskin x="411" y="100" a="0" width="51" height="10.95"/>
  <springboardskin x="511" y="51" a="0" width="51" height="10.95"/>
  <littlemouse x="26" y="331" a="0" width="37.35" height="34.3"/>
  <minkskin x="711" y="24" a="0" width="36" height="27"/>
  <cheeseskin x="717" y="316" a="0" width="27.05" height="22"/>
  <springboardskin x="707" y="358" a="0" width="51" height="10.95"/>
  <springboardskin x="20" y="351" a="0" width="51" height="10.95"/>
  <springboardskin x="69" y="344" a="0" width="51" height="10.95"/>
  <springboardskin x="118" y="338" a="0" width="51" height="10.95"/>
  <springboardskin x="168" y="331" a="0" width="51" height="10.95"/>
  <springboardskin x="338" y="346" a="0" width="51" height="10.95"/>
  <springboardskin x="390" y="340" a="0" width="51" height="10.95"/>
  <springboardskin x="443" y="334" a="0" width="51" height="10.95"/>
  <springboardskin x="132" y="232" a="0" width="51" height="10.95"/>
  <springboardskin x="224" y="185" a="0" width="51" height="10.95"/>
  <springboardskin x="319" y="145" a="0" width="51" height="10.95"/>
  <springboardskin x="621" y="81" a="0" width="51" height="10.95"/>
  <springboardskin x="713" y="116" a="0" width="51" height="10.95"/>
</scene>