<scene width="740" height="380">
  <timer time="60"/>
  <creator id="2148564"/>
  <bg id="2"/>
  <staticblueskin x="244.5" y="199" cx="180" cy="193" a="0" width="129" height="12"/>
  <staticblueskin x="196" y="298.5" cx="183" cy="294" a="0" width="26" height="9"/>
  <staticblueskin x="236.5" y="319" cx="225" cy="314" a="0" width="23" height="10"/>
  <staticblueskin x="620" y="79.5" cx="615" cy="47" a="0" width="10" height="65"/>
  <staticblueskin x="408" y="4.5" cx="78" cy="1" a="0" width="660" height="7"/>
  <staticblueskin x="279.5" y="340" cx="266" cy="335" a="0" width="27" height="10"/>
  <cheeseskin x="594" y="23" a="0" width="27.05" height="22"/>
  <springboardskin x="588" y="107" a="0" width="51" height="10.95"/>
  <staticskin x="645" y="174.5" cx="622" cy="168" a="0" width="46" height="13"/>
  <staticskin x="610" y="203" cx="587" cy="196" a="0" width="46" height="14"/>
  <staticskin x="556.5" y="232.5" cx="532" cy="225" a="0" width="49" height="15"/>
  <staticskin x="500" y="250.5" cx="482" cy="244" a="0" width="36" height="13"/>
  <staticblueskin x="467" y="251.5" cx="451" cy="245" a="0" width="32" height="13"/>
  <staticblueskin x="407" y="237" cx="382" cy="231" a="0" width="50" height="12"/>
  <staticblueskin x="348.5" y="216.5" cx="325" cy="210" a="0" width="47" height="13"/>
  <flowers2 x="483" y="251" a="0" width="60" height="33.45"/>
  <carriervertical x="123" y="192" linewidth="50" lineheight="100" boxwidth="50" boxheight="20"/>
  <staticskin x="535" y="367.5" cx="298" cy="363" a="0" width="474" height="9"/>
  <staticskin x="300.5" y="343.5" cx="295" cy="322" a="0" width="11" height="43"/>
  <staticskin x="363" y="344" cx="356" cy="323" a="0" width="14" height="42"/>
  <staticskin x="437" y="341.5" cx="431" cy="320" a="0" width="12" height="43"/>
  <rpointer x="54" y="27" a="0" width="40" height="33.7"/>
  <staticskin x="673.5" y="150" cx="667" cy="120" a="0" width="13" height="60"/>
  <staticskin x="615.5" y="309" cx="594" cy="303" a="0" width="43" height="12"/>
  <staticskin x="656" y="294.5" cx="633" cy="288" a="0" width="46" height="13"/>
  <staticskin x="735.5" y="247" cx="729" cy="123" a="0" width="13" height="248"/>
  <staticredskin x="711" y="356" cx="694" cy="349" a="0" width="34" height="14"/>
  <staticskin x="687.5" y="313.5" cx="680" cy="263" a="0" width="15" height="101"/>
  <minkskin x="705" y="150" a="0" width="36" height="27"/>
  <staticskin x="574" y="323" cx="554" cy="317" a="0" width="40" height="12"/>
  <staticskin x="537" y="335" cx="520" cy="330" a="0" width="34" height="10"/>
  <staticskin x="503" y="346" cx="486" cy="340" a="0" width="34" height="12"/>
  <staticblueskin x="322.5" y="86" cx="319" cy="59" a="0" width="7" height="54"/>
  <staticblueskin x="349" y="95.5" cx="345" cy="79" a="0" width="8" height="33"/>
  <staticblueskin x="238.5" y="97" cx="236" cy="81" a="0" width="5" height="32"/>
  <stone x="662" y="353" a="0" width="31.25" height="22.9"/>
  <cheeseskin x="606" y="346" a="0" width="27.05" height="22"/>
  <staticskin x="98" y="51" cx="0" cy="44" a="0" width="196" height="14"/>
  <staticredskin x="130" y="79.5" cx="126" cy="58" a="0" width="8" height="43"/>
  <staticredskin x="166" y="107" cx="126" cy="101" a="0" width="80" height="12"/>
  <littlemouse x="27" y="29" a="0" width="37.35" height="34.3"/>
  <staticskin x="212.5" y="92.5" cx="207" cy="73" a="0" width="11" height="39"/>
  <cheeseskin x="163" y="85" a="0" width="27.05" height="22"/>
  <staticblueskin x="263" y="86" cx="259" cy="60" a="0" width="8" height="52"/>
  <staticblueskin x="295" y="77.5" cx="290" cy="42" a="0" width="10" height="71"/>
  <carrierhorizontal x="615" y="413" linewidth="300" lineheight="20" boxwidth="50" boxheight="20"/>
  <staticskin x="709.5" y="126" cx="678" cy="120" a="0" width="63" height="12"/>
  <staticskin x="736.5" y="63" cx="731" cy="6" a="0" width="11" height="114"/>
  <staticblueskin x="395" y="109.5" cx="228" cy="105" a="0" width="334" height="9"/>
  <flowers1 x="214" y="107" a="0" width="60" height="58.2"/>
  <staticblueskin x="432" y="84.5" cx="428" cy="64" a="0" width="8" height="41"/>
  <staticblueskin x="471.5" y="36" cx="467" cy="4" a="0" width="9" height="64"/>
  <staticblueskin x="516" y="81" cx="511" cy="59" a="0" width="10" height="44"/>
  <staticblueskin x="564.5" y="32.5" cx="560" cy="-1" a="0" width="9" height="67"/>
  <staticblueskin x="388" y="33.5" cx="384" cy="1" a="0" width="8" height="65"/>
  <stone x="717" y="112" a="0" width="31.25" height="22.9"/>
</scene>