<scene width="740" height="380">
  <timer time="60"/>
  <creator id="1653314"/>
  <bg id="4"/>
  <minkskin x="714" y="335" a="0" width="36" height="27"/>
  <carriervertical x="535" y="14" linewidth="50" lineheight="200" boxwidth="50" boxheight="20"/>
  <carriervertical x="589" y="34" linewidth="50" lineheight="200" boxwidth="50" boxheight="20"/>
  <carriervertical x="642" y="51" linewidth="50" lineheight="200" boxwidth="50" boxheight="20"/>
  <staticblueskin x="272.5" y="172" cx="222" cy="166" a="0" width="101" height="12"/>
  <springboardskin x="421" y="351" a="0" width="51" height="10.95"/>
  <springboardskin x="451" y="350" a="0" width="51" height="10.95"/>
  <ballskin x="137" y="98" a="0" width="25" height="25"/>
  <ballskin x="293" y="147" a="0" width="25" height="25"/>
  <staticblueskin x="206.5" y="118.5" cx="169" cy="114" a="0" width="75" height="9"/>
  <staticblueskin x="134" y="118" cx="55" cy="114" a="0" width="158" height="8"/>
  <staticblueskin x="18" y="331" cx="8" cy="323" a="0" width="20" height="16"/>
  <staticskin x="93.5" y="259.5" cx="83" cy="253" a="0" width="21" height="13"/>
  <staticskin x="126" y="223" cx="115" cy="216" a="0" width="22" height="14"/>
  <staticblueskin x="374" y="237.5" cx="309" cy="233" a="0" width="130" height="9"/>
  <staticskin x="596" y="267.5" cx="498" cy="262" a="0" width="196" height="11"/>
  <staticskin x="166.5" y="200.5" cx="153" cy="192" a="0" width="27" height="17"/>
  <staticskin x="65" y="283.5" cx="54" cy="274" a="0" width="22" height="19"/>
  <staticskin x="63.5" y="163.5" cx="0" cy="160" a="0" width="127" height="7"/>
  <rpointer x="95" y="340" a="0" width="40" height="33.7"/>
  <lpointer x="160" y="338" a="0" width="40" height="33.7"/>
  <cheeseskin x="131" y="345" a="0" width="27.05" height="22"/>
  <heavyboxskin x="258" y="344" a="0" width="41.05" height="22"/>
  <heavyboxskin x="303" y="343" a="0" width="41.05" height="22"/>
  <heavyboxskin x="346" y="342" a="0" width="41.05" height="22"/>
  <ballskin x="293" y="260" a="0" width="25" height="25"/>
  <littlemouse x="684" y="342" a="0" width="37.35" height="34.3"/>
  <staticskin x="741" y="292.5" cx="736" cy="-11" a="0" width="10" height="607"/>
  <staticskin x="-1.5" y="250" cx="-8" cy="-70" a="0" width="13" height="640"/>
  <staticredskin x="503" y="230.5" cx="497" cy="85" a="0" width="12" height="291"/>
  <staticblueskin x="359" y="368.5" cx="-68" cy="355" a="0" width="854" height="27"/>
  <staticblueskin x="446.5" y="91" cx="384" cy="85" a="0" width="125" height="12"/>
  <staticskin x="357.5" y="-2" cx="-83" cy="-9" a="0" width="881" height="14"/>
  <staticredskin x="317" y="142" cx="309" cy="1" a="0" width="16" height="282"/>
  <staticblueskin x="370.5" y="141" cx="310" cy="135" a="0" width="121" height="12"/>
  <stone x="643" y="345" a="0" width="31.25" height="22.9"/>
  <staticblueskin x="433.5" y="191.5" cx="370" cy="185" a="0" width="127" height="13"/>
  <staticredskin x="181" y="221" cx="176" cy="88" a="0" width="10" height="266"/>
  <springboardskin x="216" y="351" a="0" width="51" height="10.95"/>
  <staticblueskin x="278.5" y="278.5" cx="232" cy="273" a="0" width="93" height="11"/>
  <bush x="311" y="340" a="0" width="59.4" height="32.3"/>
  <staticblueskin x="209.5" y="224" cx="176" cy="219" a="0" width="67" height="10"/>
  <springboardskin x="482" y="350" a="0" width="51" height="10.95"/>
  <staticblueskin x="668" y="311.5" cx="600" cy="308" a="0" width="136" height="7"/>
</scene>