<scene width="740" height="380">
  <timer time="60"/>
  <creator id="2272983"/>
  <bg id="2"/>
  <ballskin x="304" y="98" a="0" width="23.8" height="26.05"/>
  <ballskin x="233" y="99" a="0" width="23.8" height="26.05"/>
  <staticskin x="662" y="142.5" cx="585" cy="138" a="0" width="154" height="9"/>
  <staticskin x="635.5" y="192" cx="526" cy="189" a="0" width="219" height="6"/>
  <staticskin x="603" y="233" cx="467" cy="230" a="0" width="272" height="6"/>
  <carriervertical x="122" y="192" linewidth="50" lineheight="200" boxwidth="50" boxheight="20"/>
  <carrierhorizontal x="160" y="376" linewidth="300" lineheight="20" boxwidth="50" boxheight="20"/>
  <staticskin x="217.5" y="94.5" cx="214" cy="79" a="0" width="7" height="31"/>
  <staticskin x="251.5" y="95.5" cx="248" cy="80" a="0" width="7" height="31"/>
  <staticskin x="234.5" y="76" cx="215" cy="73" a="0" width="39" height="6"/>
  <staticskin x="287" y="96.5" cx="284" cy="82" a="0" width="6" height="29"/>
  <staticskin x="324" y="97.5" cx="321" cy="83" a="0" width="6" height="29"/>
  <staticskin x="305.5" y="78" cx="284" cy="75" a="0" width="43" height="6"/>
  <minkskin x="273" y="160" a="0" width="36" height="27"/>
  <staticskin x="279.5" y="223" cx="241" cy="219" a="0" width="77" height="8"/>
  <staticskin x="278.7" y="255.55" cx="243" cy="227" a="33" width="91" height="9"/>
  <cheeseskin x="290" y="244" a="0" width="27.05" height="22"/>
  <staticskin x="41" y="199.5" cx="-5" cy="195" a="0" width="92" height="9"/>
  <littlemouse x="657" y="130" a="0" width="37.35" height="34.3"/>
  <staticredskin x="178" y="195.5" cx="173" cy="179" a="0" width="10" height="33"/>
  <staticredskin x="192" y="238.5" cx="187" cy="227" a="0" width="10" height="23"/>
  <staticredskin x="207.5" y="273" cx="202" cy="259" a="0" width="11" height="28"/>
  <staticredskin x="234" y="295.5" cx="227" cy="287" a="0" width="14" height="17"/>
  <staticredskin x="266" y="304" cx="260" cy="295" a="0" width="12" height="18"/>
  <staticredskin x="291.5" y="302" cx="284" cy="293" a="0" width="15" height="18"/>
  <staticredskin x="326.5" y="299.5" cx="319" cy="290" a="0" width="15" height="19"/>
  <staticredskin x="348" y="278" cx="343" cy="267" a="0" width="10" height="22"/>
  <staticredskin x="362.5" y="248" cx="357" cy="236" a="0" width="11" height="24"/>
  <staticredskin x="373.5" y="210" cx="367" cy="197" a="0" width="13" height="26"/>
  <staticredskin x="376" y="175" cx="372" cy="163" a="0" width="8" height="24"/>
  <staticredskin x="376" y="143.5" cx="371" cy="134" a="0" width="10" height="19"/>
  <staticredskin x="205.5" y="72.5" cx="202" cy="61" a="0" width="7" height="23"/>
  <staticredskin x="222.5" y="53" cx="218" cy="40" a="0" width="9" height="26"/>
  <staticredskin x="243.5" y="44.5" cx="238" cy="33" a="0" width="11" height="23"/>
  <staticredskin x="266" y="38" cx="262" cy="26" a="0" width="8" height="24"/>
  <staticredskin x="287.5" y="40" cx="283" cy="28" a="0" width="9" height="24"/>
  <staticredskin x="310" y="48.5" cx="305" cy="36" a="0" width="10" height="25"/>
  <staticredskin x="326.5" y="60" cx="322" cy="46" a="0" width="9" height="28"/>
  <staticredskin x="346.5" y="73" cx="342" cy="56" a="0" width="9" height="34"/>
  <staticredskin x="369" y="94" cx="365" cy="75" a="0" width="8" height="38"/>
  <staticskin x="233.5" y="113" cx="212" cy="109" a="0" width="43" height="8"/>
  <staticskin x="305.5" y="112.5" cx="283" cy="109" a="0" width="45" height="7"/>
</scene>