<scene width="740" height="380">
  <timer time="80"/>
  <creator id="184808"/>
  <bg id="3"/>
  <groundblue x="235.575" y="69.5" cx="231" cy="46" a="0" width="10.15" height="48"/>
  <groundblue x="180" y="67.5" cx="175" cy="37" a="0" width="11" height="62"/>
  <groundblue x="128" y="63" cx="122" cy="31" a="0" width="13" height="65"/>
  <groundblue x="83" y="74.525" cx="78" cy="54" a="0" width="11" height="42.05"/>
  <minkskin x="40" y="26" a="0" width="36" height="27"/>
  <cheeseskin x="358" y="40" a="0" width="27.05" height="22"/>
  <groundblue x="359" y="60.5" cx="334" cy="56" a="0" width="51" height="10"/>
  <groundblue x="359" y="14" cx="332" cy="10" a="0" width="55" height="9"/>
  <groundblue x="524.275" y="267.75" cx="507" cy="264" a="0" width="35.55" height="8.5"/>
  <groundblue x="353.775" y="269.25" cx="336" cy="265" a="0" width="36.55" height="9.5"/>
  <groundblue x="186.775" y="271.25" cx="169" cy="268" a="0" width="36.55" height="7.5"/>
  <groundblue x="573.275" y="158.25" cx="555" cy="154" a="0" width="37.55" height="9.5"/>
  <groundblue x="410.25" y="158.825" cx="391" cy="155" a="0" width="39.5" height="8.65"/>
  <groundblue x="213.775" y="159.75" cx="196" cy="155" a="0" width="36.55" height="10.5"/>
  <groundblue x="368" y="371.5" cx="8" cy="368" a="0" width="721" height="8"/>
  <groundblue x="341.5" y="321.5" cx="6" cy="318" a="0" width="672" height="8"/>
  <groundblue x="734" y="187" cx="730" cy="1" a="0" width="9" height="373"/>
  <groundblue x="5.5" y="185" cx="1" cy="-4" a="0" width="10" height="379"/>
  <littlemouse x="29" y="351" a="0" width="37.35" height="34.3"/>
  <groundblue x="106.5" y="271" cx="40" cy="268" a="0" width="134" height="7"/>
  <groundblue x="271" y="270" cx="205" cy="266" a="0" width="133" height="9"/>
  <groundblue x="442" y="268" cx="373" cy="264" a="0" width="139" height="9"/>
  <groundblue x="638" y="266.5" cx="542" cy="261" a="0" width="193" height="12"/>
  <groundblue x="616.5" y="216.55" cx="544" cy="212" a="0" width="146" height="10.1"/>
  <groundblue x="472" y="216.5" cx="401" cy="212" a="0" width="143" height="10"/>
  <groundblue x="209" y="216" cx="16" cy="212" a="0" width="387" height="9"/>
  <groundblue x="119.5" y="159.575" cx="38" cy="155" a="0" width="164" height="10.15"/>
  <groundblue x="313" y="159.5" cx="232" cy="155" a="0" width="163" height="10"/>
  <groundblue x="494" y="159.05" cx="428" cy="154" a="0" width="133" height="11.1"/>
  <groundblue x="659.5" y="158.5" cx="591" cy="153" a="0" width="138" height="12"/>
  <groundblue x="352.5" y="108" cx="10" cy="104" a="0" width="686" height="9"/>
  <groundred x="352.5" y="101.05" cx="10" cy="96" a="0" width="686" height="11.1"/>
  <groundblue x="668.5" y="79.025" cx="664" cy="61" a="0" width="10" height="37.05"/>
  <groundblue x="600" y="62" cx="596" cy="31" a="0" width="9" height="63"/>
  <groundblue x="541.5" y="62.5" cx="538" cy="31" a="0" width="8" height="64"/>
  <groundblue x="484" y="76.025" cx="479" cy="57" a="0" width="11" height="39.05"/>
  <springboardskin x="409" y="91" a="0" width="51" height="10.95"/>
  <springboardskin x="305" y="91" a="0" width="51" height="10.95"/>
</scene>