<scene width="740" height="380">
  <timer time="180"/>
  <creator id="2514117"/>
  <bg id="0"/>
  <tree2 x="207" y="223" a="0" width="84.85" height="100"/>
  <staticredskin x="59" y="266.5" cx="11" cy="263" a="0" width="96" height="7"/>
  <staticredskin x="365" y="267.5" cx="321" cy="265" a="0" width="88" height="5"/>
  <staticredskin x="671" y="266.5" cx="633" cy="263" a="0" width="76" height="7"/>
  <littlemouse x="258" y="256" a="0" width="37.35" height="34.3"/>
  <staticblueskin x="368.5" y="274" cx="29" cy="271" a="0" width="679" height="6"/>
  <staticblueskin x="712" y="166.5" cx="709" cy="60" a="0" width="6" height="213"/>
  <staticblueskin x="23.5" y="166.5" cx="21" cy="63" a="0" width="5" height="207"/>
  <minkskin x="373" y="45" a="0" width="36" height="27"/>
  <springboardskin x="416" y="374" a="0" width="51" height="10.95"/>
  <cheeseskin x="707" y="43" a="0" width="27.05" height="22"/>
  <cheeseskin x="22" y="44" a="0" width="27.05" height="22"/>
  <springboardskin x="312" y="374" a="0" width="51" height="10.95"/>
  <springboardskin x="364" y="374" a="0" width="51" height="10.95"/>
  <rpointer x="316" y="256" a="0" width="40" height="33.7"/>
  <lpointer x="413" y="256" a="0" width="40" height="33.7"/>
  <lpointer x="107" y="253" a="0" width="40" height="33.7"/>
  <rpointer x="633" y="252" a="0" width="40" height="33.7"/>
  <tree2 x="533" y="221" a="0" width="84.85" height="100"/>
</scene>