<scene width="740" height="380">
  <timer time="80"/>
  <creator id="1157639"/>
  <bg id="8"/>
  <staticblueskin x="262" y="377" cx="149" cy="373" a="0" width="226" height="8"/>
  <staticblueskin x="252" y="341.5" cx="190" cy="338" a="0" width="124" height="7"/>
  <staticblueskin x="739" y="137" cx="736" cy="89" a="0" width="6" height="96"/>
  <staticblueskin x="674.5" y="232.5" cx="610" cy="229" a="0" width="129" height="7"/>
  <staticblueskin x="608.5" y="269.5" cx="605" cy="229" a="0" width="7" height="81"/>
  <staticblueskin x="528" y="289" cx="525" cy="234" a="0" width="6" height="110"/>
  <staticblueskin x="468" y="303.5" cx="413" cy="301" a="0" width="110" height="5"/>
  <staticblueskin x="515.5" y="367.5" cx="476" cy="364" a="0" width="79" height="7"/>
  <staticblueskin x="424.5" y="341" cx="375" cy="338" a="0" width="99" height="6"/>
  <cheeseskin x="509" y="348" a="0" width="27.05" height="22"/>
  <staticblueskin x="313.5" y="273" cx="310" cy="233" a="0" width="7" height="80"/>
  <staticblueskin x="90" y="168" cx="86" cy="142" a="0" width="8" height="52"/>
  <staticblueskin x="3.5" y="145" cx="-34" cy="141" a="0" width="75" height="8"/>
  <staticblueskin x="195.5" y="145.5" cx="124" cy="142" a="0" width="143" height="7"/>
  <staticblueskin x="169" y="201.5" cx="143" cy="198" a="0" width="52" height="7"/>
  <staticblueskin x="245" y="216.5" cx="241" cy="148" a="0" width="8" height="137"/>
  <staticblueskin x="222" y="243" cx="198" cy="239" a="0" width="48" height="8"/>
  <staticblueskin x="169" y="284" cx="145" cy="280" a="0" width="48" height="8"/>
  <staticblueskin x="183.5" y="103" cx="180" cy="64" a="0" width="7" height="78"/>
  <staticblueskin x="83" y="89" cx="62" cy="85" a="0" width="42" height="8"/>
  <staticblueskin x="180.5" y="61" cx="138" cy="57" a="0" width="85" height="8"/>
  <staticblueskin x="262" y="74.5" cx="258" cy="48" a="0" width="8" height="53"/>
  <staticblueskin x="352" y="101" cx="258" cy="97" a="0" width="188" height="8"/>
  <staticblueskin x="442.5" y="141" cx="439" cy="97" a="0" width="7" height="88"/>
  <cheeseskin x="724" y="355" a="0" width="27.05" height="22"/>
  <staticblueskin x="465.5" y="110.5" cx="440" cy="107" a="0" width="51" height="7"/>
  <staticblueskin x="411.5" y="57.5" cx="387" cy="54" a="0" width="49" height="7"/>
  <staticblueskin x="546.5" y="138" cx="543" cy="92" a="0" width="7" height="92"/>
  <staticblueskin x="475" y="183" cx="442" cy="180" a="0" width="66" height="6"/>
  <staticblueskin x="589" y="182.5" cx="545" cy="180" a="0" width="88" height="5"/>
  <staticblueskin x="699" y="378" cx="662" cy="375" a="0" width="74" height="6"/>
  <staticblueskin x="658.5" y="375" cx="654" cy="338" a="0" width="9" height="74"/>
  <staticblueskin x="737" y="334" cx="696" cy="331" a="0" width="82" height="6"/>
  <staticblueskin x="611" y="341" cx="560" cy="338" a="0" width="102" height="6"/>
  <staticblueskin x="634" y="156" cx="575" cy="153" a="0" width="118" height="6"/>
  <staticblueskin x="635.5" y="129.5" cx="631" cy="101" a="0" width="9" height="57"/>
  <littlemouse x="21" y="355" a="0" width="37.35" height="34.3"/>
  <minkskin x="465" y="140" a="0" width="36" height="27"/>
  <cheeseskin x="218" y="359" a="0" width="27.05" height="22"/>
  <staticblueskin x="74" y="377" cx="-1" cy="373" a="0" width="150" height="8"/>
  <staticblueskin x="193.5" y="367.5" cx="190" cy="339" a="0" width="7" height="57"/>
  <staticblueskin x="403" y="240" cx="366" cy="236" a="0" width="74" height="8"/>
  <rpointer x="69" y="356" a="0" width="40" height="33.7"/>
  <staticblueskin x="427.5" y="262.5" cx="367" cy="259" a="0" width="121" height="7"/>
  <staticblueskin x="369.5" y="299.5" cx="366" cy="239" a="0" width="7" height="121"/>
  <staticblueskin x="50" y="329" cx="-2" cy="326" a="0" width="104" height="6"/>
  <staticblueskin x="3.5" y="267" cx="-1" cy="209" a="0" width="9" height="116"/>
  <staticblueskin x="104.5" y="280" cx="60" cy="276" a="0" width="89" height="8"/>
  <staticblueskin x="-6" y="244.5" cx="-52" cy="240" a="0" width="92" height="9"/>
  <staticblueskin x="101.5" y="191" cx="56" cy="187" a="0" width="91" height="8"/>
  <staticblueskin x="145.5" y="233.5" cx="141" cy="187" a="0" width="9" height="93"/>
  <staticblueskin x="150.5" y="354" cx="147" cy="325" a="0" width="7" height="58"/>
  <staticblueskin x="325.5" y="178.5" cx="300" cy="176" a="0" width="51" height="5"/>
</scene>