<scene width="740" height="380">
  <timer time="40"/>
  <creator id="3010526"/>
  <bg id="4"/>
  <carriervertical x="480" y="245" linewidth="50" lineheight="200" boxwidth="50" boxheight="20"/>
  <carriervertical x="406" y="280" linewidth="50" lineheight="200" boxwidth="50" boxheight="20"/>
  <springboardskin x="289" y="358" a="0" width="51" height="10.95"/>
  <springboardskin x="223" y="337" a="0" width="51" height="10.95"/>
  <springboardskin x="147" y="361" a="0" width="51" height="10.95"/>
  <springboardskin x="33" y="361" a="0" width="51" height="10.95"/>
  <minkskin x="27" y="244" a="0" width="36" height="27"/>
  <littlemouse x="45" y="107" a="0" width="37.35" height="34.3"/>
  <cheeseskin x="703" y="82" a="0" width="27.05" height="22"/>
  <springboardskin x="702" y="356" a="0" width="51" height="10.95"/>
  <springboardskin x="634" y="339" a="0" width="51" height="10.95"/>
  <springboardskin x="558" y="307" a="0" width="51" height="10.95"/>
  <springboardskin x="704" y="199" a="0" width="51" height="10.95"/>
  <tree2 x="533" y="236" a="0" width="84.85" height="100"/>
  <tree2 x="366" y="327" a="0" width="84.85" height="100"/>
  <tree2 x="293" y="282" a="0" width="84.85" height="100"/>
  <tree2 x="175" y="285" a="0" width="84.85" height="100"/>
  <tree x="85" y="281" a="0" width="78.35" height="100"/>
  <tree x="713" y="248" a="0" width="78.35" height="100"/>
  <tree x="617" y="261" a="0" width="78.35" height="100"/>
  <tree2 x="671" y="289" a="0" width="84.85" height="100"/>
  <tree2 x="451" y="314" a="0" width="84.85" height="100"/>
  <stone x="526" y="360" a="0" width="31.25" height="22.9"/>
  <carrierhorizontal x="239" y="209" linewidth="300" lineheight="20" boxwidth="50" boxheight="20"/>
  <carrierhorizontal x="20" y="135" linewidth="300" lineheight="20" boxwidth="50" boxheight="20"/>
  <carrierhorizontal x="77" y="162" linewidth="300" lineheight="20" boxwidth="50" boxheight="20"/>
  <carrierhorizontal x="137" y="188" linewidth="300" lineheight="20" boxwidth="50" boxheight="20"/>
</scene>