<scene width="740" height="380">
  <timer time="60"/>
  <creator id="825642"/>
  <bg id="1"/>
  <tree x="300" y="316" a="0" width="78.35" height="100"/>
  <bush x="219" y="103" a="0" width="59.4" height="32.3"/>
  <flowers2 x="444" y="354" a="0" width="60" height="33.45"/>
  <bush x="693" y="346" a="0" width="59.4" height="32.3"/>
  <rpointer x="192" y="387" a="0" width="40" height="33.7"/>
  <cheeseskin x="705" y="27" a="0" width="27.05" height="22"/>
  <springboardskin x="252" y="327" a="0" width="51" height="10.95"/>
  <staticskin x="246.5" y="113" cx="173" cy="110" a="0" width="147" height="6"/>
  <cheeseskin x="284" y="163" a="0" width="27.05" height="22"/>
  <springboardskin x="57" y="166" a="0" width="51" height="10.95"/>
  <springboardskin x="109" y="328" a="0" width="51" height="10.95"/>
  <staticskin x="-10" y="48.5" cx="-89" cy="41" a="0" width="158" height="15"/>
  <minkskin x="33" y="30" a="0" width="36" height="27"/>
  <littlemouse x="536" y="347" a="0" width="37.35" height="34.3"/>
  <staticskin x="583.5" y="370" cx="427" cy="361" a="0" width="313" height="18"/>
  <staticskin x="158.5" y="371" cx="-5" cy="364" a="0" width="327" height="14"/>
  <staticskin x="374.5" y="244" cx="325" cy="110" a="0" width="99" height="268"/>
  <springboardskin x="524" y="168" a="0" width="51" height="10.95"/>
  <springboardskin x="471" y="314" a="0" width="51" height="10.95"/>
  <springboardskin x="590" y="275" a="0" width="51" height="10.95"/>
  <springboardskin x="174" y="248" a="0" width="51" height="10.95"/>
  <springboardskin x="665" y="190" a="0" width="51" height="10.95"/>
  <springboardskin x="22" y="278" a="0" width="51" height="10.95"/>
  <springboardskin x="632" y="68" a="0" width="51" height="10.95"/>
  <staticskin x="702.5" y="42" cx="677" cy="36" a="0" width="51" height="12"/>
  <flowers1 x="375" y="98" a="0" width="60" height="58.2"/>
</scene>