<scene width="740" height="546">
  <timer time="60"/>
  <creator id="1213999"/>
  <bg id="12"/>
  <staticblueskin x="623.5" y="223" cx="575" cy="219" a="0" width="97" height="8"/>
  <staticblueskin x="696" y="183" cx="649" cy="180" a="0" width="94" height="6"/>
  <staticredskin x="603.5" y="220" cx="596" cy="209" a="0" width="15" height="22"/>
  <staticblueskin x="593.5" y="134" cx="590" cy="48" a="0" width="7" height="172"/>
  <staticblueskin x="196" y="282.5" cx="188" cy="213" a="0" width="16" height="139"/>
  <staticblueskin x="251.5" y="294" cx="244" cy="202" a="0" width="15" height="184"/>
  <staticblueskin x="312.5" y="307.5" cx="309" cy="221" a="0" width="7" height="173"/>
  <staticblueskin x="379" y="323.5" cx="373" cy="247" a="0" width="12" height="153"/>
  <staticblueskin x="467.5" y="317.5" cx="463" cy="262" a="0" width="9" height="111"/>
  <staticblueskin x="426" y="326" cx="402" cy="322" a="0" width="48" height="8"/>
  <staticblueskin x="338.5" y="338.5" cx="322" cy="329" a="0" width="33" height="19"/>
  <staticblueskin x="289" y="290.5" cx="283" cy="286" a="0" width="12" height="9"/>
  <staticblueskin x="220.5" y="190" cx="210" cy="187" a="0" width="21" height="6"/>
  <staticblueskin x="527.5" y="357" cx="502" cy="353" a="0" width="51" height="8"/>
  <staticblueskin x="524.5" y="299.5" cx="514" cy="260" a="0" width="21" height="79"/>
  <staticblueskin x="673.5" y="277.5" cx="615" cy="271" a="0" width="117" height="13"/>
  <minkskin x="710" y="247" a="0" width="36" height="27"/>
  <carriervertical x="112" y="93" linewidth="50" lineheight="350" boxwidth="50" boxheight="20"/>
  <lpointer x="634" y="245" a="0" width="40" height="33.7"/>
  <lpointer x="469" y="244" a="6" width="40" height="33.7"/>
  <tree2 x="520" y="120" a="0" width="84.85" height="100"/>
  <ground x="522.5" y="172.775" cx="494" cy="167" a="0" width="57" height="11.55"/>
  <lpointer x="379" y="230" a="8" width="40" height="33.7"/>
  <lpointer x="312" y="204" a="10" width="40" height="33.7"/>
  <rpointer x="83" y="31" a="0" width="40" height="33.7"/>
  <staticskin x="481" y="375.5" cx="472" cy="373" a="0" width="18" height="5"/>
  <rpointer x="498" y="35" a="0" width="40" height="33.7"/>
  <rpointer x="625" y="31" a="105" width="40" height="33.7"/>
  <bush x="46" y="302" a="0" width="59.4" height="32.3"/>
  <staticblueskin x="49" y="294.5" cx="46" cy="275" a="0" width="6" height="39"/>
  <staticblueskin x="54" y="273.5" cx="45" cy="269" a="0" width="18" height="9"/>
  <groundblue x="51.825" y="273.15" cx="48" cy="267" a="0" width="8.65" height="13.3"/>
  <staticredskin x="68" y="274.5" cx="63" cy="271" a="0" width="10" height="7"/>
  <staticblueskin x="38" y="320.5" cx="-1" cy="318" a="0" width="78" height="5"/>
  <staticblueskin x="207" y="187.5" cx="201" cy="184" a="0" width="12" height="7"/>
  <staticblueskin x="174.5" y="159.5" cx="170" cy="155" a="0" width="9" height="9"/>
  <staticblueskin x="210" y="134" cx="205" cy="131" a="0" width="10" height="6"/>
  <staticblueskin x="156.5" y="119" cx="144" cy="114" a="0" width="25" height="10"/>
  <staticblueskin x="196.5" y="75" cx="192" cy="68" a="0" width="9" height="14"/>
  <staticblueskin x="299.5" y="111.5" cx="297" cy="46" a="0" width="5" height="131"/>
  <staticblueskin x="270" y="221.5" cx="262" cy="218" a="0" width="16" height="7"/>
  <staticblueskin x="293.5" y="255.5" cx="289" cy="252" a="0" width="9" height="7"/>
  <littlemouse x="664" y="244" a="0" width="37.35" height="34.3"/>
  <cheeseskin x="120" y="31" a="0" width="27.05" height="22"/>
  <staticblueskin x="148" y="252" cx="144" cy="121" a="0" width="8" height="262"/>
  <staticblueskin x="181.5" y="195" cx="177" cy="190" a="0" width="9" height="10"/>
  <staticblueskin x="66" y="108" cx="50" cy="103" a="0" width="32" height="10"/>
  <staticblueskin x="335" y="54" cx="71" cy="50" a="0" width="528" height="8"/>
  <staticredskin x="606.5" y="133.5" cx="599" cy="51" a="0" width="15" height="165"/>
  <staticblueskin x="592" y="307" cx="565" cy="302" a="0" width="54" height="10"/>
  <staticblueskin x="565.5" y="329.5" cx="557" cy="326" a="0" width="17" height="7"/>
  <staticblueskin x="548.5" y="295" cx="545" cy="276" a="0" width="7" height="38"/>
  <staticredskin x="653" y="113.5" cx="648" cy="48" a="0" width="10" height="131"/>
</scene>