<scene width="740" height="380">
  <timer time="60"/>
  <creator id="1729328"/>
  <bg id="7"/>
  <groundred x="197.5" y="331.025" cx="190" cy="312" a="0" width="16" height="39.05"/>
  <groundblue x="216.5" y="314.55" cx="199" cy="306" a="0" width="36" height="18.1"/>
  <flowers1 x="367" y="121" a="0" width="60" height="58.2"/>
  <bush x="388" y="405" a="0" width="59.4" height="32.3"/>
  <littlemouse x="38" y="20" a="0" width="37.35" height="34.3"/>
  <minkskin x="721" y="366" a="180" width="36" height="27"/>
  <cheeseskin x="45" y="333" a="0" width="27.05" height="22"/>
  <springboardskin x="484" y="344" a="0" width="51" height="10.95"/>
  <groundblue x="10.25" y="339.75" cx="0" cy="293" a="0" width="21.5" height="94.5"/>
  <springboardskin x="340" y="269" a="0" width="51" height="10.95"/>
  <springboardskin x="34" y="59" a="0" width="51" height="10.95"/>
  <springboardskin x="512" y="53" a="0" width="51" height="10.95"/>
  <springboardskin x="664" y="57" a="0" width="51" height="10.95"/>
  <springboardskin x="368" y="55" a="0" width="51" height="10.95"/>
  <springboardskin x="629" y="160" a="0" width="51" height="10.95"/>
  <springboardskin x="180" y="59" a="0" width="51" height="10.95"/>
  <springboardskin x="555" y="243" a="0" width="51" height="10.95"/>
  <staticredskin x="270.5" y="61" cx="264" cy="55" a="0" width="13" height="12"/>
  <staticredskin x="101" y="60" cx="95" cy="54" a="0" width="12" height="12"/>
  <staticredskin x="440" y="58.5" cx="433" cy="52" a="0" width="14" height="13"/>
  <staticredskin x="728" y="56.5" cx="719" cy="50" a="0" width="18" height="13"/>
  <flowers1 x="104" y="62" a="0" width="60" height="58.2"/>
  <flowers1 x="275" y="62" a="0" width="60" height="58.2"/>
  <flowers1 x="442" y="57" a="0" width="60" height="58.2"/>
  <flowers1 x="728" y="60" a="0" width="60" height="58.2"/>
  <flowers1 x="560" y="116" a="0" width="60" height="58.2"/>
  <rpointer x="248" y="405" a="0" width="40" height="33.7"/>
  <carriervertical x="104" y="79" linewidth="50" lineheight="200" boxwidth="50" boxheight="20"/>
  <springboardskin x="42" y="358" a="0" width="51" height="10.95"/>
  <groundblue x="65.5" y="374.5" cx="4" cy="366" a="0" width="124" height="18"/>
  <groundblue x="52" y="298.5" cx="1" cy="290" a="0" width="103" height="18"/>
  <groundblue x="136.525" y="373.5" cx="120" cy="366" a="0" width="34.05" height="16"/>
  <groundred x="151.55" y="360" cx="144" cy="338" a="0" width="16.1" height="45"/>
  <groundred x="-31" y="62.5" cx="-78" cy="55" a="0" width="95" height="16"/>
  <flowers1 x="-4" y="59" a="0" width="60" height="58.2"/>
  <groundblue x="174.5" y="345.05" cx="154" cy="336" a="0" width="42" height="19.1"/>
  <springboardskin x="113" y="357" a="0" width="51" height="10.95"/>
  <springboardskin x="574" y="373" a="0" width="51" height="10.95"/>
  <staticredskin x="229" y="60" cx="225" cy="56" a="0" width="8" height="8"/>
  <staticredskin x="317" y="59" cx="312" cy="54" a="0" width="10" height="10"/>
  <staticredskin x="140" y="63.5" cx="135" cy="58" a="0" width="10" height="11"/>
  <staticredskin x="71" y="61.5" cx="67" cy="56" a="0" width="8" height="11"/>
  <staticredskin x="408" y="60" cx="402" cy="55" a="0" width="12" height="10"/>
  <staticredskin x="474" y="59.5" cx="469" cy="54" a="0" width="10" height="11"/>
  <flowers1 x="411" y="58" a="0" width="60" height="58.2"/>
  <flowers1 x="468" y="57" a="0" width="60" height="58.2"/>
  <flowers1 x="240" y="60" a="0" width="60" height="58.2"/>
  <flowers1 x="313" y="61" a="0" width="60" height="58.2"/>
  <flowers1 x="78" y="61" a="0" width="60" height="58.2"/>
  <flowers1 x="128" y="61" a="0" width="60" height="58.2"/>
  <flowers1 x="228" y="119" a="0" width="60" height="58.2"/>
  <ballskin x="29" y="323" a="0" width="23.8" height="26.05"/>
  <heavyboxskin x="478" y="321" a="0" width="41" height="22"/>
  <ballskin x="345" y="253" a="0" width="23.8" height="26.05"/>
  <ballskin x="549" y="227" a="0" width="23.8" height="26.05"/>
  <ballskin x="629" y="143" a="0" width="23.8" height="26.05"/>
  <ballskin x="406" y="35" a="0" width="23.8" height="26.05"/>
  <ballskin x="281" y="38" a="0" width="23.8" height="26.05"/>
  <ballskin x="31" y="36" a="0" width="23.8" height="26.05"/>
  <ballskin x="173" y="21" a="0" width="23.8" height="26.05"/>
</scene>