<scene width="740" height="380">
  <timer time="40"/>
  <creator id="2937259"/>
  <bg id="4"/>
  <staticskin x="605.5" y="328.5" cx="603" cy="320" a="0" width="5" height="17"/>
  <staticskin x="610" y="324" cx="606" cy="309" a="0" width="8" height="30"/>
  <staticskin x="577.5" y="289.5" cx="567" cy="286" a="0" width="21" height="7"/>
  <staticskin x="566" y="299.5" cx="561" cy="286" a="0" width="10" height="27"/>
  <staticskin x="574.5" y="309.5" cx="562" cy="306" a="0" width="25" height="7"/>
  <staticskin x="590" y="350" cx="585" cy="329" a="0" width="10" height="42"/>
  <staticskin x="649.5" y="310.5" cx="640" cy="284" a="0" width="19" height="53"/>
  <staticskin x="649.5" y="365" cx="638" cy="354" a="0" width="23" height="22"/>
  <staticskin x="138" y="108.5" cx="-15" cy="96" a="0" width="306" height="25"/>
  <staticskin x="288" y="167.5" cx="280" cy="73" a="0" width="16" height="189"/>
  <staticskin x="220.5" y="257.5" cx="113" cy="254" a="0" width="215" height="7"/>
  <staticskin x="704.8" y="166.575" cx="790" cy="223" a="140" width="58" height="196"/>
  <springboardskin x="571" y="178" a="0" width="51" height="10.95"/>
  <boxskin x="360" y="346" a="0" width="50" height="50"/>
  <staticblueskin x="173.5" y="374" cx="-136" cy="371" a="0" width="619" height="6"/>
  <cheeseskin x="723" y="110" a="0" width="27.05" height="22"/>
  <staticskin x="110" y="232" cx="107" cy="182" a="0" width="6" height="100"/>
  <springboardskin x="251" y="251" a="0" width="51" height="10.95"/>
  <littlemouse x="36" y="80" a="0" width="37.35" height="34.3"/>
  <staticredskin x="6" y="52" cx="3" cy="-4" a="0" width="6" height="112"/>
  <carriervertical x="480" y="142" linewidth="50" lineheight="200" boxwidth="50" boxheight="20"/>
  <flowers2 x="361" y="302" a="0" width="60" height="33.45"/>
  <staticredskin x="69.5" y="363" cx="47" cy="355" a="0" width="45" height="16"/>
  <staticskin x="328.5" y="338.5" cx="322" cy="307" a="0" width="13" height="63"/>
  <springboardskin x="295" y="366" a="0" width="51" height="10.95"/>
  <springboardskin x="422" y="367" a="0" width="51" height="10.95"/>
  <staticskin x="390" y="339" cx="384" cy="306" a="0" width="12" height="66"/>
  <flowers1 x="141" y="238" a="0" width="60" height="58.2"/>
  <minkskin x="260" y="137" a="0" width="36" height="27"/>
  <cactus x="109" y="160" a="0" width="20" height="42.55"/>
  <tree2 x="200" y="324" a="0" width="84.85" height="100"/>
  <tree x="563" y="122" a="0" width="78.35" height="100"/>
  <bush x="286" y="58" a="0" width="59.4" height="32.3"/>
  <rpointer x="113" y="78" a="0" width="40" height="33.7"/>
  <stone x="72" y="345" a="0" width="31.25" height="22.9"/>
  <staticskin x="539.5" y="222" cx="517" cy="213" a="0" width="45" height="18"/>
  <staticskin x="519.5" y="249" cx="517" cy="230" a="0" width="5" height="38"/>
  <staticskin x="540.5" y="266" cx="520" cy="263" a="0" width="41" height="6"/>
  <staticskin x="591" y="240" cx="587" cy="213" a="0" width="8" height="54"/>
  <staticskin x="604" y="262" cx="587" cy="257" a="0" width="34" height="10"/>
  <staticskin x="615.5" y="234" cx="611" cy="212" a="0" width="9" height="44"/>
  <staticskin x="603.5" y="214" cx="592" cy="210" a="0" width="23" height="8"/>
  <staticskin x="653" y="233.5" cx="630" cy="229" a="0" width="46" height="9"/>
  <staticskin x="520" y="308.5" cx="516" cy="286" a="0" width="8" height="45"/>
  <staticskin x="528.5" y="310" cx="516" cy="306" a="0" width="25" height="8"/>
  <staticskin x="541" y="308" cx="538" cy="286" a="0" width="6" height="44"/>
  <staticskin x="590.5" y="311" cx="585" cy="286" a="0" width="11" height="50"/>
  <staticskin x="600" y="291" cx="588" cy="286" a="0" width="24" height="10"/>
  <staticskin x="607.5" y="303.5" cx="602" cy="289" a="0" width="11" height="29"/>
  <staticskin x="728" y="130" cx="715" cy="124" a="0" width="26" height="12"/>
  <staticskin x="608.5" y="319.5" cx="603" cy="314" a="0" width="11" height="11"/>
</scene>