<scene width="740" height="380">
  <timer time="40"/>
  <creator id="2329145"/>
  <bg id="1"/>
  <bush x="508" y="317" a="0" width="59.4" height="32.3"/>
  <bush x="468" y="326" a="0" width="59.4" height="32.3"/>
  <bush x="484" y="334" a="0" width="59.4" height="32.3"/>
  <littlemouse x="20" y="329" a="0" width="37.35" height="34.3"/>
  <groundred x="367.75" y="51.25" cx="-7" cy="-6" a="0" width="750.5" height="115.5"/>
  <groundred x="398.75" y="362.775" cx="-17" cy="349" a="0" width="832.5" height="28.55"/>
  <groundblue x="142.25" y="245.3" cx="105" cy="239" a="0" width="75.5" height="13.6"/>
  <groundblue x="291.75" y="206.25" cx="233" cy="201" a="0" width="118.5" height="11.5"/>
  <groundblue x="501.25" y="167.75" cx="432" cy="157" a="0" width="139.5" height="22.5"/>
  <groundblue x="618.775" y="186.25" cx="610" cy="182" a="0" width="18.55" height="9.5"/>
  <groundblue x="648.275" y="215.75" cx="627" cy="209" a="0" width="43.55" height="14.5"/>
  <groundblue x="679.325" y="252.3" cx="665" cy="244" a="0" width="29.65" height="17.6"/>
  <groundblue x="700.775" y="307.75" cx="683" cy="304" a="0" width="36.55" height="8.5"/>
  <groundblue x="640.25" y="307.425" cx="595" cy="304" a="0" width="91.5" height="7.85"/>
  <groundblue x="411.75" y="245.25" cx="381" cy="242" a="0" width="62.5" height="7.5"/>
  <groundblue x="388.25" y="181.75" cx="359" cy="172" a="0" width="59.5" height="20.5"/>
  <minkskin x="402" y="224" a="0" width="36" height="27"/>
  <cheeseskin x="729" y="125" a="0" width="27.05" height="22"/>
  <groundblue x="676.25" y="132.775" cx="673" cy="112" a="0" width="7.5" height="42.55"/>
  <flowers1 x="141" y="314" a="0" width="60" height="58.2"/>
  <flowers1 x="107" y="330" a="0" width="60" height="58.2"/>
  <flowers1 x="143" y="332" a="0" width="60" height="58.2"/>
  <flowers1 x="172" y="329" a="0" width="60" height="58.2"/>
  <flowers1 x="138" y="331" a="0" width="60" height="58.2"/>
  <flowers2 x="336" y="303" a="0" width="60" height="33.45"/>
  <flowers2 x="369" y="320" a="0" width="60" height="33.45"/>
  <flowers2 x="341" y="318" a="0" width="60" height="33.45"/>
  <flowers2 x="323" y="332" a="0" width="60" height="33.45"/>
  <flowers2 x="356" y="333" a="0" width="60" height="33.45"/>
  <flowers2 x="368" y="294" a="0" width="60" height="33.45"/>
  <bush x="515" y="333" a="0" width="59.4" height="32.3"/>
  <bush x="486" y="306" a="0" width="59.4" height="32.3"/>
</scene>