<scene width="740" height="380">
  <timer time="80"/>
  <creator id="2769466"/>
  <bg id="0"/>
  <ground x="373" y="371.025" cx="15" cy="363" a="0" width="716" height="16.05"/>
  <ground x="16.5" y="184.5" cx="14" cy="6" a="0" width="5" height="357"/>
  <ground x="733" y="182" cx="730" cy="5" a="0" width="6" height="354"/>
  <minkskin x="678" y="33" a="0" width="36" height="27"/>
  <groundred x="684.5" y="331.575" cx="648" cy="329" a="0" width="73" height="5.15"/>
  <ground x="62.05" y="258.5" cx="59" cy="160" a="0" width="6.1" height="197"/>
  <ground x="188.5" y="159.05" cx="65" cy="156" a="0" width="247" height="6.1"/>
  <ground x="333.5" y="259.025" cx="331" cy="241" a="0" width="5" height="36.05"/>
  <ground x="175.5" y="258" cx="66" cy="255" a="0" width="219" height="6"/>
  <ground x="253" y="210.125" cx="105" cy="207" a="0" width="296" height="6.25"/>
  <ground x="218.5" y="301" cx="93" cy="298" a="0" width="251" height="6"/>
  <ground x="463.05" y="257" cx="460" cy="151" a="0" width="6.1" height="212"/>
  <groundred x="436" y="354.525" cx="411" cy="346" a="0" width="50" height="17.05"/>
  <ground x="640.5" y="90" cx="638" cy="6" a="0" width="5" height="168"/>
  <ground x="376" y="106.5" cx="373" cy="4" a="0" width="6" height="205"/>
  <ground x="510" y="112" cx="507" cy="8" a="0" width="6" height="208"/>
  <ground x="563.575" y="262" cx="561" cy="153" a="0" width="5.15" height="218"/>
  <groundred x="543.025" y="354.5" cx="525" cy="345" a="0" width="36.05" height="19"/>
  <ground x="641.5" y="191" cx="639" cy="86" a="0" width="5" height="210"/>
  <groundred x="37" y="354.525" cx="15" cy="346" a="0" width="44" height="17.05"/>
  <ground x="61.125" y="96.5" cx="58" cy="33" a="0" width="6.25" height="127"/>
  <ground x="261" y="110" cx="144" cy="107" a="0" width="234" height="6"/>
  <ground x="175" y="66.575" cx="62" cy="64" a="0" width="226" height="5.15"/>
  <heavyboxskin x="85" y="138" a="0" width="41.05" height="22"/>
  <heavyboxskin x="260" y="349" a="0" width="41.05" height="22"/>
  <cheeseskin x="392" y="188" a="0" width="27.05" height="22"/>
  <littlemouse x="42" y="331" a="0" width="37.35" height="34.3"/>
</scene>