<scene width="740" height="380">
  <timer time="80"/>
  <creator id="2860908"/>
  <bg id="4"/>
  <cheeseskin x="712" y="339" a="0" width="27.05" height="22"/>
  <littlemouse x="56" y="136" a="0" width="37.35" height="34.3"/>
  <staticskin x="670.5" y="373.5" cx="603" cy="369" a="0" width="135" height="9"/>
  <staticskin x="572.5" y="353.5" cx="568" cy="323" a="0" width="9" height="61"/>
  <staticskin x="532" y="325" cx="526" cy="273" a="0" width="12" height="104"/>
  <staticskin x="494.5" y="303" cx="488" cy="241" a="0" width="13" height="124"/>
  <staticskin x="455.5" y="283" cx="449" cy="200" a="0" width="13" height="166"/>
  <staticskin x="405.5" y="266" cx="398" cy="168" a="0" width="15" height="196"/>
  <staticskin x="355.5" y="260" cx="352" cy="147" a="0" width="7" height="226"/>
  <staticskin x="301" y="236.5" cx="297" cy="120" a="0" width="8" height="233"/>
  <staticskin x="236" y="210" cx="230" cy="78" a="0" width="12" height="264"/>
  <staticskin x="179" y="191.5" cx="174" cy="46" a="0" width="10" height="291"/>
  <staticskin x="97" y="98.5" cx="45" cy="93" a="0" width="104" height="11"/>
  <staticskin x="51" y="158.5" cx="3" cy="155" a="0" width="96" height="7"/>
  <minkskin x="89" y="144" a="0" width="36" height="27"/>
  <cheeseskin x="716" y="344" a="0" width="27.05" height="22"/>
</scene>