<scene width="740" height="380">
  <timer time="60"/>
  <creator id="2761359"/>
  <bg id="6"/>
  <carriervertical x="94" y="120" linewidth="50" lineheight="200" boxwidth="50" boxheight="20"/>
  <groundred x="327" y="351.075" cx="248" cy="345" a="0" width="159" height="13.15"/>
  <groundblue x="230" y="213" cx="223" cy="154" a="0" width="15" height="119"/>
  <groundblue x="270.55" y="228.5" cx="263" cy="153" a="0" width="16.1" height="152"/>
  <groundblue x="310.55" y="218" cx="303" cy="152" a="0" width="16.1" height="133"/>
  <groundblue x="341.55" y="185" cx="336" cy="149" a="0" width="12.1" height="73"/>
  <carrierhorizontal x="424" y="68" linewidth="300" lineheight="20" boxwidth="50" boxheight="20"/>
  <cheeseskin x="374" y="30" a="0" width="27.05" height="22"/>
  <groundred x="410.275" y="352" cx="403" cy="346" a="0" width="15.55" height="13"/>
  <groundred x="378.5" y="-0.9500000000000002" cx="25" cy="-8" a="0" width="708" height="15.1"/>
  <groundblue x="380" y="54" cx="346" cy="49" a="0" width="69" height="11"/>
  <groundblue x="527.5" y="161" cx="502" cy="155" a="0" width="52" height="13"/>
  <groundblue x="690.5" y="106.5" cx="661" cy="101" a="0" width="60" height="12"/>
  <minkskin x="687" y="84" a="0" width="36" height="27"/>
  <groundblue x="607" y="187.5" cx="575" cy="181" a="0" width="65" height="14"/>
  <groundred x="734.75" y="180.25" cx="729" cy="-4" a="0" width="12.5" height="369.5"/>
  <groundblue x="215.5" y="367.025" cx="22" cy="357" a="0" width="388" height="21.05"/>
  <springboardskin x="604" y="174" a="0" width="51" height="10.95"/>
  <littlemouse x="48" y="34" a="0" width="37.35" height="34.3"/>
  <groundblue x="107.5" y="54.075" cx="19" cy="50" a="0" width="178" height="9.15"/>
  <groundblue x="203.05" y="58" cx="196" cy="45" a="0" width="15.1" height="27"/>
  <groundblue x="253" y="54" cx="207" cy="50" a="0" width="93" height="9"/>
  <groundblue x="290" y="78.525" cx="284" cy="58" a="0" width="13" height="42.05"/>
  <groundblue x="340.575" y="80" cx="335" cy="4" a="0" width="12.15" height="153"/>
  <ballskin x="314" y="320" a="0" width="23.8" height="26.05"/>
  <ballskin x="388" y="293" a="0" width="23.8" height="26.05"/>
  <flowers2 x="330" y="408" a="0" width="60" height="33.45"/>
  <bush x="249" y="132" a="0" width="59.4" height="32.3"/>
  <bush x="446" y="41" a="0" width="59.4" height="32.3"/>
  <groundblue x="574.25" y="372.75" cx="416" cy="367" a="0" width="317.5" height="12.5"/>
  <springboardskin x="445" y="360" a="0" width="51" height="10.95"/>
  <springboardskin x="500" y="361" a="0" width="51" height="10.95"/>
  <springboardskin x="555" y="361" a="0" width="51" height="10.95"/>
  <groundblue x="426" y="7" cx="345" cy="4" a="0" width="163" height="7"/>
  <groundblue x="233" y="150.575" cx="126" cy="145" a="0" width="215" height="12.15"/>
  <groundred x="20" y="170.5" cx="14" cy="-13" a="0" width="13" height="368"/>
  <carrierhorizontal x="603" y="405" linewidth="300" lineheight="20" boxwidth="50" boxheight="20"/>
</scene>