<scene width="740" height="380">
  <timer time="120"/>
  <creator id="2393697"/>
  <bg id="1"/>
  <boxskin x="581" y="329" a="0" width="50" height="50"/>
  <staticskin x="106.5" y="221.5" cx="-7" cy="208" a="0" width="227" height="27"/>
  <staticskin x="296.5" y="312.5" cx="219" cy="307" a="0" width="155" height="11"/>
  <springboardskin x="343" y="302" a="0" width="51" height="10.95"/>
  <springboardskin x="294" y="302" a="0" width="51" height="10.95"/>
  <springboardskin x="244" y="302" a="0" width="51" height="10.95"/>
  <stone x="168" y="197" a="0" width="31.25" height="22.9"/>
  <stone x="102" y="200" a="0" width="31.25" height="22.9"/>
  <lpointer x="200" y="195" a="0" width="40" height="33.7"/>
  <staticblueskin x="345.5" y="177.5" cx="266" cy="173" a="0" width="159" height="9"/>
  <springboardskin x="400" y="169" a="0" width="51" height="10.95"/>
  <staticskin x="545.5" y="163" cx="457" cy="158" a="0" width="177" height="10"/>
  <cheeseskin x="571" y="147" a="0" width="27.05" height="22"/>
  <staticblueskin x="300" y="366" cx="-6" cy="352" a="0" width="612" height="28"/>
  <minkskin x="703" y="325" a="0" width="36" height="27"/>
  <ground x="701" y="369.525" cx="658" cy="355" a="0" width="86" height="29.05"/>
  <rpointer x="105" y="336" a="0" width="40" height="33.7"/>
  <littlemouse x="13" y="337" a="0" width="37.35" height="34.3"/>
</scene>