<scene width="740" height="380">
  <timer time="60"/>
  <creator id="2014713"/>
  <bg id="11"/>
  <ground x="282" y="379.6" cx="79" cy="376" a="0" width="406" height="7.2"/>
  <groundred x="95.1" y="380" cx="80" cy="368" a="0" width="31.2" height="25"/>
  <cheeseskin x="19" y="304" a="0" width="27.05" height="22"/>
  <bush x="96" y="364" a="0" width="59.4" height="32.3"/>
  <bush x="37" y="356" a="0" width="59.4" height="32.3"/>
  <groundblue x="40.55" y="368.775" cx="31" cy="360" a="0" width="20.1" height="18.55"/>
  <flowers1 x="14" y="267" a="0" width="60" height="58.2"/>
  <flowers2 x="554" y="408" a="0" width="60" height="33.45"/>
  <flowers2 x="63" y="268" a="0" width="60" height="33.45"/>
  <stone x="104" y="275" a="0" width="31.25" height="22.9"/>
  <bush x="137" y="273" a="0" width="59.4" height="32.3"/>
  <carrierhorizontal x="509" y="365" linewidth="150" lineheight="20" boxwidth="50" boxheight="20"/>
  <springboardskin x="707" y="357" a="0" width="51" height="10.95"/>
  <springboardskin x="612" y="243" a="0" width="51" height="10.95"/>
  <springboardskin x="693" y="137" a="0" width="51" height="10.95"/>
  <springboardskin x="552" y="112" a="0" width="51" height="10.95"/>
  <springboardskin x="451" y="75" a="0" width="51" height="10.95"/>
  <groundblue x="285" y="2.5500000000000007" cx="132" cy="-6" a="0" width="307" height="18.1"/>
  <ground x="187.525" y="58" cx="169" cy="53" a="0" width="37.05" height="10"/>
  <minkskin x="183" y="34" a="0" width="36" height="27"/>
  <groundred x="142.5" y="60" cx="136" cy="36" a="0" width="14" height="49"/>
  <groundred x="283" y="94.5" cx="147" cy="78" a="0" width="273" height="34"/>
  <ground x="7.125" y="132" cx="4" cy="128" a="0" width="6.25" height="8"/>
  <ground x="26.575" y="107" cx="22" cy="103" a="0" width="9.15" height="8"/>
  <groundred x="23.5" y="271.075" cx="-72" cy="265" a="0" width="192" height="13.15"/>
  <ground x="102" y="184.6" cx="99" cy="181" a="0" width="6" height="7.2"/>
  <ground x="89.5" y="245.075" cx="86" cy="241" a="0" width="7" height="8.15"/>
  <ground x="102.5" y="263.05" cx="100" cy="259" a="0" width="5" height="8.1"/>
  <littlemouse x="6" y="110" a="0" width="37.35" height="34.3"/>
  <groundblue x="115" y="127.55" cx="108" cy="119" a="0" width="15" height="18.1"/>
  <ground x="107.025" y="30.575" cx="89" cy="28" a="0" width="36.05" height="5.15"/>
  <heavyboxskin x="107" y="17" a="-165" width="41" height="22"/>
  <bush x="88" y="171" a="0" width="59.4" height="32.3"/>
  <bush x="94" y="248" a="0" width="59.4" height="32.3"/>
  <cactus x="368" y="411" a="0" width="20" height="42.55"/>
  <cactus x="24" y="109" a="0" width="20" height="42.55"/>
  <carrierhorizontal x="148" y="307" linewidth="300" lineheight="20" boxwidth="50" boxheight="20"/>
  <ground x="-26.5" y="278" cx="-199" cy="275" a="0" width="345" height="6"/>
  <ground x="138.575" y="308" cx="134" cy="287" a="0" width="9.15" height="42"/>
  <ground x="300" y="328.55" cx="151" cy="324" a="0" width="298" height="9.1"/>
</scene>