<scene width="740" height="380">
  <timer time="40"/>
  <creator id="997733"/>
  <bg id="5"/>
  <cheeseskin x="279" y="146" a="0" width="27.05" height="22"/>
  <staticblueskin x="391" y="310" cx="329" cy="306" a="0" width="124" height="8"/>
  <staticblueskin x="165.1" y="178.95" cx="115" cy="53" a="-20" width="8" height="271"/>
  <staticblueskin x="145.5" y="188.475" cx="95" cy="60" a="-20" width="7" height="276"/>
  <staticblueskin x="48.349999999999994" y="188.625" cx="77" cy="49" a="13" width="7" height="285"/>
  <staticblueskin x="24.275" y="327.75" cx="4" cy="320" a="13" width="43" height="6"/>
  <staticblueskin x="100.5" y="50.5" cx="64" cy="48" a="0" width="73" height="5"/>
  <staticblueskin x="66.975" y="191.025" cx="96" cy="52" a="13" width="6" height="284"/>
  <staticblueskin x="221.5" y="187" cx="218" cy="51" a="0" width="7" height="272"/>
  <staticblueskin x="235" y="49.5" cx="221" cy="47" a="0" width="28" height="5"/>
  <staticblueskin x="232" y="325" cx="217" cy="322" a="0" width="30" height="6"/>
  <staticredskin x="153.975" y="178.85" cx="109" cy="67" a="-20" width="8" height="241"/>
  <staticredskin x="56.725" y="193.025" cx="82" cy="68" a="13" width="7" height="255"/>
  <staticredskin x="230" y="187.5" cx="226" cy="63" a="0" width="8" height="249"/>
  <staticskin x="281" y="48.5" cx="242" cy="44" a="0" width="78" height="9"/>
  <ground x="565" y="41.05" cx="562" cy="18" a="0" width="6" height="46.1"/>
  <ground x="522.125" y="41" cx="519" cy="18" a="0" width="6.25" height="46"/>
  <staticskin x="347" y="319" cx="242" cy="315" a="0" width="210" height="8"/>
  <bush x="746" y="400" a="0" width="59.4" height="32.3"/>
  <bush x="279" y="146" a="0" width="59.4" height="32.3"/>
  <rpointer x="448" y="152" a="0" width="40" height="33.7"/>
  <springboardskin x="368" y="125" a="0" width="51" height="10.95"/>
  <staticblueskin x="529.5" y="310" cx="449" cy="306" a="0" width="161" height="8"/>
  <staticskin x="530" y="318" cx="451" cy="315" a="0" width="158" height="6"/>
  <stone x="700" y="402" a="0" width="31.25" height="22.9"/>
  <tree2 x="452" y="233" a="180" width="84.85" height="100"/>
  <staticblueskin x="402.5" y="179" cx="398" cy="38" a="0" width="9" height="282"/>
  <staticblueskin x="290.5" y="173" cx="242" cy="170" a="0" width="97" height="6"/>
  <staticskin x="290" y="165.5" cx="242" cy="162" a="0" width="96" height="7"/>
  <staticskin x="290.5" y="180.5" cx="242" cy="176" a="0" width="97" height="9"/>
  <staticblueskin x="464.5" y="55" cx="443" cy="50" a="0" width="43" height="10"/>
  <staticblueskin x="444.5" y="102.5" cx="407" cy="97" a="0" width="75" height="11"/>
  <staticblueskin x="443.5" y="175" cx="407" cy="170" a="0" width="73" height="10"/>
  <staticblueskin x="483.5" y="138" cx="481" cy="97" a="0" width="5" height="82"/>
  <staticblueskin x="483.5" y="78" cx="481" cy="60" a="0" width="5" height="36"/>
  <staticblueskin x="535.525" y="188.375" cx="561" cy="67" a="13" width="5" height="248"/>
  <staticblueskin x="566.425" y="188.72499999999997" cx="522" cy="74" a="-20" width="5" height="246"/>
  <staticblueskin x="544" y="70" cx="520" cy="66" a="0" width="48" height="8"/>
  <staticblueskin x="554.5" y="243.5" cx="526" cy="241" a="0" width="57" height="5"/>
  <staticredskin x="559" y="301" cx="514" cy="298" a="0" width="90" height="6"/>
  <staticskin x="555" y="248.5" cx="525" cy="245" a="0" width="60" height="7"/>
  <ballskin x="534" y="272" a="0" width="25" height="25"/>
  <ballskin x="575" y="272" a="0" width="25" height="25"/>
  <staticblueskin x="207.2" y="309.35" cx="180" cy="315" a="-20" width="55" height="8"/>
  <minkskin x="717" y="293" a="0" width="36" height="27"/>
  <littlemouse x="104" y="27" a="0" width="37.35" height="34.3"/>
  <staticblueskin x="237" y="188" cx="233" cy="56" a="0" width="8" height="264"/>
  <staticblueskin x="282" y="58.5" cx="241" cy="53" a="0" width="82" height="11"/>
  <staticblueskin x="286.5" y="310.5" cx="243" cy="306" a="0" width="87" height="9"/>
</scene>