<scene width="740" height="380">
  <timer time="60"/>
  <creator id="920436"/>
  <bg id="4"/>
  <carrierhorizontal x="621" y="410" linewidth="300" lineheight="20" boxwidth="50" boxheight="20"/>
  <carriervertical x="514" y="185" linewidth="50" lineheight="200" boxwidth="50" boxheight="20"/>
  <staticblueskin x="433" y="170" cx="401" cy="161" a="0" width="64" height="18"/>
  <staticskin x="306" y="206" cx="231" cy="199" a="0" width="150" height="14"/>
  <staticblueskin x="173" y="246" cx="116" cy="240" a="0" width="114" height="12"/>
  <staticredskin x="149.5" y="275.5" cx="34" cy="267" a="0" width="231" height="17"/>
  <staticskin x="96.5" y="153.5" cx="57" cy="144" a="0" width="79" height="19"/>
  <staticskin x="58.5" y="209" cx="27" cy="197" a="0" width="63" height="24"/>
  <staticskin x="335" y="111.5" cx="161" cy="98" a="0" width="348" height="27"/>
  <minkskin x="702" y="231" a="0" width="36" height="27"/>
  <staticblueskin x="636" y="116.5" cx="548" cy="107" a="0" width="176" height="19"/>
  <staticblueskin x="623" y="172.5" cx="573" cy="160" a="0" width="100" height="25"/>
  <staticblueskin x="698.5" y="280" cx="663" cy="269" a="0" width="71" height="22"/>
  <littlemouse x="60" y="309" a="0" width="37.35" height="34.3"/>
  <cheeseskin x="307" y="57" a="0" width="27.05" height="22"/>
  <carrierhorizontal x="249" y="331" linewidth="300" lineheight="20" boxwidth="50" boxheight="20"/>
  <staticblueskin x="138.5" y="329" cx="29" cy="323" a="0" width="219" height="12"/>
</scene>