<scene width="740" height="380">
  <timer time="120"/>
  <creator id="2234697"/>
  <bg id="5"/>
  <springboardskin x="159" y="184" a="0" width="51" height="10.95"/>
  <springboardskin x="108" y="220" a="0" width="51" height="10.95"/>
  <springboardskin x="44" y="263" a="0" width="51" height="10.95"/>
  <springboardskin x="41" y="317" a="0" width="51" height="10.95"/>
  <staticblueskin x="254.5" y="182.5" cx="249" cy="56" a="0" width="11" height="253"/>
  <staticblueskin x="280" y="326.5" cx="273" cy="320" a="0" width="14" height="13"/>
  <staticblueskin x="317.5" y="343.5" cx="310" cy="336" a="0" width="15" height="15"/>
  <staticblueskin x="316.5" y="47.5" cx="297" cy="43" a="0" width="39" height="9"/>
  <staticblueskin x="350.5" y="321" cx="343" cy="314" a="0" width="15" height="14"/>
  <staticblueskin x="373.5" y="189.5" cx="367" cy="55" a="0" width="13" height="269"/>
  <staticblueskin x="317.5" y="369.5" cx="265" cy="367" a="0" width="105" height="5"/>
  <staticredskin x="271" y="264" cx="258" cy="260" a="0" width="26" height="8"/>
  <ground x="412.55" y="154" cx="407" cy="147" a="0" width="11.1" height="14"/>
  <ground x="435.075" y="127.5" cx="431" cy="121" a="0" width="8.15" height="13"/>
  <ground x="455.55" y="102.5" cx="450" cy="94" a="0" width="11.1" height="17"/>
  <ground x="473.55" y="75.5" cx="467" cy="66" a="0" width="13.1" height="19"/>
  <ground x="518" y="330.5" cx="479" cy="324" a="0" width="78" height="13"/>
  <ground x="522.025" y="-135.5" cx="514" cy="-289" a="0" width="16.05" height="307"/>
  <staticblueskin x="608.5" y="308.5" cx="603" cy="303" a="0" width="11" height="11"/>
  <staticblueskin x="644" y="320" cx="639" cy="313" a="0" width="10" height="14"/>
  <ground x="522.5" y="149.5" cx="515" cy="16" a="0" width="15" height="267"/>
  <staticblueskin x="677.5" y="299.5" cx="672" cy="292" a="0" width="11" height="15"/>
  <staticblueskin x="695" y="264" cx="690" cy="257" a="0" width="10" height="14"/>
  <staticblueskin x="708" y="224.5" cx="702" cy="217" a="0" width="12" height="15"/>
  <staticblueskin x="637" y="189" cx="603" cy="183" a="0" width="68" height="12"/>
  <staticblueskin x="698" y="151" cx="694" cy="145" a="0" width="8" height="12"/>
  <staticblueskin x="713.5" y="105" cx="707" cy="97" a="0" width="13" height="16"/>
  <staticblueskin x="669" y="74.5" cx="663" cy="66" a="0" width="12" height="17"/>
  <staticblueskin x="616" y="72.5" cx="606" cy="66" a="0" width="20" height="13"/>
  <springboardskin x="117" y="316" a="0" width="51" height="10.95"/>
  <springboardskin x="187" y="314" a="0" width="51" height="10.95"/>
  <flowers1 x="553" y="406" a="0" width="60" height="58.2"/>
  <flowers2 x="183" y="295" a="0" width="60" height="33.45"/>
  <flowers2 x="45" y="49" a="0" width="60" height="33.45"/>
  <stone x="375" y="404" a="0" width="31.25" height="22.9"/>
  <littlemouse x="188" y="291" a="0" width="37.35" height="34.3"/>
  <cheeseskin x="320" y="321" a="0" width="27.05" height="22"/>
  <minkskin x="639" y="46" a="0" width="36" height="27"/>
  <springboardskin x="72" y="141" a="0" width="51" height="10.95"/>
  <springboardskin x="48" y="76" a="0" width="51" height="10.95"/>
  <springboardskin x="101" y="35" a="0" width="51" height="10.95"/>
  <springboardskin x="165" y="69" a="0" width="51" height="10.95"/>
  <springboardskin x="186" y="127" a="0" width="51" height="10.95"/>
</scene>