<scene width="740" height="380">
  <timer time="60"/>
  <creator id="1892638"/>
  <bg id="6"/>
  <flowers1 x="378" y="369" a="0" width="60" height="58.2"/>
  <flowers2 x="555" y="413" a="0" width="60" height="33.45"/>
  <flowers2 x="321" y="362" a="0" width="60" height="33.45"/>
  <flowers2 x="442" y="359" a="0" width="60" height="33.45"/>
  <staticredskin x="38" y="165.5" cx="31" cy="64" a="0" width="14" height="203"/>
  <staticredskin x="85.2" y="95.625" cx="32" cy="73" a="-61" width="12" height="115"/>
  <staticredskin x="182.4" y="93.025" cx="222" cy="50" a="50" width="15" height="116"/>
  <staticredskin x="215" y="47.5" cx="212" cy="44" a="0" width="6" height="7"/>
  <staticredskin x="230" y="171" cx="222" cy="54" a="0" width="16" height="234"/>
  <staticredskin x="275.025" y="174.575" cx="310" cy="58" a="20" width="14" height="243"/>
  <staticredskin x="340.35" y="175.22499999999997" cx="366" cy="289" a="170" width="11" height="233"/>
  <staticredskin x="309" y="175" cx="288" cy="170" a="0" width="42" height="10"/>
  <staticredskin x="384" y="179.5" cx="378" cy="67" a="0" width="12" height="225"/>
  <staticredskin x="422.45" y="108.05" cx="464" cy="146" a="138" width="11" height="112"/>
  <staticredskin x="479.6" y="108.4" cx="489" cy="65" a="20" width="12" height="88"/>
  <staticredskin x="502" y="191" cx="493" cy="74" a="0" width="18" height="234"/>
  <staticredskin x="541.3" y="191.6" cx="561" cy="73" a="13" width="15" height="240"/>
  <staticredskin x="640.525" y="156.95" cx="722" cy="237" a="138" width="14" height="228"/>
  <staticredskin x="599" y="175" cx="557" cy="168" a="0" width="84" height="14"/>
  <cheeseskin x="141" y="91" a="0" width="27.05" height="22"/>
  <minkskin x="568" y="50" a="0" width="36" height="27"/>
  <littlemouse x="214" y="26" a="0" width="37.35" height="34.3"/>
</scene>