<scene width="740" height="380">
  <timer time="80"/>
  <creator id="2227835"/>
  <bg id="4"/>
  <cheeseskin x="25" y="192" a="0" width="27.05" height="22"/>
  <cheeseskin x="41" y="230" a="0" width="27.05" height="22"/>
  <springboardskin x="27" y="360" a="0" width="51" height="10.95"/>
  <staticblueskin x="580.5" y="114.5" cx="575" cy="21" a="0" width="11" height="187"/>
  <staticblueskin x="683" y="187.5" cx="678" cy="163" a="0" width="10" height="49"/>
  <staticblueskin x="653" y="167.5" cx="622" cy="162" a="0" width="62" height="11"/>
  <groundblue x="624.25" y="155.75" cx="620" cy="134" a="0" width="9.5" height="44.5"/>
  <groundblue x="654.25" y="134.3" cx="619" cy="129" a="0" width="71.5" height="11.6"/>
  <staticskin x="368.5" y="229.5" cx="365" cy="202" a="0" width="7" height="55"/>
  <carrierhorizontal x="332" y="292" linewidth="300" lineheight="20" boxwidth="50" boxheight="20"/>
  <carriervertical x="470" y="179" linewidth="50" lineheight="200" boxwidth="50" boxheight="20"/>
  <staticblueskin x="681" y="108" cx="675" cy="82" a="0" width="12" height="52"/>
  <staticredskin x="592.5" y="213.5" cx="584" cy="210" a="0" width="17" height="7"/>
  <ground x="661.5" y="81" cx="639" cy="77" a="0" width="45" height="8"/>
  <boxskin x="685" y="335" a="0" width="50" height="50"/>
  <tree2 x="191" y="172" a="0" width="84.85" height="100"/>
  <springboardskin x="132" y="360" a="0" width="51" height="10.95"/>
  <tree x="128" y="271" a="0" width="78.35" height="100"/>
  <boxskin x="685" y="286" a="0" width="50" height="50"/>
  <springboardskin x="683" y="367" a="0" width="51" height="10.95"/>
  <ground x="336.025" y="199.5" cx="326" cy="186" a="0" width="20.05" height="27"/>
  <ground x="314.075" y="227.5" cx="300" cy="211" a="0" width="28.15" height="33"/>
  <ground x="280" y="265" cx="257" cy="244" a="0" width="46" height="42"/>
  <ground x="245.5" y="307.5" cx="189" cy="285" a="0" width="113" height="45"/>
  <groundblue x="49.25" y="373.25" cx="-311" cy="364" a="0" width="721.5" height="19.5"/>
  <springboardskin x="370" y="360" a="0" width="51" height="10.95"/>
  <springboardskin x="553" y="377" a="0" width="51" height="10.95"/>
  <minkskin x="716" y="52" a="0" width="36" height="27"/>
  <ballskin x="372" y="69" a="0" width="23.8" height="26.05"/>
  <heavyboxskin x="319" y="67" a="0" width="41" height="22"/>
  <heavyboxskin x="242" y="66" a="0" width="41" height="22"/>
  <staticblueskin x="661" y="212.5" cx="631" cy="208" a="0" width="60" height="9"/>
  <ballskin x="184" y="65" a="0" width="23.8" height="26.05"/>
  <groundred x="369.25" y="6.3" cx="-15" cy="0" a="0" width="769.5" height="13.6"/>
  <groundred x="221.25" y="89.25" cx="-7" cy="80" a="0" width="457.5" height="19.5"/>
  <littlemouse x="26" y="62" a="0" width="37.35" height="34.3"/>
  <staticblueskin x="449" y="166.5" cx="368" cy="159" a="0" width="162" height="15"/>
  <staticblueskin x="536" y="110.5" cx="528" cy="45" a="0" width="16" height="131"/>
  <cheeseskin x="550" y="34" a="0" width="27.05" height="22"/>
  <ground x="356.525" y="179" cx="347" cy="167" a="0" width="19.05" height="24"/>
  <lpointer x="467" y="146" a="0" width="40" height="33.7"/>
  <staticblueskin x="657" y="25.5" cx="581" cy="20" a="0" width="152" height="11"/>
  <staticskin x="29.5" y="132" cx="-2" cy="127" a="0" width="63" height="10"/>
  <staticskin x="67" y="180" cx="62" cy="131" a="0" width="10" height="98"/>
  <staticskin x="67.5" y="243" cx="62" cy="225" a="0" width="11" height="36"/>
  <staticskin x="46" y="264" cx="20" cy="261" a="0" width="52" height="6"/>
  <cheeseskin x="23" y="154" a="0" width="27.05" height="22"/>
</scene>