<scene width="740" height="380">
  <timer time="60"/>
  <creator id="1945320"/>
  <bg id="0"/>
  <staticblueskin x="71" y="243.5" cx="66" cy="88" a="0" width="10" height="311"/>
  <staticblueskin x="87.5" y="321" cx="84" cy="262" a="0" width="7" height="118"/>
  <staticblueskin x="110.5" y="264.5" cx="85" cy="262" a="0" width="51" height="5"/>
  <staticblueskin x="133.5" y="323" cx="130" cy="263" a="0" width="7" height="120"/>
  <staticblueskin x="112" y="324.5" cx="90" cy="320" a="0" width="44" height="9"/>
  <staticblueskin x="148.5" y="321.5" cx="145" cy="261" a="0" width="7" height="121"/>
  <staticblueskin x="171.5" y="265" cx="147" cy="262" a="0" width="49" height="6"/>
  <staticblueskin x="182" y="376" cx="149" cy="372" a="0" width="66" height="8"/>
  <cheeseskin x="112" y="294" a="0" width="27.05" height="22"/>
  <staticblueskin x="251" y="267" cx="218" cy="263" a="0" width="66" height="8"/>
  <staticblueskin x="249.5" y="325.5" cx="245" cy="270" a="0" width="9" height="111"/>
  <littlemouse x="71" y="74" a="0" width="37.35" height="34.3"/>
  <staticblueskin x="326.5" y="268" cx="295" cy="263" a="0" width="63" height="10"/>
  <staticblueskin x="299" y="322" cx="295" cy="272" a="0" width="8" height="100"/>
  <staticblueskin x="323" y="326.5" cx="303" cy="322" a="0" width="40" height="9"/>
  <staticblueskin x="314" y="239" cx="311" cy="230" a="0" width="6" height="18"/>
  <staticblueskin x="343" y="239.5" cx="340" cy="230" a="0" width="6" height="19"/>
  <minkskin x="43" y="250" a="0" width="36" height="27"/>
  <staticblueskin x="381" y="324.5" cx="377" cy="264" a="0" width="8" height="121"/>
  <staticblueskin x="335.5" y="376" cx="295" cy="371" a="0" width="81" height="10"/>
  <staticredskin x="382.5" y="377" cx="377" cy="371" a="0" width="11" height="12"/>
  <staticredskin x="409.5" y="327" cx="386" cy="324" a="0" width="47" height="6"/>
  <staticblueskin x="440.5" y="328" cx="434" cy="264" a="0" width="13" height="128"/>
  <staticblueskin x="461" y="323" cx="457" cy="264" a="0" width="8" height="118"/>
  <staticblueskin x="498" y="294" cx="464" cy="310" a="-29" width="75" height="5"/>
  <staticblueskin x="545.5" y="320.5" cx="543" cy="255" a="0" width="5" height="131"/>
  <staticblueskin x="570" y="323.5" cx="548" cy="320" a="0" width="44" height="7"/>
  <staticblueskin x="596" y="321" cx="592" cy="256" a="0" width="8" height="130"/>
  <staticblueskin x="507.875" y="351.225" cx="465" cy="312" a="39" width="116" height="7"/>
  <staticblueskin x="571" y="257.5" cx="542" cy="254" a="0" width="58" height="7"/>
  <cheeseskin x="570" y="295" a="0" width="27.05" height="22"/>
  <springboardskin x="624" y="374" a="0" width="51" height="10.95"/>
  <springboardskin x="669" y="374" a="0" width="51" height="10.95"/>
  <springboardskin x="712" y="374" a="0" width="51" height="10.95"/>
  <cheeseskin x="675" y="40" a="0" width="27.05" height="22"/>
  <springboardskin x="713" y="249" a="0" width="51" height="10.95"/>
  <springboardskin x="668" y="249" a="0" width="51" height="10.95"/>
  <springboardskin x="711" y="127" a="0" width="51" height="10.95"/>
  <staticblueskin x="206" y="267" cx="201" cy="262" a="0" width="10" height="10"/>
  <staticblueskin x="278.625" y="157.1" cx="121" cy="64" a="29" width="366" height="10"/>
  <boxskin x="109" y="234" a="0" width="50" height="50"/>
  <boxskin x="110" y="181" a="0" width="50" height="50"/>
  <staticblueskin x="17" y="258" cx="14" cy="88" a="0" width="6" height="340"/>
  <staticblueskin x="44" y="270" cx="18" cy="267" a="0" width="52" height="6"/>
</scene>