<scene width="740" height="380">
  <timer time="60"/>
  <creator id="2227835"/>
  <bg id="7"/>
  <staticskin x="254" y="142.5" cx="243" cy="9" a="0" width="22" height="267"/>
  <ballskin x="160" y="357" a="0" width="25" height="25"/>
  <springboardskin x="474" y="166" a="0" width="51" height="10.95"/>
  <springboardskin x="561" y="216" a="0" width="51" height="10.95"/>
  <springboardskin x="494" y="277" a="0" width="51" height="10.95"/>
  <staticblueskin x="45" y="25.5" cx="38" cy="10" a="0" width="14" height="31"/>
  <minkskin x="20" y="29" a="0" width="36" height="27"/>
  <staticredskin x="639" y="146.5" cx="629" cy="5" a="0" width="20" height="283"/>
  <springboardskin x="343" y="371" a="0" width="51" height="10.95"/>
  <cheeseskin x="679" y="39" a="0" width="27.05" height="22"/>
  <cheeseskin x="714" y="88" a="0" width="27.05" height="22"/>
  <cheeseskin x="671" y="138" a="0" width="27.05" height="22"/>
  <cheeseskin x="720" y="175" a="0" width="27.05" height="22"/>
  <cheeseskin x="670" y="230" a="0" width="27.05" height="22"/>
  <cheeseskin x="726" y="228" a="0" width="27.05" height="22"/>
  <groundred x="640.5" y="293.5" cx="631" cy="263" a="0" width="20" height="62"/>
  <groundred x="640.525" y="307.025" cx="633" cy="296" a="0" width="16.05" height="23.05"/>
  <staticredskin x="700" y="375.5" cx="657" cy="370" a="0" width="86" height="11"/>
  <ballskin x="672" y="360" a="0" width="25" height="25"/>
  <flowers2 x="325" y="129" a="0" width="60" height="33.45"/>
  <tree x="361" y="224" a="0" width="78.35" height="100"/>
  <flowers1 x="509" y="129" a="0" width="60" height="58.2"/>
  <ballskin x="717" y="358" a="0" width="25" height="25"/>
  <boxskin x="345" y="340" a="0" width="50" height="50"/>
  <tree x="560" y="286" a="0" width="78.35" height="100"/>
  <tree2 x="385" y="89" a="0" width="84.85" height="100"/>
  <heavyboxskin x="134" y="238" a="0" width="41.05" height="22"/>
  <heavyboxskin x="167" y="187" a="0" width="41.05" height="22"/>
  <heavyboxskin x="92" y="113" a="0" width="41.05" height="22"/>
  <springboardskin x="428" y="319" a="0" width="51" height="10.95"/>
  <ground x="95.5" y="83" cx="2" cy="71" a="0" width="187" height="24"/>
  <littlemouse x="60" y="56" a="0" width="37.35" height="34.3"/>
  <groundblue x="142" y="142.525" cx="50" cy="131" a="0" width="185" height="24.05"/>
  <ground x="95" y="211" cx="0" cy="198" a="0" width="190" height="26"/>
  <groundblue x="150.5" y="270" cx="62" cy="257" a="0" width="178" height="27"/>
  <groundred x="133.5" y="378.05" cx="1" cy="371" a="0" width="266" height="15.1"/>
  <groundred x="354.5" y="0.5250000000000004" cx="-2" cy="-10" a="0" width="714" height="22.05"/>
  <cheeseskin x="501" y="33" a="0" width="27.05" height="22"/>
  <cheeseskin x="18" y="357" a="0" width="27.05" height="22"/>
  <ground x="27.05" y="332.525" cx="2" cy="323" a="0" width="50.1" height="19.05"/>
  <ground x="53.55" y="337.525" cx="46" cy="325" a="0" width="15.1" height="25.05"/>
  <springboardskin x="459" y="68" a="0" width="51" height="10.95"/>
  <springboardskin x="561" y="100" a="0" width="51" height="10.95"/>
  <ballskin x="201" y="356" a="0" width="25" height="25"/>
  <ballskin x="118" y="358" a="0" width="25" height="25"/>
</scene>