<scene width="740" height="380">
  <timer time="60"/>
  <creator id="2014713"/>
  <bg id="8"/>
  <groundblue x="551.1" y="256.125" cx="569" cy="232" a="55" width="20" height="58"/>
  <cheeseskin x="371" y="185" a="0" width="27.05" height="22"/>
  <cheeseskin x="425" y="143" a="0" width="27.05" height="22"/>
  <cheeseskin x="454" y="218" a="0" width="27.05" height="22"/>
  <groundblue x="265.5" y="276" cx="204" cy="263" a="0" width="124" height="27"/>
  <groundblue x="297" y="154.5" cx="268" cy="144" a="0" width="59" height="22"/>
  <groundblue x="212.525" y="221" cx="198" cy="153" a="0" width="30.05" height="137"/>
  <cheeseskin x="284" y="220" a="0" width="27.05" height="22"/>
  <groundblue x="267.05" y="155" cx="257" cy="144" a="0" width="21.1" height="23"/>
  <groundblue x="648" y="183.7" cx="636" cy="144" a="0" width="25" height="80.4"/>
  <boxskin x="40" y="139" a="0" width="50" height="50"/>
  <boxskin x="143" y="192" a="0" width="50" height="50"/>
  <boxskin x="548" y="47" a="0" width="50" height="50"/>
  <ballskin x="247" y="32" a="0" width="23.8" height="26.05"/>
  <ballskin x="333" y="38" a="0" width="23.8" height="26.05"/>
  <littlemouse x="33" y="65" a="0" width="37.35" height="34.3"/>
  <minkskin x="82" y="354" a="0" width="36" height="27"/>
  <staticredskin x="87" y="53.5" cx="75" cy="43" a="0" width="24" height="21"/>
  <groundblue x="562.525" y="366" cx="539" cy="345" a="0" width="48.05" height="43"/>
  <carrierhorizontal x="236" y="363" linewidth="300" lineheight="20" boxwidth="50" boxheight="20"/>
  <springboardskin x="150" y="364" a="0" width="51" height="10.95"/>
  <bush x="322" y="407" a="0" width="59.4" height="32.3"/>
  <bush x="88" y="60" a="0" width="59.4" height="32.3"/>
  <groundred x="88.675" y="76.55" cx="83" cy="68" a="0" width="12.35" height="18.1"/>
  <groundblue x="-121" y="101.5" cx="-455" cy="90" a="0" width="669" height="24"/>
  <groundblue x="362.05" y="104.05" cx="319" cy="61" a="0" width="87.1" height="87.1"/>
  <groundblue x="558.525" y="120.025" cx="510" cy="70" a="0" width="98.05" height="101.05"/>
  <groundred x="664.5" y="367.025" cx="583" cy="344" a="0" width="164" height="47.05"/>
  <ground x="713.5" y="272.575" cx="691" cy="259" a="0" width="45" height="27.15"/>
  <groundblue x="449.525" y="114.3" cx="414" cy="47" a="55" width="152" height="20"/>
  <ground x="324" y="197" cx="319" cy="147" a="0" width="10" height="100"/>
  <groundred x="436.5" y="264.5" cx="314" cy="254" a="0" width="246" height="22"/>
</scene>