<scene width="740" height="380">
  <timer time="60"/>
  <creator id="2289653"/>
  <bg id="3"/>
  <staticblueskin x="764.05" y="381.2" cx="580" cy="338" a="12" width="378" height="8"/>
  <springboardskin x="382" y="322" a="0" width="51" height="10.95"/>
  <springboardskin x="302" y="273" a="0" width="51" height="10.95"/>
  <springboardskin x="217" y="222" a="0" width="51" height="10.95"/>
  <springboardskin x="149" y="180" a="0" width="51" height="10.95"/>
  <springboardskin x="73" y="142" a="0" width="51" height="10.95"/>
  <minkskin x="22" y="54" a="0" width="36" height="27"/>
  <cheeseskin x="727" y="355" a="0" width="27.05" height="22"/>
  <flowers2 x="729" y="354" a="0" width="60" height="33.45"/>
  <cheeseskin x="710" y="119" a="0" width="27.05" height="22"/>
  <staticblueskin x="639" y="112" cx="635" cy="91" a="0" width="8" height="42"/>
  <staticblueskin x="669.5" y="137" cx="639" cy="133" a="0" width="61" height="8"/>
  <staticblueskin x="691.5" y="93.5" cx="640" cy="89" a="0" width="103" height="9"/>
  <staticblueskin x="733" y="122.5" cx="727" cy="97" a="0" width="12" height="51"/>
  <staticblueskin x="715.5" y="140.325" cx="697" cy="133" a="10" width="39" height="8"/>
  <littlemouse x="63" y="6" a="0" width="37.35" height="34.3"/>
  <springboardskin x="459" y="374" a="0" width="51" height="10.95"/>
  <staticblueskin x="89.22500000000001" y="27.675" cx="4" cy="5" a="11" width="176" height="12"/>
</scene>