<scene width="740" height="380">
  <timer time="80"/>
  <creator id="1777479"/>
  <bg id="2"/>
  <staticblueskin x="6" y="256.5" cx="-2" cy="132" a="0" width="16" height="249"/>
  <staticblueskin x="79.5" y="301.5" cx="70" cy="199" a="0" width="19" height="205"/>
  <staticblueskin x="49" y="251.5" cx="46" cy="224" a="0" width="6" height="55"/>
  <staticblueskin x="80.5" y="168.5" cx="43" cy="154" a="0" width="75" height="29"/>
  <staticblueskin x="162.5" y="302" cx="154" cy="219" a="0" width="17" height="166"/>
  <staticblueskin x="254.5" y="185.5" cx="232" cy="173" a="0" width="45" height="25"/>
  <staticblueskin x="339" y="262.5" cx="296" cy="250" a="0" width="86" height="25"/>
  <staticredskin x="418" y="237" cx="407" cy="230" a="0" width="22" height="14"/>
  <staticblueskin x="409.5" y="225" cx="407" cy="220" a="0" width="5" height="10"/>
  <springboardskin x="465" y="188" a="0" width="51" height="10.95"/>
  <cheeseskin x="526" y="141" a="0" width="27.05" height="22"/>
  <springboardskin x="577" y="191" a="0" width="51" height="10.95"/>
  <springboardskin x="642" y="138" a="0" width="51" height="10.95"/>
  <springboardskin x="683" y="251" a="0" width="51" height="10.95"/>
  <minkskin x="609" y="304" a="0" width="36" height="27"/>
  <ballskin x="469" y="160" a="0" width="25" height="25"/>
  <ballskin x="573" y="170" a="0" width="25" height="25"/>
  <ballskin x="639" y="110" a="0" width="25" height="25"/>
  <ballskin x="678" y="224" a="0" width="25" height="25"/>
  <littlemouse x="10" y="113" a="0" width="37.35" height="34.3"/>
</scene>