<scene width="740" height="380">
  <timer time="60"/>
  <creator id="2684571"/>
  <bg id="4"/>
  <tree2 x="630" y="327" a="0" width="84.85" height="100"/>
  <tree x="91" y="324" a="0" width="78.35" height="100"/>
  <cheeseskin x="371" y="54" a="0" width="27.05" height="22"/>
  <carrierhorizontal x="343" y="161" linewidth="300" lineheight="20" boxwidth="50" boxheight="20"/>
  <littlemouse x="197" y="252" a="0" width="37.35" height="34.3"/>
  <minkskin x="546" y="65" a="0" width="36" height="27"/>
  <springboardskin x="553" y="349" a="0" width="51" height="10.95"/>
  <carrierhorizontal x="431" y="339" linewidth="300" lineheight="20" boxwidth="50" boxheight="20"/>
  <staticblueskin x="205.5" y="276" cx="187" cy="261" a="0" width="37" height="30"/>
  <staticskin x="253.5" y="231.5" cx="232" cy="215" a="0" width="43" height="33"/>
  <staticredskin x="304" y="187" cx="284" cy="173" a="0" width="40" height="28"/>
  <flowers1 x="701" y="352" a="0" width="60" height="58.2"/>
  <flowers1 x="40" y="356" a="0" width="60" height="58.2"/>
</scene>