<scene width="740" height="380">
  <timer time="60"/>
  <creator id="2014713"/>
  <bg id="4"/>
  <groundred x="386.5" y="289.225" cx="381" cy="284" a="0" width="12" height="11.45"/>
  <flowers1 x="312" y="125" a="0" width="60" height="58.2"/>
  <groundred x="314.75" y="123.3" cx="309" cy="115" a="0" width="12.5" height="17.6"/>
  <flowers2 x="272" y="136" a="0" width="60" height="33.45"/>
  <groundred x="275.425" y="142.8" cx="270" cy="135" a="0" width="11.85" height="16.6"/>
  <staticblueskin x="267" y="9.5" cx="161" cy="-2" a="0" width="212" height="23"/>
  <cheeseskin x="599" y="284" a="0" width="27.05" height="22"/>
  <minkskin x="599" y="311" a="0" width="36" height="27"/>
  <littlemouse x="21" y="152" a="0" width="37.35" height="34.3"/>
  <staticblueskin x="20" y="185" cx="-5" cy="175" a="0" width="50" height="20"/>
  <staticblueskin x="155" y="166.5" cx="128" cy="148" a="0" width="54" height="37"/>
  <ground x="70.05" y="372.025" cx="48" cy="364" a="0" width="44.1" height="16.05"/>
  <tree2 x="298" y="87" a="0" width="84.85" height="100"/>
  <flowers2 x="555" y="409" a="0" width="60" height="33.45"/>
  <flowers2 x="555" y="409" a="0" width="60" height="33.45"/>
  <flowers2 x="384" y="289" a="0" width="60" height="33.45"/>
  <flowers2 x="418" y="295" a="0" width="60" height="33.45"/>
  <flowers2 x="459" y="292" a="0" width="60" height="33.45"/>
  <staticskin x="42" y="276.5" cx="38" cy="272" a="0" width="8" height="9"/>
  <staticskin x="32.5" y="312.5" cx="30" cy="310" a="0" width="5" height="5"/>
  <staticskin x="32" y="363.5" cx="27" cy="358" a="0" width="10" height="11"/>
  <staticskin x="105.5" y="362.5" cx="101" cy="355" a="0" width="9" height="15"/>
  <staticblueskin x="83.275" y="211.825" cx="65" cy="177" a="55" width="78" height="10"/>
  <springboardskin x="219" y="363" a="0" width="51" height="10.95"/>
  <springboardskin x="180" y="351" a="0" width="51" height="10.95"/>
  <springboardskin x="206" y="347" a="0" width="51" height="10.95"/>
  <springboardskin x="149" y="344" a="0" width="51" height="10.95"/>
  <springboardskin x="233" y="349" a="0" width="51" height="10.95"/>
  <springboardskin x="142" y="350" a="0" width="51" height="10.95"/>
  <springboardskin x="143" y="361" a="0" width="51" height="10.95"/>
  <springboardskin x="213" y="380" a="0" width="51" height="10.95"/>
  <springboardskin x="140" y="365" a="0" width="51" height="10.95"/>
  <groundred x="423.575" y="293.5" cx="417" cy="288" a="0" width="14.15" height="12"/>
  <groundred x="465.575" y="292" cx="459" cy="286" a="0" width="14.15" height="13"/>
</scene>