<scene width="740" height="1200">
  <timer time="60"/>
  <creator id="2940285"/>
  <bg id="11"/>
  <springboardskin x="273" y="613" a="0" width="51" height="10.95"/>
  <springboardskin x="565" y="592" a="0" width="51" height="10.95"/>
  <springboardskin x="426" y="658" a="0" width="51" height="10.95"/>
  <ballskin x="496" y="730" a="0" width="23.8" height="26.05"/>
  <ground x="645.5" y="741.525" cx="551" cy="733" a="0" width="189" height="17.05"/>
  <cheeseskin x="15" y="1148" a="0" width="27.05" height="22"/>
  <staticskin x="79.5" y="1173" cx="7" cy="1170" a="0" width="145" height="6"/>
  <springboardskin x="741" y="1140" a="0" width="51" height="10.95"/>
  <springboardskin x="36" y="554" a="0" width="51" height="10.95"/>
  <springboardskin x="60" y="642" a="0" width="51" height="10.95"/>
  <springboardskin x="62" y="729" a="0" width="51" height="10.95"/>
  <springboardskin x="227" y="687" a="0" width="51" height="10.95"/>
  <springboardskin x="154" y="639" a="0" width="51" height="10.95"/>
  <springboardskin x="376" y="574" a="0" width="51" height="10.95"/>
  <springboardskin x="555" y="549" a="0" width="51" height="10.95"/>
  <springboardskin x="468" y="618" a="0" width="51" height="10.95"/>
  <bush x="678" y="151" a="0" width="59.4" height="32.3"/>
  <cheeseskin x="679" y="154" a="0" width="27.05" height="22"/>
  <tree x="677" y="166" a="0" width="78.35" height="100"/>
  <bush x="507" y="299" a="0" width="59.4" height="32.3"/>
  <cactus x="683" y="149" a="0" width="20" height="42.55"/>
  <cactus x="372" y="413" a="0" width="20" height="42.55"/>
  <cactus x="684" y="155" a="0" width="20" height="42.55"/>
  <tree2 x="489" y="305" a="0" width="84.85" height="100"/>
  <tree2 x="430" y="303" a="0" width="84.85" height="100"/>
  <lpointer x="133" y="227" a="44" width="40" height="33.7"/>
  <staticblueskin x="119.5" y="149" cx="59" cy="144" a="0" width="121" height="10"/>
  <staticblueskin x="145" y="39" cx="120" cy="36" a="0" width="50" height="6"/>
  <staticblueskin x="179.5" y="53" cx="176" cy="42" a="0" width="7" height="22"/>
  <staticblueskin x="206" y="74.5" cx="180" cy="70" a="0" width="52" height="9"/>
  <staticblueskin x="241.5" y="92.5" cx="234" cy="72" a="0" width="15" height="41"/>
  <staticblueskin x="264.5" y="118" cx="241" cy="114" a="0" width="47" height="8"/>
  <staticblueskin x="295" y="134" cx="288" cy="115" a="0" width="14" height="38"/>
  <staticblueskin x="316.5" y="160" cx="290" cy="156" a="0" width="53" height="8"/>
  <staticblueskin x="352.5" y="165.5" cx="345" cy="153" a="0" width="15" height="25"/>
  <staticblueskin x="380.5" y="189" cx="354" cy="184" a="0" width="53" height="10"/>
  <staticblueskin x="407.5" y="206.5" cx="404" cy="195" a="0" width="7" height="23"/>
  <staticblueskin x="413.5" y="251" cx="405" cy="220" a="0" width="17" height="62"/>
  <staticblueskin x="6" y="41" cx="1" cy="6" a="0" width="10" height="70"/>
  <minkskin x="34" y="17" a="0" width="36" height="27"/>
  <staticblueskin x="56" y="71.5" cx="18" cy="66" a="0" width="76" height="11"/>
  <staticblueskin x="100" y="89.5" cx="95" cy="72" a="0" width="10" height="35"/>
  <staticblueskin x="135" y="118" cx="105" cy="112" a="0" width="60" height="12"/>
  <staticblueskin x="173" y="140" cx="166" cy="122" a="0" width="14" height="36"/>
  <staticblueskin x="190.5" y="166.5" cx="168" cy="161" a="0" width="45" height="11"/>
  <staticblueskin x="221" y="175.5" cx="217" cy="161" a="0" width="8" height="29"/>
  <groundblue x="249" y="209.525" cx="217" cy="200" a="0" width="65" height="20.05"/>
  <staticskin x="276.5" y="231.5" cx="273" cy="220" a="0" width="7" height="23"/>
  <springboardskin x="516" y="223" a="0" width="51" height="10.95"/>
  <springboardskin x="382" y="290" a="0" width="51" height="10.95"/>
  <staticblueskin x="276" y="278.5" cx="273" cy="248" a="0" width="6" height="61"/>
  <staticblueskin x="-10.5" y="213.5" cx="-32" cy="82" a="0" width="43" height="263"/>
  <flowers1 x="511" y="358" a="0" width="60" height="58.2"/>
  <staticblueskin x="473" y="259" cx="430" cy="247" a="0" width="86" height="24"/>
  <cheeseskin x="732" y="11" a="0" width="27.05" height="22"/>
  <staticredskin x="697.45" y="33.224999999999994" cx="754" cy="55" a="122" width="23" height="119"/>
  <staticblueskin x="237.5" y="380.5" cx="226" cy="377" a="0" width="23" height="7"/>
  <staticblueskin x="279.5" y="225" cx="273" cy="221" a="0" width="13" height="8"/>
  <staticblueskin x="78.5" y="276.5" cx="74" cy="228" a="0" width="9" height="97"/>
  <staticblueskin x="212" y="305" cx="151" cy="300" a="0" width="122" height="10"/>
  <staticblueskin x="156" y="249.5" cx="84" cy="242" a="0" width="144" height="15"/>
  <staticredskin x="596.025" y="82.275" cx="647" cy="2" a="120" width="190" height="8"/>
  <staticblueskin x="312.5" y="254" cx="280" cy="251" a="0" width="65" height="6"/>
  <carriervertical x="674" y="75" linewidth="50" lineheight="350" boxwidth="50" boxheight="20"/>
  <tree2 x="613" y="305" a="0" width="84.85" height="100"/>
  <tree2 x="551" y="304" a="0" width="84.85" height="100"/>
  <springboardskin x="435" y="79" a="0" width="51" height="10.95"/>
  <staticblueskin x="549.5" y="58.5" cx="475" cy="23" a="0" width="149" height="71"/>
  <littlemouse x="510" y="1172" a="0" width="37.35" height="34.3"/>
  <staticblueskin x="501.5" y="1196" cx="451" cy="1188" a="0" width="101" height="16"/>
  <staticblueskin x="538.5" y="384.5" cx="444" cy="378" a="0" width="189" height="13"/>
  <staticblueskin x="456" y="405" cx="449" cy="378" a="0" width="14" height="54"/>
  <staticblueskin x="431" y="438.5" cx="410" cy="433" a="0" width="42" height="11"/>
  <springboardskin x="601" y="1146" a="0" width="51" height="10.95"/>
  <springboardskin x="426" y="1151" a="0" width="51" height="10.95"/>
  <springboardskin x="276" y="1153" a="0" width="51" height="10.95"/>
  <springboardskin x="201" y="1018" a="0" width="51" height="10.95"/>
  <springboardskin x="465" y="963" a="0" width="51" height="10.95"/>
  <springboardskin x="288" y="866" a="0" width="51" height="10.95"/>
  <springboardskin x="497" y="748" a="0" width="51" height="10.95"/>
  <springboardskin x="33" y="775" a="0" width="51" height="10.95"/>
  <springboardskin x="330" y="724" a="0" width="51" height="10.95"/>
  <springboardskin x="176" y="576" a="0" width="51" height="10.95"/>
</scene>