<scene width="740" height="380">
  <timer time="80"/>
  <creator id="392048"/>
  <bg id="7"/>
  <minkskin x="19" y="48" a="0" width="36" height="27"/>
  <littlemouse x="18" y="354" a="0" width="37.35" height="34.3"/>
  <staticskin x="53" y="375.5" cx="-3" cy="372" a="0" width="112" height="7"/>
  <ground x="227" y="109.5" cx="224" cy="62" a="0" width="6" height="95"/>
  <groundred x="708.675" y="116.2" cx="738" cy="101" a="70" width="9.5" height="66.5"/>
  <groundblue x="630.425" y="170.525" cx="592" cy="115" a="50" width="135.5" height="13.5"/>
  <cheeseskin x="707" y="78" a="0" width="27.05" height="22"/>
  <springboardskin x="568" y="115" a="0" width="51" height="10.95"/>
  <staticskin x="636.5" y="99" cx="629" cy="95" a="0" width="15" height="8"/>
  <staticredskin x="694.575" y="39.900000000000006" cx="734" cy="36" a="170" width="79" height="6"/>
  <staticskin x="413" y="4.5" cx="103" cy="1" a="0" width="620" height="7"/>
  <ground x="684.925" y="272.625" cx="634" cy="295" a="-110" width="7.2" height="111"/>
  <springboardskin x="587" y="325" a="0" width="51" height="10.95"/>
  <carrierhorizontal x="113" y="367" linewidth="600" lineheight="20" boxwidth="50" boxheight="20"/>
  <staticblueskin x="370" y="162.5" cx="224" cy="160" a="0" width="292" height="5"/>
  <springboardskin x="517" y="218" a="0" width="51" height="10.95"/>
  <boxskin x="257" y="134" a="0" width="50" height="50"/>
  <ground x="112" y="64.575" cx="1" cy="62" a="0" width="222" height="5.15"/>
</scene>