<scene width="740" height="380">
  <timer time="80"/>
  <creator id="1524341"/>
  <bg id="1"/>
  <staticblueskin x="524.5" y="274.5" cx="372" cy="269" a="0" width="305" height="11"/>
  <staticblueskin x="591.5" y="224.5" cx="439" cy="219" a="0" width="305" height="11"/>
  <staticblueskin x="529.5" y="166" cx="375" cy="161" a="0" width="309" height="10"/>
  <staticblueskin x="597" y="110.5" cx="443" cy="105" a="0" width="308" height="11"/>
  <staticblueskin x="531" y="55" cx="376" cy="50" a="0" width="310" height="10"/>
  <staticredskin x="384" y="377" cx="305" cy="374" a="0" width="158" height="6"/>
  <cheeseskin x="415" y="29" a="0" width="27.05" height="22"/>
  <littlemouse x="109" y="23" a="0" width="37.35" height="34.3"/>
  <minkskin x="25" y="27" a="0" width="36" height="27"/>
  <staticblueskin x="70" y="63" cx="2" cy="50" a="0" width="136" height="26"/>
  <staticblueskin x="145" y="211.5" cx="140" cy="42" a="0" width="10" height="339"/>
  <staticredskin x="178" y="380" cx="132" cy="375" a="0" width="92" height="10"/>
  <staticblueskin x="298" y="211" cx="292" cy="42" a="0" width="12" height="338"/>
  <staticblueskin x="286" y="147" cx="267" cy="142" a="0" width="38" height="10"/>
  <staticblueskin x="198" y="29" cx="192" cy="-267" a="0" width="12" height="592"/>
  <staticblueskin x="218" y="197.5" cx="197" cy="192" a="0" width="42" height="11"/>
  <staticblueskin x="219.5" y="296" cx="197" cy="292" a="0" width="45" height="8"/>
  <staticblueskin x="282.5" y="245.5" cx="261" cy="241" a="0" width="43" height="9"/>
  <staticblueskin x="278.5" y="343" cx="256" cy="339" a="0" width="45" height="8"/>
  <staticblueskin x="221.5" y="97.5" cx="195" cy="94" a="0" width="53" height="7"/>
  <staticblueskin x="284.5" y="47" cx="265" cy="43" a="0" width="39" height="8"/>
  <staticblueskin x="237.5" y="379" cx="214" cy="373" a="0" width="47" height="12"/>
  <staticblueskin x="280" y="2.5" cx="194" cy="-2" a="0" width="172" height="9"/>
  <staticblueskin x="135.5" y="-1" cx="75" cy="-7" a="0" width="121" height="12"/>
  <rpointer x="398" y="308" a="0" width="40" height="33.7"/>
  <tree x="561" y="413" a="0" width="78.35" height="100"/>
  <flowers2 x="30" y="364" a="0" width="60" height="33.45"/>
  <flowers2 x="100" y="362" a="0" width="60" height="33.45"/>
  <flowers1 x="407" y="143" a="0" width="60" height="58.2"/>
  <staticblueskin x="365" y="62.5" cx="358" cy="-192" a="0" width="14" height="509"/>
  <staticblueskin x="589" y="330.5" cx="425" cy="323" a="0" width="328" height="15"/>
</scene>