<scene width="740" height="380">
  <timer time="60"/>
  <creator id="2968640"/>
  <bg id="4"/>
  <groundblue x="186" y="304.5" cx="180" cy="216" a="0" width="13" height="178"/>
  <groundblue x="217.5" y="283" cx="212" cy="183" a="0" width="12" height="201"/>
  <groundblue x="246.5" y="304" cx="240" cy="219" a="0" width="14" height="171"/>
  <groundblue x="281.575" y="285" cx="275" cy="184" a="0" width="14.15" height="203"/>
  <groundblue x="312.5" y="269.5" cx="305" cy="150" a="0" width="16" height="240"/>
  <groundblue x="348.575" y="286" cx="342" cy="191" a="0" width="14.15" height="191"/>
  <groundblue x="388.5" y="255" cx="382" cy="124" a="0" width="14" height="263"/>
  <groundblue x="428" y="278" cx="423" cy="175" a="0" width="11" height="207"/>
  <groundblue x="471.05" y="251" cx="466" cy="113" a="0" width="11.1" height="277"/>
  <groundblue x="501.05" y="269.5" cx="495" cy="151" a="0" width="13.1" height="238"/>
  <groundblue x="540.05" y="253" cx="535" cy="114" a="0" width="11.1" height="279"/>
  <groundblue x="570.575" y="241.5" cx="566" cy="89" a="0" width="10.15" height="306"/>
  <groundblue x="590.6" y="221" cx="585" cy="56" a="0" width="12.2" height="331"/>
  <groundblue x="605.05" y="244" cx="600" cy="73" a="0" width="11.1" height="343"/>
  <groundblue x="644.5" y="254" cx="639" cy="107" a="0" width="12" height="295"/>
  <groundred x="70.75" y="300.325" cx="66" cy="295" a="0" width="10.5" height="11.65"/>
  <carriervertical x="637" y="393" linewidth="50" lineheight="200" boxwidth="50" boxheight="20"/>
  <carriervertical x="684" y="170" linewidth="50" lineheight="200" boxwidth="50" boxheight="20"/>
  <ballskin x="262" y="240" a="0" width="25" height="25"/>
  <groundred x="63.67499999999999" y="56.475" cx="128" cy="11" a="140" width="158" height="14"/>
  <groundred x="70.5" y="11" cx="11" cy="5" a="0" width="120" height="13"/>
  <ballskin x="49" y="38" a="0" width="25" height="25"/>
  <springboardskin x="45" y="374" a="0" width="51" height="10.95"/>
  <minkskin x="687" y="351" a="0" width="36" height="27"/>
  <groundblue x="449.75" y="263.25" cx="445" cy="144" a="0" width="10.5" height="239.5"/>
  <cheeseskin x="385" y="108" a="0" width="27.05" height="22"/>
  <littlemouse x="39" y="312" a="0" width="37.35" height="34.3"/>
  <rpointer x="217" y="167" a="0" width="40" height="33.7"/>
  <flowers1 x="307" y="139" a="0" width="60" height="58.2"/>
  <flowers1 x="591" y="47" a="0" width="60" height="58.2"/>
  <tree2 x="495" y="101" a="0" width="84.85" height="100"/>
  <flowers2 x="245" y="206" a="0" width="60" height="33.45"/>
  <groundblue x="79.05" y="314.5" cx="70" cy="243" a="0" width="19.1" height="144"/>
  <groundblue x="117.5" y="308" cx="112" cy="223" a="0" width="12" height="171"/>
  <staticblueskin x="35.5" y="350" cx="12" cy="330" a="0" width="47" height="40"/>
  <ground x="3.5" y="170" cx="-5" cy="5" a="0" width="17" height="330"/>
  <ground x="357.5" y="4" cx="-6" cy="0" a="0" width="727" height="8"/>
  <ground x="729.55" y="147" cx="723" cy="-21" a="0" width="13.1" height="336"/>
  <ground x="731.025" y="344" cx="724" cy="303" a="0" width="14.05" height="82"/>
  <groundblue x="157" y="285" cx="152" cy="184" a="0" width="11" height="203"/>
</scene>