<scene width="740" height="380">
  <timer time="60"/>
  <creator id="2928235"/>
  <bg id="0"/>
  <staticblueskin x="405" y="292" cx="398" cy="288" a="0" width="14" height="8"/>
  <springboardskin x="226" y="359" a="0" width="51" height="10.95"/>
  <stone x="112" y="359" a="0" width="31.25" height="22.9"/>
  <stone x="144" y="357" a="0" width="31.25" height="22.9"/>
  <cheeseskin x="128" y="358" a="0" width="27.05" height="22"/>
  <tree2 x="86" y="320" a="0" width="84.85" height="100"/>
  <staticredskin x="337" y="379.5" cx="322" cy="377" a="0" width="30" height="5"/>
  <flowers1 x="113" y="116" a="0" width="60" height="58.2"/>
  <flowers1 x="306" y="164" a="0" width="60" height="58.2"/>
  <flowers1 x="111" y="224" a="0" width="60" height="58.2"/>
  <staticblueskin x="370.5" y="248.5" cx="364" cy="244" a="0" width="13" height="9"/>
  <staticskin x="413.5" y="211" cx="398" cy="205" a="0" width="31" height="12"/>
  <staticskin x="464" y="185.5" cx="444" cy="178" a="0" width="40" height="15"/>
  <springboardskin x="517" y="168" a="0" width="51" height="10.95"/>
  <springboardskin x="576" y="169" a="0" width="51" height="10.95"/>
  <minkskin x="540" y="83" a="0" width="36" height="27"/>
  <stone x="129" y="363" a="0" width="31.25" height="22.9"/>
  <ground x="503.525" y="85.5" cx="491" cy="56" a="0" width="25.05" height="59"/>
  <ground x="579" y="85" cx="567" cy="55" a="0" width="24" height="60"/>
  <littlemouse x="318" y="70" a="0" width="37.35" height="34.3"/>
  <tree x="588" y="321" a="0" width="78.35" height="100"/>
  <bush x="337" y="372" a="0" width="59.4" height="32.3"/>
  <cactus x="457" y="159" a="0" width="20" height="42.55"/>
  <rpointer x="496" y="338" a="0" width="40" height="33.7"/>
  <staticskin x="628.5" y="299.5" cx="614" cy="277" a="0" width="29" height="45"/>
  <staticskin x="659.5" y="383.5" cx="618" cy="371" a="0" width="83" height="25"/>
  <bush x="716" y="363" a="0" width="59.4" height="32.3"/>
  <bush x="461" y="239" a="0" width="59.4" height="32.3"/>
  <heavyboxskin x="431" y="412" a="0" width="41" height="22"/>
  <tree x="666" y="320" a="0" width="78.35" height="100"/>
  <rpointer x="251" y="415" a="0" width="40" height="33.7"/>
  <lpointer x="262" y="68" a="0" width="40" height="33.7"/>
  <rpointer x="275" y="68" a="0" width="40" height="33.7"/>
  <staticskin x="206" y="40" cx="75" cy="27" a="0" width="262" height="26"/>
  <staticskin x="486" y="40.5" cx="356" cy="26" a="0" width="260" height="29"/>
  <staticskin x="84" y="213.5" cx="75" cy="62" a="0" width="18" height="303"/>
  <staticskin x="201" y="385.5" cx="79" cy="372" a="0" width="244" height="27"/>
  <staticskin x="488.5" y="384" cx="355" cy="370" a="0" width="267" height="28"/>
  <rpointer x="295" y="338" a="0" width="40" height="33.7"/>
  <lpointer x="382" y="337" a="0" width="40" height="33.7"/>
  <staticskin x="628.5" y="151.5" cx="617" cy="27" a="0" width="23" height="249"/>
  <staticblueskin x="230.5" y="92" cx="128" cy="85" a="0" width="205" height="14"/>
  <staticblueskin x="179" y="138.5" cx="95" cy="131" a="0" width="168" height="15"/>
  <staticskin x="347" y="133.5" cx="330" cy="14" a="0" width="34" height="239"/>
  <staticskin x="349.5" y="306" cx="332" cy="289" a="0" width="35" height="34"/>
  <staticblueskin x="232" y="190" cx="134" cy="179" a="0" width="196" height="22"/>
  <staticblueskin x="186" y="246.5" cx="95" cy="237" a="0" width="182" height="19"/>
  <staticblueskin x="287.5" y="290.5" cx="281" cy="287" a="0" width="13" height="7"/>
  <staticblueskin x="315.5" y="290.5" cx="309" cy="286" a="0" width="13" height="9"/>
  <staticredskin x="273" y="276.5" cx="269" cy="259" a="0" width="8" height="35"/>
  <staticblueskin x="382" y="292" cx="377" cy="289" a="0" width="10" height="6"/>
  <springboardskin x="462" y="365" a="0" width="51" height="10.95"/>
</scene>