<scene width="740" height="380">
  <timer time="60"/>
  <creator id="2949582"/>
  <bg id="3"/>
  <staticblueskin x="451.5" y="315" cx="449" cy="306" a="0" width="5" height="18"/>
  <staticblueskin x="425.5" y="228.5" cx="413" cy="225" a="0" width="25" height="7"/>
  <staticblueskin x="367.5" y="10.5" cx="4" cy="2" a="0" width="727" height="17"/>
  <staticblueskin x="469" y="273.5" cx="466" cy="220" a="0" width="6" height="107"/>
  <staticblueskin x="488" y="326.5" cx="466" cy="324" a="0" width="44" height="5"/>
  <staticblueskin x="509" y="273.5" cx="505" cy="220" a="0" width="8" height="107"/>
  <staticblueskin x="489" y="219.5" cx="466" cy="215" a="0" width="46" height="9"/>
  <staticblueskin x="564.5" y="260.5" cx="560" cy="211" a="0" width="9" height="99"/>
  <staticblueskin x="529.5" y="263" cx="525" cy="214" a="0" width="9" height="98"/>
  <staticblueskin x="535.5" y="315.5" cx="532" cy="311" a="0" width="7" height="9"/>
  <staticblueskin x="555.5" y="315" cx="552" cy="311" a="0" width="7" height="8"/>
  <staticblueskin x="546.5" y="327" cx="542" cy="321" a="0" width="9" height="12"/>
  <staticblueskin x="582.5" y="234" cx="578" cy="132" a="0" width="9" height="204"/>
  <staticblueskin x="602.5" y="281" cx="588" cy="277" a="0" width="29" height="8"/>
  <staticblueskin x="614" y="305" cx="610" cy="277" a="0" width="8" height="56"/>
  <staticblueskin x="591" y="267.5" cx="587" cy="263" a="0" width="8" height="9"/>
  <staticblueskin x="598" y="260.5" cx="593" cy="256" a="0" width="10" height="9"/>
  <staticblueskin x="606.5" y="252.5" cx="602" cy="248" a="0" width="9" height="9"/>
  <staticblueskin x="633" y="290.5" cx="628" cy="249" a="0" width="10" height="83"/>
  <staticblueskin x="632" y="231.5" cx="627" cy="225" a="0" width="10" height="13"/>
  <staticblueskin x="663.5" y="279" cx="659" cy="225" a="0" width="9" height="108"/>
  <staticblueskin x="692" y="245.5" cx="671" cy="240" a="0" width="42" height="11"/>
  <staticblueskin x="710" y="287.5" cx="705" cy="240" a="0" width="10" height="95"/>
  <staticblueskin x="190" y="264" cx="169" cy="259" a="0" width="42" height="10"/>
  <staticblueskin x="207.5" y="292" cx="203" cy="260" a="0" width="9" height="64"/>
  <minkskin x="39" y="169" a="0" width="36" height="27"/>
  <cheeseskin x="694" y="216" a="0" width="27.05" height="22"/>
  <staticredskin x="304" y="227.5" cx="300" cy="225" a="0" width="8" height="5"/>
  <staticredskin x="399" y="223.5" cx="395" cy="221" a="0" width="8" height="5"/>
  <staticredskin x="565" y="207.5" cx="562" cy="203" a="0" width="6" height="9"/>
  <staticredskin x="631.5" y="223.5" cx="629" cy="220" a="0" width="5" height="7"/>
  <staticblueskin x="68.5" y="280" cx="64" cy="236" a="0" width="9" height="88"/>
  <staticblueskin x="97" y="233" cx="67" cy="227" a="0" width="60" height="12"/>
  <staticredskin x="434" y="223" cx="431" cy="220" a="0" width="6" height="6"/>
  <staticblueskin x="134" y="240" cx="129" cy="154" a="0" width="10" height="172"/>
  <staticblueskin x="101" y="322.5" cx="67" cy="318" a="0" width="68" height="9"/>
  <staticblueskin x="162" y="239" cx="156" cy="150" a="0" width="12" height="178"/>
  <staticblueskin x="173" y="253.5" cx="168" cy="248" a="0" width="10" height="11"/>
  <staticblueskin x="183" y="244.5" cx="176" cy="241" a="0" width="14" height="7"/>
  <springboardskin x="215" y="235" a="0" width="51" height="10.95"/>
  <springboardskin x="102" y="223" a="0" width="51" height="10.95"/>
  <littlemouse x="110" y="199" a="0" width="37.35" height="34.3"/>
  <staticblueskin x="278" y="229" cx="253" cy="225" a="0" width="50" height="8"/>
  <staticblueskin x="277" y="321.5" cx="254" cy="318" a="0" width="46" height="7"/>
  <staticblueskin x="330" y="240" cx="326" cy="154" a="0" width="8" height="172"/>
  <staticblueskin x="354" y="274.5" cx="350" cy="224" a="0" width="8" height="101"/>
  <staticblueskin x="376" y="322" cx="351" cy="319" a="0" width="50" height="6"/>
  <staticblueskin x="401" y="272.5" cx="397" cy="222" a="0" width="8" height="101"/>
  <staticblueskin x="380.5" y="227.5" cx="356" cy="223" a="0" width="49" height="9"/>
  <staticblueskin x="255" y="273" cx="252" cy="226" a="0" width="6" height="94"/>
  <staticblueskin x="304" y="275.5" cx="300" cy="225" a="0" width="8" height="101"/>
  <staticblueskin x="424.5" y="237.5" cx="421" cy="148" a="0" width="7" height="179"/>
  <staticblueskin x="439" y="324" cx="426" cy="321" a="0" width="26" height="6"/>
</scene>