<scene width="740" height="380">
  <timer time="60"/>
  <creator id="2990963"/>
  <bg id="1"/>
  <cheeseskin x="412" y="29" a="0" width="27.05" height="22"/>
  <staticredskin x="389" y="33" cx="386" cy="10" a="0" width="6" height="46"/>
  <staticredskin x="433.5" y="48.5" cx="413" cy="46" a="0" width="41" height="5"/>
  <staticredskin x="459.5" y="32.5" cx="453" cy="12" a="0" width="13" height="41"/>
  <heavyboxskin x="95" y="312" a="0" width="41.05" height="22"/>
  <springboardskin x="359" y="106" a="0" width="51" height="10.95"/>
  <staticredskin x="522.5" y="362" cx="505" cy="356" a="0" width="35" height="12"/>
  <staticskin x="10.5" y="275.5" cx="0" cy="182" a="0" width="21" height="187"/>
  <staticskin x="367" y="379" cx="-4" cy="370" a="0" width="742" height="18"/>
  <staticskin x="497" y="227.5" cx="490" cy="84" a="0" width="14" height="287"/>
  <staticskin x="730" y="269.5" cx="719" cy="168" a="0" width="22" height="203"/>
  <staticredskin x="633" y="3" cx="352" cy="-2" a="0" width="562" height="10"/>
  <springboardskin x="254" y="332" a="0" width="51" height="10.95"/>
  <springboardskin x="373" y="254" a="0" width="51" height="10.95"/>
  <springboardskin x="459" y="167" a="0" width="51" height="10.95"/>
  <staticskin x="173" y="3" cx="76" cy="-3" a="0" width="194" height="12"/>
  <cheeseskin x="699" y="361" a="0" width="27.05" height="22"/>
  <staticredskin x="704" y="322" cx="689" cy="317" a="0" width="30" height="10"/>
  <springboardskin x="224" y="195" a="0" width="51" height="10.95"/>
  <springboardskin x="174" y="81" a="0" width="51" height="10.95"/>
  <staticredskin x="651.5" y="334" cx="584" cy="328" a="0" width="135" height="12"/>
  <staticredskin x="34" y="49.5" cx="-1" cy="46" a="0" width="70" height="7"/>
  <staticskin x="0" y="22.5" cx="-5" cy="-8" a="0" width="10" height="61"/>
  <staticskin x="41" y="5" cx="6" cy="1" a="0" width="70" height="8"/>
  <minkskin x="23" y="27" a="0" width="36" height="27"/>
  <staticblueskin x="103" y="48.5" cx="72" cy="45" a="0" width="62" height="7"/>
  <littlemouse x="55" y="356" a="0" width="37.35" height="34.3"/>
  <heavyboxskin x="93" y="359" a="0" width="41.05" height="22"/>
  <heavyboxskin x="93" y="337" a="0" width="41.05" height="22"/>
</scene>