<scene width="740" height="380">
  <timer time="80"/>
  <creator id="2810235"/>
  <bg id="11"/>
  <heavyboxskin x="541" y="349" a="0" width="41.05" height="22"/>
  <heavyboxskin x="295" y="237" a="0" width="41.05" height="22"/>
  <ballskin x="299" y="215" a="0" width="25" height="25"/>
  <staticblueskin x="367.5" y="117.5" cx="299" cy="114" a="0" width="137" height="7"/>
  <staticblueskin x="432.5" y="136.5" cx="429" cy="111" a="0" width="7" height="51"/>
  <littlemouse x="48" y="42" a="0" width="37.35" height="34.3"/>
  <staticblueskin x="234.5" y="275" cx="196" cy="272" a="0" width="77" height="6"/>
  <staticskin x="311.5" y="61.5" cx="11" cy="57" a="0" width="601" height="9"/>
  <staticskin x="10.5" y="170" cx="8" cy="2" a="0" width="5" height="336"/>
  <staticblueskin x="371.5" y="370.5" cx="10" cy="368" a="0" width="723" height="5"/>
  <bush x="341" y="45" a="0" width="59.4" height="32.3"/>
  <flowers1 x="153" y="328" a="0" width="60" height="58.2"/>
  <tree x="709" y="311" a="0" width="78.35" height="100"/>
  <staticskin x="255" y="6" cx="12" cy="1" a="0" width="486" height="10"/>
  <staticskin x="136" y="52" cx="121" cy="47" a="0" width="30" height="10"/>
  <staticskin x="199" y="17" cx="189" cy="12" a="0" width="20" height="10"/>
  <flowers1 x="718" y="30" a="0" width="60" height="58.2"/>
  <ballskin x="356" y="232" a="0" width="25" height="25"/>
  <ballskin x="331" y="159" a="0" width="25" height="25"/>
  <ballskin x="379" y="180" a="0" width="25" height="25"/>
  <ballskin x="303" y="182" a="0" width="25" height="25"/>
  <staticskin x="280" y="55.5" cx="260" cy="48" a="0" width="40" height="15"/>
  <staticskin x="386" y="17" cx="369" cy="11" a="0" width="34" height="12"/>
  <staticskin x="721" y="210.5" cx="718" cy="47" a="0" width="6" height="327"/>
  <staticblueskin x="656.175" y="336.125" cx="717" cy="362" a="-160" width="132" height="7"/>
  <staticredskin x="689" y="329" cx="674" cy="325" a="0" width="30" height="8"/>
  <staticblueskin x="447.5" y="344" cx="392" cy="339" a="0" width="111" height="10"/>
  <staticredskin x="322.5" y="353.5" cx="275" cy="350" a="0" width="95" height="7"/>
  <staticblueskin x="154" y="347" cx="96" cy="342" a="0" width="116" height="10"/>
  <springboardskin x="244" y="360" a="0" width="51" height="10.95"/>
  <minkskin x="341" y="199" a="0" width="36" height="27"/>
  <cheeseskin x="721" y="30" a="0" width="27.05" height="22"/>
  <ballskin x="476" y="43" a="0" width="25" height="25"/>
  <ballskin x="323" y="337" a="0" width="25" height="25"/>
  <ballskin x="584" y="357" a="0" width="25" height="25"/>
  <ballskin x="517" y="43" a="0" width="25" height="25"/>
  <ballskin x="556" y="42" a="-160" width="25" height="25"/>
  <staticblueskin x="56.150000000000006" y="290.55" cx="18" cy="274" a="20" width="83" height="5"/>
  <staticblueskin x="133.8" y="269.05" cx="93" cy="251" a="20" width="89" height="6"/>
  <staticblueskin x="61.974999999999994" y="194.15" cx="17" cy="173" a="20" width="99" height="9"/>
  <staticredskin x="584" y="168" cx="581" cy="74" a="0" width="6" height="188"/>
  <staticskin x="66.5" y="108.5" cx="25" cy="105" a="0" width="83" height="7"/>
  <ground x="97.05" y="84.55" cx="92" cy="78" a="0" width="10.1" height="13.1"/>
  <cheeseskin x="48" y="83" a="0" width="27.05" height="22"/>
  <staticblueskin x="129" y="150" cx="121" cy="144" a="0" width="16" height="12"/>
  <staticblueskin x="192.5" y="124.5" cx="183" cy="118" a="0" width="19" height="13"/>
  <staticblueskin x="270.5" y="187" cx="267" cy="129" a="0" width="7" height="116"/>
  <staticredskin x="331.5" y="253" cx="273" cy="249" a="0" width="117" height="8"/>
  <staticblueskin x="472.825" y="220" cx="399" cy="247" a="-23" width="157" height="8"/>
  <staticblueskin x="259" y="122.5" cx="238" cy="118" a="0" width="42" height="9"/>
</scene>