<scene width="740" height="380">
  <timer time="60"/>
  <creator id="2227835"/>
  <bg id="5"/>
  <ballskin x="485" y="345" a="0" width="23.8" height="26.05"/>
  <heavyboxskin x="334" y="359" a="0" width="41" height="22"/>
  <staticredskin x="639" y="366" cx="596" cy="351" a="0" width="86" height="30"/>
  <staticredskin x="479" y="370" cx="426" cy="358" a="0" width="106" height="24"/>
  <ground x="335.5" y="374.6" cx="315" cy="371" a="0" width="41" height="7.2"/>
  <springboardskin x="657" y="60" a="0" width="51" height="10.95"/>
  <springboardskin x="678" y="113" a="0" width="51" height="10.95"/>
  <springboardskin x="635" y="167" a="0" width="51" height="10.95"/>
  <springboardskin x="694" y="208" a="0" width="51" height="10.95"/>
  <springboardskin x="656" y="264" a="0" width="51" height="10.95"/>
  <groundred x="738.75" y="210.75" cx="731" cy="35" a="0" width="16.5" height="352.5"/>
  <groundblue x="99.25" y="98.25" cx="-14" cy="90" a="0" width="227.5" height="17.5"/>
  <groundblue x="178.25" y="144.35" cx="137" cy="141" a="0" width="83.5" height="7.7"/>
  <ground x="595" y="236" cx="588" cy="91" a="0" width="14" height="290"/>
  <cheeseskin x="692" y="306" a="0" width="27.05" height="22"/>
  <cheeseskin x="639" y="215" a="0" width="27.05" height="22"/>
  <cheeseskin x="694" y="163" a="0" width="27.05" height="22"/>
  <cheeseskin x="639" y="304" a="0" width="27.05" height="22"/>
  <cheeseskin x="705" y="247" a="0" width="27.05" height="22"/>
  <cheeseskin x="629" y="118" a="0" width="27.05" height="22"/>
  <ground x="646" y="87.55" cx="590" cy="84" a="0" width="112" height="7.1"/>
  <groundblue x="596.25" y="19.25" cx="591" cy="-8" a="0" width="11.5" height="55.5"/>
  <groundblue x="216.25" y="116.25" cx="210" cy="91" a="0" width="13.5" height="51.5"/>
  <carriervertical x="530" y="128" linewidth="50" lineheight="200" boxwidth="50" boxheight="20"/>
  <staticblueskin x="95" y="80.5" cx="-2" cy="75" a="0" width="194" height="11"/>
  <staticredskin x="532" y="2" cx="321" cy="-1" a="0" width="422" height="6"/>
  <groundred x="143" y="277.5" cx="-1" cy="184" a="0" width="289" height="188"/>
  <staticblueskin x="113" y="372.5" cx="-1" cy="364" a="0" width="228" height="17"/>
  <staticblueskin x="255" y="373.5" cx="221" cy="365" a="0" width="68" height="17"/>
  <littlemouse x="23" y="58" a="0" width="37.35" height="34.3"/>
  <ground x="162.5" y="4.125" cx="6" cy="1" a="0" width="313" height="6.25"/>
  <carrierhorizontal x="260" y="79" linewidth="300" lineheight="20" boxwidth="50" boxheight="20"/>
  <carriervertical x="444" y="132" linewidth="50" lineheight="200" boxwidth="50" boxheight="20"/>
  <springboardskin x="396" y="376" a="0" width="51" height="10.95"/>
  <carriervertical x="350" y="135" linewidth="50" lineheight="200" boxwidth="50" boxheight="20"/>
  <ballskin x="654" y="341" a="0" width="23.8" height="26.05"/>
  <heavyboxskin x="300" y="309" a="0" width="41" height="22"/>
  <ballskin x="684" y="343" a="0" width="23.8" height="26.05"/>
  <ballskin x="611" y="342" a="0" width="23.8" height="26.05"/>
  <springboardskin x="569" y="375" a="0" width="51" height="10.95"/>
  <cheeseskin x="194" y="115" a="0" width="27.05" height="22"/>
  <staticredskin x="297.5" y="352" cx="292" cy="322" a="0" width="11" height="60"/>
  <rpointer x="126" y="57" a="0" width="40" height="33.7"/>
  <minkskin x="710" y="24" a="0" width="36" height="27"/>
  <springboardskin x="709" y="375" a="0" width="51" height="10.95"/>
</scene>