<scene width="740" height="380">
  <timer time="60"/>
  <creator id="2956041"/>
  <bg id="4"/>
  <staticblueskin x="349" y="136.5" cx="138" cy="133" a="0" width="422" height="7"/>
  <carriervertical x="588" y="163" linewidth="50" lineheight="200" boxwidth="50" boxheight="20"/>
  <carriervertical x="110" y="133" linewidth="50" lineheight="200" boxwidth="50" boxheight="20"/>
  <carriervertical x="50" y="95" linewidth="50" lineheight="200" boxwidth="50" boxheight="20"/>
  <carriervertical x="645" y="99" linewidth="50" lineheight="200" boxwidth="50" boxheight="20"/>
  <carriervertical x="702" y="67" linewidth="50" lineheight="200" boxwidth="50" boxheight="20"/>
  <staticblueskin x="587.5" y="374" cx="559" cy="371" a="0" width="57" height="6"/>
  <staticblueskin x="645" y="316.5" cx="634" cy="314" a="0" width="22" height="5"/>
  <staticblueskin x="649" y="312" cx="625" cy="307" a="0" width="48" height="10"/>
  <staticblueskin x="711.5" y="280" cx="686" cy="277" a="0" width="51" height="6"/>
  <staticblueskin x="674.5" y="196.5" cx="672" cy="87" a="0" width="5" height="219"/>
  <staticblueskin x="617" y="210.5" cx="614" cy="107" a="0" width="6" height="207"/>
  <staticblueskin x="553.5" y="217.5" cx="551" cy="142" a="0" width="5" height="151"/>
  <staticblueskin x="488.5" y="294" cx="486" cy="211" a="0" width="5" height="166"/>
  <staticblueskin x="305.5" y="253.5" cx="159" cy="247" a="0" width="293" height="13"/>
  <staticblueskin x="156" y="201" cx="151" cy="141" a="0" width="10" height="120"/>
  <staticblueskin x="344" y="200.5" cx="197" cy="195" a="0" width="294" height="11"/>
  <staticblueskin x="326" y="315.5" cx="160" cy="311" a="0" width="332" height="9"/>
  <staticblueskin x="33.5" y="377.5" cx="10" cy="373" a="0" width="47" height="9"/>
  <staticblueskin x="109" y="363.5" cx="90" cy="359" a="0" width="38" height="9"/>
  <staticblueskin x="188.5" y="375.5" cx="163" cy="372" a="0" width="51" height="7"/>
  <staticblueskin x="256" y="360" cx="239" cy="357" a="0" width="34" height="6"/>
  <staticredskin x="516.5" y="376" cx="494" cy="373" a="0" width="45" height="6"/>
  <staticblueskin x="328" y="375" cx="303" cy="371" a="0" width="50" height="8"/>
  <staticblueskin x="400" y="361" cx="377" cy="357" a="0" width="46" height="8"/>
  <staticblueskin x="467" y="378" cx="446" cy="371" a="0" width="42" height="14"/>
  <cheeseskin x="465" y="357" a="0" width="27.05" height="22"/>
  <staticblueskin x="153.5" y="316.5" cx="146" cy="312" a="0" width="15" height="9"/>
  <staticblueskin x="363" y="40.5" cx="360" cy="-56" a="0" width="6" height="193"/>
  <staticblueskin x="442.5" y="33" cx="439" cy="-26" a="0" width="7" height="118"/>
  <staticblueskin x="427.5" y="50" cx="416" cy="47" a="0" width="23" height="6"/>
  <staticblueskin x="519.5" y="86" cx="514" cy="38" a="0" width="11" height="96"/>
  <staticblueskin x="504.5" y="87.5" cx="492" cy="83" a="0" width="25" height="9"/>
  <staticblueskin x="225" y="81" cx="220" cy="31" a="0" width="10" height="100"/>
  <staticblueskin x="210" y="77.5" cx="197" cy="72" a="0" width="26" height="11"/>
  <staticblueskin x="283.5" y="1.5" cx="280" cy="-62" a="0" width="7" height="127"/>
  <staticblueskin x="361" y="87" cx="334" cy="82" a="0" width="54" height="10"/>
  <staticblueskin x="301" y="42.5" cx="290" cy="38" a="0" width="22" height="9"/>
  <minkskin x="315" y="16" a="0" width="36" height="27"/>
  <littlemouse x="424" y="29" a="0" width="37.35" height="34.3"/>
</scene>