<scene width="740" height="380">
  <timer time="60"/>
  <creator id="2602934"/>
  <bg id="6"/>
  <staticblueskin x="327" y="314" cx="322" cy="280" a="0" width="10" height="68"/>
  <staticblueskin x="358.5" y="278" cx="322" cy="275" a="0" width="73" height="6"/>
  <springboardskin x="660" y="185" a="0" width="51" height="10.95"/>
  <boxskin x="247" y="341" a="1" width="50" height="50"/>
  <staticskin x="20.5" y="357" cx="-4" cy="328" a="0" width="49" height="58"/>
  <staticskin x="125.5" y="353" cx="116" cy="322" a="0" width="19" height="62"/>
  <staticskin x="214" y="397.5" cx="190" cy="366" a="0" width="48" height="63"/>
  <staticskin x="140.5" y="265" cx="98" cy="261" a="0" width="85" height="8"/>
  <littlemouse x="240" y="304" a="0" width="37.35" height="34.3"/>
  <minkskin x="668" y="52" a="0" width="36" height="27"/>
  <springboardskin x="122" y="255" a="0" width="51" height="10.95"/>
  <staticblueskin x="207" y="248" cx="199" cy="240" a="0" width="16" height="16"/>
  <staticblueskin x="249" y="239" cx="241" cy="232" a="0" width="16" height="14"/>
  <staticblueskin x="322" y="230" cx="307" cy="222" a="0" width="30" height="16"/>
  <staticskin x="88" y="365" cx="77" cy="358" a="0" width="22" height="14"/>
  <staticredskin x="412.5" y="225.5" cx="399" cy="219" a="0" width="27" height="13"/>
  <staticredskin x="464" y="203" cx="459" cy="197" a="0" width="10" height="12"/>
  <staticblueskin x="542" y="183.5" cx="492" cy="177" a="0" width="100" height="13"/>
  <cheeseskin x="311" y="204" a="0" width="27.05" height="22"/>
  <cheeseskin x="353" y="309" a="0" width="27.05" height="22"/>
</scene>