<scene width="740" height="380">
  <timer time="60"/>
  <creator id="2950083"/>
  <bg id="1"/>
  <bush x="57" y="342" a="0" width="59.4" height="32.3"/>
  <ground x="333.5" y="276.5" cx="-1" cy="273" a="0" width="669" height="7"/>
  <springboardskin x="699" y="338" a="0" width="51" height="10.95"/>
  <flowers1 x="165" y="263" a="0" width="60" height="58.2"/>
  <groundblue x="635" y="142.55" cx="595" cy="136" a="0" width="81" height="14.1"/>
  <groundblue x="510.525" y="161.55" cx="467" cy="156" a="0" width="88.05" height="12.1"/>
  <groundblue x="375" y="183" cx="326" cy="179" a="0" width="99" height="9"/>
  <groundblue x="235" y="161.5" cx="190" cy="156" a="0" width="91" height="12"/>
  <groundblue x="105" y="178.5" cx="62" cy="173" a="0" width="87" height="12"/>
  <springboardskin x="28" y="251" a="0" width="51" height="10.95"/>
  <groundblue x="305.5" y="66.05" cx="11" cy="59" a="0" width="590" height="15.1"/>
  <ballskin x="511" y="256" a="0" width="23.8" height="26.05"/>
  <ballskin x="367" y="256" a="0" width="23.8" height="26.05"/>
  <ballskin x="449" y="253" a="0" width="23.8" height="26.05"/>
  <stone x="378" y="167" a="0" width="31.25" height="22.9"/>
  <springboardskin x="645" y="121" a="0" width="51" height="10.95"/>
  <cheeseskin x="103" y="159" a="0" width="27.05" height="22"/>
  <minkskin x="36" y="36" a="0" width="36" height="27"/>
  <ground x="506" y="51.05" cx="484" cy="44" a="0" width="44" height="14.1"/>
  <ground x="367" y="52.05" cx="345" cy="45" a="0" width="44" height="14.1"/>
  <ground x="76.6" y="52.575" cx="73" cy="48" a="0" width="7.2" height="9.15"/>
  <ground x="258" y="52.05" cx="239" cy="45" a="0" width="38" height="14.1"/>
  <heavyboxskin x="515" y="145" a="0" width="41" height="22"/>
  <littlemouse x="55" y="337" a="0" width="37.35" height="34.3"/>
  <staticblueskin x="58" y="359.5" cx="17" cy="356" a="0" width="82" height="7"/>
  <groundblue x="419" y="352.525" cx="124" cy="346" a="0" width="591" height="14.05"/>
  <flowers2 x="392" y="329" a="0" width="60" height="33.45"/>
</scene>