<scene width="740" height="380">
  <timer time="80"/>
  <creator id="1777479"/>
  <bg id="2"/>
  <carriervertical x="554" y="154" linewidth="50" lineheight="50" boxwidth="50" boxheight="20"/>
  <groundblue x="15.524999999999999" y="214" cx="-1" cy="-37" a="0" width="34.05" height="503"/>
  <groundred x="515.75" y="345.275" cx="317" cy="334" a="0" width="398.5" height="23.55"/>
  <groundblue x="568.75" y="325.275" cx="423" cy="312" a="0" width="292.5" height="27.55"/>
  <groundred x="623.75" y="302.75" cx="531" cy="290" a="0" width="186.5" height="26.5"/>
  <groundblue x="652.75" y="283.275" cx="591" cy="272" a="0" width="124.5" height="23.55"/>
  <groundblue x="255.25" y="350.25" cx="192" cy="335" a="0" width="127.5" height="31.5"/>
  <groundred x="278.25" y="325.275" cx="237" cy="314" a="0" width="83.5" height="23.55"/>
  <groundblue x="292.75" y="303.275" cx="266" cy="291" a="0" width="54.5" height="25.55"/>
  <groundred x="304.75" y="283.275" cx="289" cy="273" a="0" width="32.5" height="21.55"/>
  <groundblue x="310.75" y="259.275" cx="301" cy="246" a="0" width="20.5" height="27.55"/>
  <groundblue x="90.75" y="251.775" cx="30" cy="241" a="0" width="122.5" height="22.55"/>
  <groundred x="49.25" y="338.775" cx="30" cy="323" a="0" width="39.5" height="32.55"/>
  <groundred x="678.75" y="264.775" cx="643" cy="253" a="0" width="72.5" height="24.55"/>
  <groundblue x="703.775" y="243.25" cx="692" cy="230" a="0" width="24.55" height="27.5"/>
  <groundblue x="668.75" y="85.75" cx="620" cy="77" a="0" width="98.5" height="18.5"/>
  <groundblue x="328.75" y="286.25" cx="318" cy="236" a="0" width="22.5" height="101.5"/>
  <groundblue x="727.525" y="205" cx="709" cy="-11" a="0" width="38.05" height="433"/>
  <groundblue x="412.5" y="370.025" cx="-81" cy="353" a="0" width="988" height="35.05"/>
  <groundblue x="466" y="11.524999999999999" cx="-14" cy="-8" a="0" width="961" height="40.05"/>
  <minkskin x="690" y="54" a="0" width="36" height="27"/>
  <carrierhorizontal x="33" y="75" linewidth="300" lineheight="20" boxwidth="50" boxheight="20"/>
  <carrierhorizontal x="341" y="128" linewidth="300" lineheight="20" boxwidth="50" boxheight="20"/>
  <carrierhorizontal x="34" y="213" linewidth="300" lineheight="20" boxwidth="50" boxheight="20"/>
  <carrierhorizontal x="340" y="249" linewidth="300" lineheight="20" boxwidth="50" boxheight="20"/>
  <littlemouse x="58" y="48" a="0" width="37.35" height="34.3"/>
  <cheeseskin x="47" y="280" a="0" width="27.05" height="22"/>
  <carriervertical x="226" y="105" linewidth="50" lineheight="50" boxwidth="50" boxheight="20"/>
  <rpointer x="243" y="408" a="0" width="40" height="33.7"/>
</scene>