<scene width="740" height="380">
  <timer time="60"/>
  <creator id="2978897"/>
  <bg id="2"/>
  <boxskin x="628" y="342" a="0" width="50" height="50"/>
  <boxskin x="627" y="240" a="0" width="50" height="50"/>
  <springboardskin x="575" y="358" a="0" width="51" height="10.95"/>
  <springboardskin x="470" y="268" a="0" width="51" height="10.95"/>
  <springboardskin x="552" y="168" a="0" width="51" height="10.95"/>
  <staticblueskin x="390" y="65" cx="372" cy="62" a="0" width="36" height="6"/>
  <heavyboxskin x="391" y="52" a="0" width="41.05" height="22"/>
  <heavyboxskin x="111" y="347" a="0" width="41.05" height="22"/>
  <lpointer x="322" y="415" a="0" width="40" height="33.7"/>
  <rpointer x="182" y="342" a="0" width="40" height="33.7"/>
  <rpointer x="22" y="135" a="0" width="40" height="33.7"/>
  <tree x="306" y="286" a="0" width="78.35" height="100"/>
  <ballskin x="56" y="263" a="0" width="25" height="25"/>
  <ballskin x="84" y="286" a="0" width="25" height="25"/>
  <staticredskin x="10.5" y="272" cx="4" cy="199" a="0" width="13" height="146"/>
  <ballskin x="80" y="242" a="0" width="25" height="25"/>
  <ballskin x="40" y="222" a="0" width="25" height="25"/>
  <staticblueskin x="482.5" y="53.5" cx="461" cy="51" a="0" width="43" height="5"/>
  <staticblueskin x="470.5" y="115.5" cx="418" cy="110" a="0" width="105" height="11"/>
  <cheeseskin x="402" y="347" a="0" width="27.05" height="22"/>
  <staticskin x="433" y="366" cx="379" cy="363" a="0" width="108" height="6"/>
  <littlemouse x="35" y="339" a="0" width="37.35" height="34.3"/>
  <staticblueskin x="155.5" y="247" cx="131" cy="238" a="0" width="49" height="18"/>
  <staticblueskin x="237.5" y="295.5" cx="219" cy="287" a="0" width="37" height="17"/>
  <staticredskin x="192.5" y="273" cx="175" cy="264" a="0" width="35" height="18"/>
  <staticblueskin x="69.5" y="175.5" cx="55" cy="168" a="0" width="29" height="15"/>
  <staticblueskin x="114" y="217.5" cx="104" cy="213" a="0" width="20" height="9"/>
  <staticskin x="309.5" y="345.5" cx="295" cy="336" a="0" width="29" height="19"/>
  <staticblueskin x="180.5" y="365.5" cx="16" cy="359" a="0" width="329" height="13"/>
  <boxskin x="450" y="342" a="0" width="50" height="50"/>
  <carrierhorizontal x="40" y="106" linewidth="300" lineheight="20" boxwidth="50" boxheight="20"/>
  <carriervertical x="307" y="49" linewidth="50" lineheight="200" boxwidth="50" boxheight="20"/>
  <minkskin x="679" y="349" a="0" width="36" height="27"/>
  <staticblueskin x="352.5" y="201" cx="345" cy="39" a="0" width="15" height="324"/>
  <staticblueskin x="33" y="152" cx="9" cy="148" a="0" width="48" height="8"/>
  <staticskin x="629" y="376.5" cx="600" cy="372" a="0" width="58" height="9"/>
  <staticskin x="692.5" y="372" cx="661" cy="369" a="0" width="63" height="6"/>
  <staticredskin x="721" y="345" cx="716" cy="324" a="0" width="10" height="42"/>
  <staticredskin x="99.5" y="201" cx="85" cy="195" a="0" width="29" height="12"/>
  <staticredskin x="718.5" y="228.5" cx="711" cy="136" a="0" width="15" height="185"/>
  <staticblueskin x="7.5" y="357" cx="1" cy="347" a="0" width="13" height="20"/>
  <boxskin x="628" y="291" a="0" width="50" height="50"/>
</scene>