<scene width="740" height="380">
  <timer time="40"/>
  <creator id="1343953"/>
  <bg id="4"/>
  <staticblueskin x="54" y="176.5" cx="46" cy="115" a="0" width="16" height="123"/>
  <staticblueskin x="12" y="135" cx="5" cy="64" a="0" width="14" height="142"/>
  <minkskin x="13" y="39" a="0" width="36" height="27"/>
  <littlemouse x="134" y="267" a="0" width="37.35" height="34.3"/>
  <staticblueskin x="101.5" y="331.5" cx="14" cy="281" a="0" width="175" height="101"/>
  <staticblueskin x="242" y="269.5" cx="223" cy="264" a="0" width="38" height="11"/>
  <staticblueskin x="415.5" y="251.5" cx="401" cy="247" a="0" width="29" height="9"/>
  <staticblueskin x="413" y="256" cx="393" cy="252" a="0" width="40" height="8"/>
  <ground x="256" y="157" cx="248" cy="134" a="0" width="16" height="46"/>
  <staticblueskin x="557.5" y="311" cx="504" cy="301" a="0" width="107" height="20"/>
  <staticblueskin x="678" y="250.5" cx="639" cy="246" a="0" width="78" height="9"/>
  <staticblueskin x="566" y="195.5" cx="541" cy="186" a="0" width="50" height="19"/>
  <staticblueskin x="368.5" y="131.5" cx="289" cy="126" a="0" width="159" height="11"/>
  <staticblueskin x="87.5" y="122" cx="77" cy="44" a="0" width="21" height="156"/>
  <staticblueskin x="133" y="83.5" cx="115" cy="19" a="0" width="36" height="129"/>
  <staticskin x="218" y="139.5" cx="212" cy="79" a="0" width="12" height="121"/>
  <staticskin x="182" y="147" cx="174" cy="80" a="0" width="16" height="134"/>
  <staticskin x="625" y="54.5" cx="613" cy="51" a="0" width="24" height="7"/>
  <staticskin x="549.5" y="93" cx="540" cy="89" a="0" width="19" height="8"/>
  <staticskin x="478" y="151" cx="471" cy="146" a="0" width="14" height="10"/>
  <staticskin x="699" y="84" cx="672" cy="76" a="0" width="54" height="16"/>
  <cheeseskin x="689" y="66" a="0" width="27.05" height="22"/>
</scene>