<scene width="740" height="380">
  <timer time="60"/>
  <creator id="1585990"/>
  <bg id="3"/>
  <flowers1 x="696" y="117" a="0" width="60" height="58.2"/>
  <minkskin x="629" y="102" a="0" width="36" height="27"/>
  <flowers2 x="584" y="130" a="0" width="60" height="33.45"/>
  <cactus x="550" y="408" a="0" width="20" height="42.55"/>
  <flowers2 x="640" y="146" a="0" width="60" height="33.45"/>
  <bush x="605" y="145" a="0" width="59.4" height="32.3"/>
  <flowers1 x="677" y="143" a="0" width="60" height="58.2"/>
  <staticblueskin x="4" y="162" cx="-10" cy="1" a="0" width="28" height="322"/>
  <staticblueskin x="76" y="375.5" cx="1" cy="371" a="0" width="150" height="9"/>
  <staticblueskin x="122.5" y="13" cx="113" cy="2" a="0" width="19" height="22"/>
  <staticblueskin x="141.5" y="33.5" cx="128" cy="23" a="0" width="27" height="21"/>
  <staticblueskin x="166" y="63" cx="145" cy="44" a="0" width="42" height="38"/>
  <staticblueskin x="202" y="108.5" cx="170" cy="84" a="0" width="64" height="49"/>
  <staticblueskin x="268.5" y="151.5" cx="224" cy="112" a="0" width="89" height="79"/>
  <staticblueskin x="213" y="200.5" cx="184" cy="173" a="0" width="58" height="55"/>
  <staticblueskin x="172.5" y="237" cx="152" cy="217" a="0" width="41" height="40"/>
  <staticblueskin x="142" y="272" cx="128" cy="260" a="0" width="28" height="24"/>
  <staticblueskin x="118.5" y="291.5" cx="109" cy="284" a="0" width="19" height="15"/>
  <staticblueskin x="31.5" y="62" cx="21" cy="49" a="0" width="21" height="26"/>
  <staticblueskin x="80" y="91.5" cx="70" cy="81" a="0" width="20" height="21"/>
  <staticblueskin x="47.5" y="144" cx="37" cy="132" a="0" width="21" height="24"/>
  <staticblueskin x="126" y="142.5" cx="114" cy="132" a="0" width="24" height="21"/>
  <staticblueskin x="115.5" y="194" cx="98" cy="183" a="0" width="35" height="22"/>
  <staticblueskin x="41" y="231.5" cx="30" cy="222" a="0" width="22" height="19"/>
  <staticblueskin x="94" y="261" cx="83" cy="250" a="0" width="22" height="22"/>
  <littlemouse x="35" y="30" a="0" width="37.35" height="34.3"/>
  <cheeseskin x="277" y="92" a="0" width="27.05" height="22"/>
  <staticskin x="230.5" y="354.5" cx="217" cy="346" a="0" width="27" height="17"/>
  <staticskin x="313" y="330.5" cx="297" cy="323" a="0" width="32" height="15"/>
  <staticskin x="388" y="300.5" cx="370" cy="291" a="0" width="36" height="19"/>
  <boxskin x="214" y="58" a="0" width="50" height="50"/>
  <staticblueskin x="450.5" y="265.5" cx="435" cy="254" a="0" width="31" height="23"/>
  <staticblueskin x="384.5" y="217.5" cx="367" cy="208" a="0" width="35" height="19"/>
  <staticblueskin x="328.5" y="179.5" cx="313" cy="173" a="0" width="31" height="13"/>
  <staticblueskin x="404.5" y="145.5" cx="386" cy="139" a="0" width="37" height="13"/>
  <staticblueskin x="320" y="115" cx="311" cy="112" a="0" width="18" height="6"/>
  <staticblueskin x="391.5" y="78" cx="375" cy="70" a="0" width="33" height="16"/>
  <staticblueskin x="470.5" y="74.5" cx="452" cy="68" a="0" width="37" height="13"/>
  <staticblueskin x="529" y="82.5" cx="521" cy="75" a="0" width="16" height="15"/>
  <bush x="575" y="78" a="0" width="59.4" height="32.3"/>
  <bush x="599" y="53" a="0" width="59.4" height="32.3"/>
  <bush x="642" y="46" a="0" width="59.4" height="32.3"/>
  <bush x="678" y="69" a="0" width="59.4" height="32.3"/>
  <flowers1 x="569" y="107" a="0" width="60" height="58.2"/>
  <flowers1 x="693" y="96" a="0" width="60" height="58.2"/>
</scene>