<scene width="740" height="380">
  <timer time="80"/>
  <creator id="2953574"/>
  <bg id="5"/>
  <staticskin x="308.5" y="257.5" cx="292" cy="255" a="0" width="33" height="5"/>
  <staticskin x="402.5" y="244.5" cx="332" cy="239" a="0" width="141" height="11"/>
  <staticskin x="472.5" y="168" cx="468" cy="98" a="0" width="9" height="140"/>
  <staticskin x="388.5" y="147.5" cx="383" cy="95" a="0" width="11" height="105"/>
  <staticskin x="457" y="188.5" cx="445" cy="181" a="0" width="24" height="15"/>
  <staticskin x="406" y="157.5" cx="396" cy="147" a="0" width="20" height="21"/>
  <staticskin x="454.5" y="116" cx="443" cy="106" a="0" width="23" height="20"/>
  <staticskin x="510.5" y="102.5" cx="475" cy="96" a="0" width="71" height="13"/>
  <staticskin x="640.5" y="102" cx="550" cy="95" a="0" width="181" height="14"/>
  <cheeseskin x="712" y="79" a="0" width="27.05" height="22"/>
  <littlemouse x="74" y="42" a="0" width="37.35" height="34.3"/>
  <staticskin x="100.5" y="60" cx="66" cy="55" a="0" width="69" height="10"/>
  <staticskin x="376" y="374" cx="10" cy="367" a="0" width="732" height="14"/>
  <springboardskin x="107" y="361" a="0" width="51" height="10.95"/>
  <staticskin x="192" y="315.5" cx="141" cy="312" a="0" width="102" height="7"/>
  <minkskin x="719" y="354" a="0" width="36" height="27"/>
  <staticskin x="282" y="298.5" cx="235" cy="295" a="0" width="94" height="7"/>
  <staticskin x="328.5" y="269" cx="326" cy="243" a="0" width="5" height="52"/>
</scene>