<scene width="740" height="380">
  <timer time="80"/>
  <creator id="1892638"/>
  <bg id="2"/>
  <carrierhorizontal x="231" y="189" linewidth="300" lineheight="20" boxwidth="50" boxheight="20"/>
  <carrierhorizontal x="342" y="206" linewidth="300" lineheight="20" boxwidth="50" boxheight="20"/>
  <staticskin x="116.5" y="384" cx="24" cy="380" a="0" width="185" height="8"/>
  <flowers2 x="36" y="362" a="0" width="60" height="33.45"/>
  <flowers2 x="98" y="362" a="0" width="60" height="33.45"/>
  <flowers2 x="160" y="361" a="0" width="60" height="33.45"/>
  <cheeseskin x="162" y="371" a="0" width="27.05" height="22"/>
  <cheeseskin x="99" y="373" a="0" width="27.05" height="22"/>
  <cheeseskin x="38" y="372" a="0" width="27.05" height="22"/>
  <flowers2 x="221" y="360" a="0" width="60" height="33.45"/>
  <flowers2 x="283" y="360" a="0" width="60" height="33.45"/>
  <flowers2 x="346" y="360" a="0" width="60" height="33.45"/>
  <flowers2 x="407" y="360" a="0" width="60" height="33.45"/>
  <flowers2 x="467" y="359" a="0" width="60" height="33.45"/>
  <flowers2 x="529" y="357" a="0" width="60" height="33.45"/>
  <cheeseskin x="671" y="340" a="0" width="27.05" height="22"/>
  <cheeseskin x="222" y="369" a="0" width="27.05" height="22"/>
  <cheeseskin x="285" y="370" a="0" width="27.05" height="22"/>
  <cheeseskin x="348" y="371" a="0" width="27.05" height="22"/>
  <cheeseskin x="408" y="369" a="0" width="27.05" height="22"/>
  <cheeseskin x="469" y="369" a="0" width="27.05" height="22"/>
  <cheeseskin x="531" y="369" a="0" width="27.05" height="22"/>
  <staticskin x="660.5" y="381.5" cx="586" cy="377" a="0" width="149" height="9"/>
  <minkskin x="323" y="286" a="0" width="36" height="27"/>
  <littlemouse x="57" y="109" a="0" width="37.35" height="34.3"/>
  <flowers2 x="473" y="405" a="0" width="60" height="33.45"/>
  <tree2 x="567" y="330" a="0" width="84.85" height="100"/>
  <staticblueskin x="55" y="132" cx="18" cy="129" a="0" width="74" height="6"/>
  <carrierhorizontal x="118" y="163" linewidth="300" lineheight="20" boxwidth="50" boxheight="20"/>
</scene>