<scene width="740" height="380">
  <timer time="120"/>
  <creator id="1892638"/>
  <bg id="4"/>
  <carriervertical x="685" y="22" linewidth="50" lineheight="350" boxwidth="50" boxheight="20"/>
  <carriervertical x="634" y="43" linewidth="50" lineheight="200" boxwidth="50" boxheight="20"/>
  <carrierhorizontal x="558" y="73" linewidth="300" lineheight="20" boxwidth="50" boxheight="20"/>
  <littlemouse x="577" y="47" a="0" width="37.35" height="34.3"/>
  <carrierhorizontal x="484" y="74" linewidth="300" lineheight="20" boxwidth="50" boxheight="20"/>
  <carriervertical x="452" y="64" linewidth="50" lineheight="200" boxwidth="50" boxheight="20"/>
  <carrierhorizontal x="350" y="75" linewidth="300" lineheight="20" boxwidth="50" boxheight="20"/>
  <carriervertical x="319" y="66" linewidth="50" lineheight="200" boxwidth="50" boxheight="20"/>
  <carriervertical x="252" y="69" linewidth="50" lineheight="200" boxwidth="50" boxheight="20"/>
  <carriervertical x="199" y="65" linewidth="50" lineheight="200" boxwidth="50" boxheight="20"/>
  <carrierhorizontal x="120" y="95" linewidth="300" lineheight="20" boxwidth="50" boxheight="20"/>
  <carriervertical x="95" y="59" linewidth="50" lineheight="200" boxwidth="50" boxheight="20"/>
  <cheeseskin x="96" y="44" a="0" width="27.05" height="22"/>
  <minkskin x="635" y="31" a="45" width="36" height="27"/>
</scene>