<scene width="740" height="380">
  <timer time="80"/>
  <creator id="2065588"/>
  <bg id="12"/>
  <ballskin x="148" y="334" a="0" width="25" height="25"/>
  <cactus x="318" y="306" a="0" width="20" height="42.55"/>
  <lpointer x="696" y="330" a="0" width="40" height="33.7"/>
  <groundred x="37.25" y="358.775" cx="13" cy="347" a="0" width="49.5" height="24.55"/>
  <ground x="302" y="-4" cx="-5" cy="-13" a="0" width="614" height="18"/>
  <staticblueskin x="67.5" y="192.5" cx="63" cy="73" a="0" width="9" height="239"/>
  <staticblueskin x="115.5" y="101" cx="102" cy="88" a="0" width="27" height="26"/>
  <staticblueskin x="159.5" y="135" cx="147" cy="119" a="0" width="25" height="32"/>
  <staticblueskin x="210.5" y="166" cx="195" cy="150" a="0" width="31" height="32"/>
  <groundblue x="434.25" y="175.25" cx="243" cy="171" a="0" width="383.5" height="9.5"/>
  <staticredskin x="348" y="167.5" cx="243" cy="164" a="0" width="210" height="7"/>
  <heavyboxskin x="332" y="109" a="0" width="41.05" height="22"/>
  <bush x="546" y="153" a="0" width="59.4" height="32.3"/>
  <littlemouse x="716" y="331" a="0" width="37.35" height="34.3"/>
  <staticblueskin x="642" y="153.5" cx="636" cy="141" a="0" width="12" height="25"/>
  <staticblueskin x="671" y="132.5" cx="665" cy="120" a="0" width="12" height="25"/>
  <staticblueskin x="701" y="113" cx="696" cy="101" a="0" width="10" height="24"/>
  <staticblueskin x="720.5" y="166" cx="713" cy="155" a="0" width="15" height="22"/>
  <minkskin x="720" y="139" a="0" width="36" height="27"/>
  <cheeseskin x="20" y="20" a="0" width="27.05" height="22"/>
  <staticblueskin x="39" y="19.5" cx="35" cy="4" a="0" width="8" height="31"/>
  <staticblueskin x="48" y="77" cx="32" cy="73" a="0" width="32" height="8"/>
  <staticblueskin x="665" y="352.5" cx="615" cy="346" a="0" width="100" height="13"/>
  <staticblueskin x="491" y="354.5" cx="436" cy="347" a="0" width="110" height="15"/>
  <bush x="282" y="408" a="0" width="59.4" height="32.3"/>
  <rpointer x="156" y="102" a="0" width="40" height="33.7"/>
  <flowers2 x="207" y="136" a="0" width="60" height="33.45"/>
  <staticblueskin x="325.5" y="336.5" cx="266" cy="329" a="0" width="119" height="15"/>
  <staticblueskin x="115.5" y="357" cx="60" cy="347" a="0" width="111" height="20"/>
  <tree2 x="490" y="298" a="0" width="84.85" height="100"/>
  <ballskin x="356" y="318" a="0" width="25" height="25"/>
  <ballskin x="529" y="333" a="5" width="25" height="25"/>
  <ballskin x="653" y="330" a="0" width="25" height="25"/>
</scene>