<scene width="740" height="380">
  <timer time="60"/>
  <creator id="2565989"/>
  <bg id="1"/>
  <staticskin x="581.5" y="74" cx="498" cy="64" a="0" width="167" height="20"/>
  <staticskin x="675" y="175" cx="663" cy="86" a="0" width="24" height="178"/>
  <staticskin x="639" y="256" cx="576" cy="245" a="0" width="126" height="22"/>
  <staticskin x="579.5" y="195.5" cx="567" cy="146" a="0" width="25" height="99"/>
  <staticskin x="600" y="159" cx="575" cy="147" a="0" width="50" height="24"/>
  <staticskin x="512" y="316" cx="498" cy="308" a="0" width="28" height="16"/>
  <staticskin x="578" y="275" cx="550" cy="267" a="0" width="56" height="16"/>
  <staticskin x="508" y="244" cx="498" cy="233" a="0" width="20" height="22"/>
  <staticskin x="556" y="186" cx="544" cy="177" a="0" width="24" height="18"/>
  <littlemouse x="77" y="340" a="0" width="37.35" height="34.3"/>
  <bush x="529" y="47" a="0" width="59.4" height="32.3"/>
  <ground x="201.5" y="105.5" cx="168" cy="96" a="0" width="67" height="19"/>
  <bush x="635" y="48" a="0" width="59.4" height="32.3"/>
  <flowers2 x="582" y="48" a="0" width="60" height="33.45"/>
  <groundred x="723.25" y="294.25" cx="704" cy="227" a="0" width="39.5" height="135.5"/>
  <groundred x="16.775" y="290.75" cx="0" cy="219" a="0" width="34.55" height="144.5"/>
  <flowers1 x="95" y="129" a="0" width="60" height="58.2"/>
  <tree x="249" y="319" a="0" width="78.35" height="100"/>
  <ground x="298.5" y="367.525" cx="-1" cy="357" a="0" width="599" height="21.05"/>
  <tree2 x="314" y="64" a="0" width="84.85" height="100"/>
  <groundblue x="676.25" y="373.275" cx="600" cy="358" a="0" width="153.5" height="31.55"/>
  <ground x="94" y="155.525" cx="62" cy="147" a="0" width="64" height="17.05"/>
  <ground x="123" y="251.525" cx="86" cy="244" a="0" width="74" height="15.05"/>
  <stone x="120" y="233" a="0" width="31.25" height="22.9"/>
  <cheeseskin x="207" y="86" a="0" width="27.05" height="22"/>
  <carriervertical x="424" y="156" linewidth="50" lineheight="200" boxwidth="50" boxheight="20"/>
  <ground x="317" y="123.525" cx="287" cy="112" a="0" width="60" height="23.05"/>
  <ground x="16.5" y="100.5" cx="2" cy="-17" a="0" width="29" height="235"/>
  <ground x="721.5" y="113.5" cx="705" cy="1" a="0" width="33" height="225"/>
  <minkskin x="613" y="229" a="0" width="36" height="27"/>
  <staticskin x="486" y="196" cx="476" cy="67" a="0" width="20" height="258"/>
</scene>