<scene width="740" height="380">
  <timer time="40"/>
  <creator id="1892638"/>
  <bg id="6"/>
  <staticskin x="332" y="241" cx="328" cy="147" a="0" width="8" height="188"/>
  <staticskin x="417" y="233.5" cx="412" cy="140" a="0" width="10" height="187"/>
  <staticskin x="375.5" y="373" cx="318" cy="366" a="0" width="115" height="14"/>
  <springboardskin x="372" y="355" a="0" width="51" height="10.95"/>
  <cheeseskin x="372" y="322" a="0" width="27.05" height="22"/>
  <minkskin x="372" y="160" a="0" width="36" height="27"/>
  <staticskin x="172" y="266" cx="17" cy="261" a="0" width="310" height="10"/>
  <cheeseskin x="61" y="243" a="0" width="27.05" height="22"/>
  <staticskin x="728" y="209" cx="721" cy="40" a="0" width="14" height="338"/>
  <staticskin x="551" y="136" cx="429" cy="132" a="0" width="244" height="8"/>
  <staticskin x="483" y="197.5" cx="432" cy="193" a="0" width="102" height="9"/>
  <staticskin x="661" y="198.5" cx="600" cy="193" a="0" width="122" height="11"/>
  <staticskin x="563" y="246" cx="546" cy="239" a="0" width="34" height="14"/>
  <staticskin x="574.5" y="264.5" cx="433" cy="258" a="0" width="283" height="13"/>
  <cheeseskin x="678" y="236" a="0" width="27.05" height="22"/>
  <staticskin x="371.5" y="68" cx="352" cy="65" a="0" width="39" height="6"/>
  <littlemouse x="374" y="42" a="0" width="37.35" height="34.3"/>
  <staticskin x="216.5" y="137.5" cx="86" cy="135" a="0" width="261" height="5"/>
  <staticskin x="352.5" y="125" cx="350" cy="112" a="0" width="5" height="26"/>
  <staticskin x="392" y="126" cx="388" cy="113" a="0" width="8" height="26"/>
  <staticskin x="10.5" y="208" cx="5" cy="37" a="0" width="11" height="342"/>
  <staticskin x="77" y="195.5" cx="20" cy="192" a="0" width="114" height="7"/>
  <staticskin x="251" y="194" cx="182" cy="191" a="0" width="138" height="6"/>
  <staticskin x="160.5" y="217" cx="141" cy="213" a="0" width="39" height="8"/>
</scene>