<scene width="740" height="380">
  <timer time="60"/>
  <creator id="2480098"/>
  <bg id="1"/>
  <staticblueskin x="477" y="312" cx="462" cy="178" a="0" width="30" height="268"/>
  <staticblueskin x="605.5" y="250" cx="541" cy="188" a="0" width="129" height="124"/>
  <littlemouse x="91" y="167" a="0" width="37.35" height="34.3"/>
  <springboardskin x="658" y="182" a="0" width="51" height="10.95"/>
  <staticblueskin x="202.5" y="282" cx="154" cy="176" a="0" width="97" height="212"/>
  <staticredskin x="344" y="193" cx="314" cy="179" a="0" width="60" height="28"/>
  <staticredskin x="417" y="180.5" cx="414" cy="178" a="0" width="6" height="5"/>
  <cheeseskin x="581" y="170" a="0" width="27.05" height="22"/>
  <staticblueskin x="92" y="292" cx="73" cy="174" a="0" width="38" height="236"/>
  <groundblue x="392.5" y="71.525" cx="181" cy="63" a="0" width="424" height="18.05"/>
  <minkskin x="204" y="46" a="0" width="36" height="27"/>
</scene>