<scene width="740" height="380">
  <timer time="120"/>
  <creator id="2870630"/>
  <bg id="3"/>
  <staticskin x="530" y="184" cx="501" cy="181" a="0" width="58" height="6"/>
  <staticskin x="446" y="157" cx="416" cy="154" a="0" width="60" height="6"/>
  <boxskin x="528" y="156" a="0" width="50" height="50"/>
  <boxskin x="444" y="130" a="0" width="50" height="50"/>
  <staticskin x="353.5" y="133" cx="321" cy="129" a="0" width="65" height="8"/>
  <boxskin x="355" y="102" a="0" width="50" height="50"/>
  <staticblueskin x="251.5" y="69.5" cx="239" cy="63" a="0" width="25" height="13"/>
  <cheeseskin x="251" y="39" a="0" width="27.05" height="22"/>
  <staticblueskin x="212" y="100" cx="197" cy="94" a="0" width="30" height="12"/>
  <staticblueskin x="178.5" y="128.5" cx="163" cy="122" a="0" width="31" height="13"/>
  <staticblueskin x="109.5" y="202" cx="93" cy="196" a="0" width="33" height="12"/>
  <staticblueskin x="144" y="158.5" cx="128" cy="154" a="0" width="32" height="9"/>
  <staticblueskin x="175" y="228" cx="160" cy="224" a="0" width="30" height="8"/>
  <staticblueskin x="218" y="262" cx="203" cy="258" a="0" width="30" height="8"/>
  <staticblueskin x="265.5" y="298" cx="249" cy="294" a="0" width="33" height="8"/>
  <staticblueskin x="211.5" y="330" cx="195" cy="326" a="0" width="33" height="8"/>
  <staticblueskin x="159" y="355" cx="145" cy="351" a="0" width="28" height="8"/>
  <heavyboxskin x="506" y="55" a="0" width="41" height="22"/>
  <staticredskin x="744" y="253.5" cx="737" cy="117" a="0" width="14" height="273"/>
  <ballskin x="711" y="316" a="0" width="23.8" height="26.05"/>
  <ballskin x="697" y="147" a="0" width="23.8" height="26.05"/>
  <ballskin x="646" y="157" a="0" width="23.8" height="26.05"/>
  <flowers1 x="264" y="278" a="0" width="60" height="58.2"/>
  <staticskin x="659.5" y="267.5" cx="649" cy="263" a="0" width="21" height="9"/>
  <ballskin x="465" y="50" a="0" width="23.8" height="26.05"/>
  <ballskin x="363" y="42" a="0" width="23.8" height="26.05"/>
  <ballskin x="619" y="272" a="0" width="23.8" height="26.05"/>
  <staticredskin x="686.5" y="4.5" cx="641" cy="2" a="0" width="91" height="5"/>
  <ballskin x="674" y="310" a="0" width="23.8" height="26.05"/>
  <ballskin x="707" y="190" a="0" width="23.8" height="26.05"/>
  <ballskin x="677" y="360" a="0" width="23.8" height="26.05"/>
  <ballskin x="673" y="215" a="0" width="23.8" height="26.05"/>
  <ballskin x="719" y="267" a="0" width="23.8" height="26.05"/>
  <ballskin x="664" y="101" a="0" width="23.8" height="26.05"/>
  <carrierhorizontal x="274" y="25" linewidth="300" lineheight="20" boxwidth="50" boxheight="20"/>
  <ballskin x="689" y="33" a="0" width="23.8" height="26.05"/>
  <staticredskin x="641" y="8" cx="638" cy="-29" a="0" width="6" height="74"/>
  <staticblueskin x="125" y="369" cx="107" cy="366" a="0" width="36" height="6"/>
  <minkskin x="124" y="350" a="0" width="36" height="27"/>
  <staticredskin x="697.5" y="382" cx="656" cy="376" a="0" width="83" height="12"/>
  <stone x="621" y="365" a="0" width="31.25" height="22.9"/>
  <littlemouse x="688" y="72" a="0" width="37.35" height="34.3"/>
  <staticskin x="649.5" y="303.5" cx="643" cy="216" a="0" width="13" height="175"/>
  <staticskin x="592.5" y="275.5" cx="584" cy="174" a="0" width="17" height="203"/>
  <springboardskin x="619" y="298" a="0" width="51" height="10.95"/>
</scene>