<scene width="740" height="380">
  <timer time="60"/>
  <creator id="2981130"/>
  <bg id="11"/>
  <carrierhorizontal x="179" y="91" linewidth="300" lineheight="20" boxwidth="50" boxheight="20"/>
  <groundblue x="515.5" y="100.5" cx="481" cy="95" a="0" width="70" height="12"/>
  <groundred x="618.05" y="207.5" cx="613" cy="202" a="0" width="11.1" height="12"/>
  <groundred x="474.575" y="193" cx="469" cy="188" a="0" width="12.15" height="11"/>
  <groundred x="317.575" y="191.5" cx="312" cy="186" a="0" width="12.15" height="12"/>
  <ground x="744" y="116.5" cx="740" cy="1" a="0" width="8" height="231"/>
  <ground x="539.5" y="139" cx="536" cy="117" a="0" width="7" height="44"/>
  <cheeseskin x="590" y="134" a="0" width="27.05" height="22"/>
  <ground x="613.525" y="173" cx="601" cy="170" a="0" width="25.05" height="6"/>
  <ground x="551.525" y="159.5" cx="537" cy="156" a="0" width="29.05" height="7"/>
  <ground x="162" y="257.025" cx="151" cy="247" a="0" width="22" height="20.05"/>
  <ground x="650" y="310.025" cx="635" cy="304" a="0" width="30" height="12.05"/>
  <ground x="54.5" y="302" cx="13" cy="291" a="0" width="83" height="22"/>
  <ground x="17.5" y="253.5" cx="14" cy="217" a="0" width="7" height="73"/>
  <ground x="52" y="215.5" cx="13" cy="212" a="0" width="78" height="7"/>
  <ground x="89.5" y="232" cx="87" cy="213" a="0" width="5" height="38"/>
  <minkskin x="44" y="238" a="0" width="36" height="27"/>
  <ground x="42.5" y="278.55" cx="18" cy="275" a="0" width="49" height="7.1"/>
  <littlemouse x="48" y="258" a="0" width="37.35" height="34.3"/>
  <ground x="133" y="339.025" cx="123" cy="330" a="0" width="20" height="18.05"/>
  <ground x="156.025" y="356" cx="144" cy="345" a="0" width="24.05" height="22"/>
  <ground x="109.025" y="322.5" cx="97" cy="312" a="0" width="24.05" height="21"/>
  <ground x="230" y="367" cx="209" cy="362" a="0" width="42" height="10"/>
  <ground x="322" y="368" cx="297" cy="363" a="0" width="50" height="10"/>
  <ground x="416" y="367.5" cx="387" cy="362" a="0" width="58" height="11"/>
  <flowers1 x="521" y="401" a="0" width="60" height="58.2"/>
  <flowers1 x="138" y="94" a="0" width="60" height="58.2"/>
  <lpointer x="237" y="408" a="0" width="40" height="33.7"/>
  <lpointer x="616" y="94" a="0" width="40" height="33.7"/>
  <ground x="503.5" y="366" cx="477" cy="361" a="0" width="53" height="10"/>
  <ground x="562" y="345" cx="542" cy="321" a="0" width="40" height="48"/>
  <ground x="609.525" y="310.025" cx="598" cy="301" a="0" width="23.05" height="18.05"/>
  <carriervertical x="674" y="99" linewidth="50" lineheight="200" boxwidth="50" boxheight="20"/>
  <ground x="318.5" y="114.5" cx="0" cy="111" a="0" width="637" height="7"/>
  <ground x="3.5" y="68" cx="1" cy="22" a="0" width="5" height="92"/>
  <ground x="53" y="28" cx="7" cy="24" a="0" width="92" height="8"/>
  <ground x="98" y="43.5" cx="95" cy="15" a="0" width="6" height="57"/>
  <cheeseskin x="31" y="54" a="0" width="27.05" height="22"/>
  <ground x="355" y="271" cx="181" cy="266" a="0" width="348" height="10"/>
  <ground x="139.5" y="239.025" cx="129" cy="230" a="0" width="21" height="18.05"/>
  <ground x="115.525" y="221" cx="104" cy="211" a="0" width="23.05" height="20"/>
  <ground x="168.025" y="171.5" cx="155" cy="161" a="0" width="26.05" height="21"/>
  <carrierhorizontal x="577" y="411" linewidth="300" lineheight="20" boxwidth="50" boxheight="20"/>
  <carrierhorizontal x="192" y="167" linewidth="300" lineheight="20" boxwidth="50" boxheight="20"/>
  <ground x="543.5" y="205.05" cx="484" cy="201" a="0" width="119" height="8.1"/>
  <ground x="632.05" y="165" cx="628" cy="120" a="0" width="8.1" height="90"/>
  <ground x="244.5" y="189.05" cx="185" cy="184" a="0" width="119" height="10.1"/>
  <ground x="395" y="191" cx="331" cy="187" a="0" width="128" height="8"/>
  <groundred x="354.5" y="266" cx="183" cy="260" a="0" width="344" height="13"/>
  <carrierhorizontal x="193" y="247" linewidth="300" lineheight="20" boxwidth="50" boxheight="20"/>
  <ground x="35" y="96" cx="9" cy="91" a="0" width="52" height="10"/>
  <ground x="77.05" y="46" cx="71" cy="29" a="0" width="12.1" height="34"/>
  <groundred x="365" y="109" cx="175" cy="104" a="0" width="381" height="11"/>
  <groundred x="255.5" y="28.575" cx="178" cy="23" a="0" width="156" height="12.15"/>
  <groundred x="484.5" y="28.05" cx="425" cy="23" a="0" width="120" height="11.1"/>
  <groundblue x="380" y="28.55" cx="341" cy="23" a="0" width="79" height="12.1"/>
</scene>