<scene width="740" height="380">
  <timer time="120"/>
  <creator id="2909786"/>
  <bg id="6"/>
  <minkskin x="713" y="349" a="0" width="36" height="27"/>
  <littlemouse x="35" y="359" a="0" width="37.35" height="34.3"/>
  <staticblueskin x="351.5" y="377.5" cx="-10" cy="374" a="0" width="723" height="7"/>
  <staticblueskin x="671.5" y="293.5" cx="667" cy="282" a="0" width="9" height="23"/>
  <staticblueskin x="703.5" y="304.5" cx="667" cy="300" a="0" width="73" height="9"/>
  <staticblueskin x="650.5" y="341" cx="613" cy="337" a="0" width="75" height="8"/>
  <staticblueskin x="671.5" y="323.5" cx="667" cy="309" a="0" width="9" height="29"/>
  <cheeseskin x="713" y="28" a="0" width="27.05" height="22"/>
  <staticblueskin x="385.5" y="49.5" cx="42" cy="47" a="0" width="687" height="5"/>
  <staticredskin x="737" y="17" cx="734" cy="-13" a="0" width="6" height="60"/>
  <staticblueskin x="558.5" y="39.5" cx="556" cy="28" a="0" width="5" height="23"/>
  <staticblueskin x="413" y="42.5" cx="410" cy="33" a="0" width="6" height="19"/>
  <staticblueskin x="244" y="3.5" cx="2" cy="-1" a="0" width="484" height="9"/>
  <rpointer x="278" y="410" a="0" width="40" height="33.7"/>
  <rpointer x="278" y="410" a="0" width="40" height="33.7"/>
  <rpointer x="286" y="402" a="0" width="40" height="33.7"/>
  <rpointer x="277" y="403" a="0" width="40" height="33.7"/>
  <rpointer x="81" y="31" a="0" width="40" height="33.7"/>
  <staticredskin x="552.5" y="4.5" cx="503" cy="0" a="0" width="99" height="9"/>
  <staticblueskin x="671" y="4.5" cx="612" cy="-2" a="0" width="118" height="13"/>
  <bush x="325" y="413" a="0" width="59.4" height="32.3"/>
  <bush x="325" y="413" a="0" width="59.4" height="32.3"/>
  <bush x="709" y="31" a="0" width="59.4" height="32.3"/>
  <staticblueskin x="571" y="312.5" cx="566" cy="252" a="0" width="10" height="121"/>
  <staticblueskin x="255.5" y="325.5" cx="-5" cy="322" a="0" width="521" height="7"/>
  <carriervertical x="635" y="386" linewidth="50" lineheight="200" boxwidth="50" boxheight="20"/>
  <carriervertical x="638" y="393" linewidth="50" lineheight="200" boxwidth="50" boxheight="20"/>
  <carriervertical x="707" y="83" linewidth="50" lineheight="200" boxwidth="50" boxheight="20"/>
  <staticblueskin x="445" y="278.5" cx="441" cy="267" a="0" width="8" height="23"/>
  <staticblueskin x="375" y="313.5" cx="371" cy="303" a="0" width="8" height="21"/>
  <staticblueskin x="285.5" y="277.5" cx="282" cy="267" a="0" width="7" height="21"/>
  <staticblueskin x="390.5" y="261.5" cx="206" cy="258" a="0" width="369" height="7"/>
  <staticblueskin x="94" y="90.5" cx="-18" cy="87" a="0" width="224" height="7"/>
  <staticblueskin x="283.5" y="88.5" cx="266" cy="84" a="0" width="35" height="9"/>
  <staticblueskin x="307" y="91.5" cx="301" cy="51" a="0" width="12" height="81"/>
  <staticblueskin x="212" y="132" cx="110" cy="127" a="0" width="204" height="10"/>
  <staticblueskin x="78.5" y="132" cx="47" cy="126" a="0" width="63" height="12"/>
  <staticblueskin x="42" y="179.5" cx="0" cy="175" a="0" width="84" height="9"/>
  <staticblueskin x="147" y="208.5" cx="141" cy="137" a="0" width="12" height="143"/>
  <staticblueskin x="99.5" y="279" cx="59" cy="276" a="0" width="81" height="6"/>
  <springboardskin x="114" y="272" a="0" width="51" height="10.95"/>
  <staticblueskin x="546.5" y="179" cx="541" cy="97" a="0" width="11" height="164"/>
  <staticblueskin x="602" y="92.5" cx="542" cy="88" a="0" width="120" height="9"/>
  <staticblueskin x="490" y="173" cx="484" cy="86" a="0" width="12" height="174"/>
  <staticblueskin x="425.5" y="173" cx="420" cy="87" a="0" width="11" height="172"/>
  <staticblueskin x="307.5" y="226" cx="301" cy="195" a="0" width="13" height="62"/>
  <staticblueskin x="202" y="214" cx="152" cy="210" a="0" width="100" height="8"/>
  <staticblueskin x="588" y="254" cx="549" cy="248" a="0" width="78" height="12"/>
  <staticblueskin x="622.5" y="218" cx="618" cy="185" a="0" width="9" height="66"/>
  <cheeseskin x="592" y="223" a="0" width="27.05" height="22"/>
  <staticredskin x="591" y="203" cx="583" cy="198" a="0" width="16" height="10"/>
  <staticredskin x="565.5" y="206" cx="558" cy="201" a="0" width="15" height="10"/>
  <staticredskin x="516.5" y="248" cx="501" cy="245" a="0" width="31" height="6"/>
  <staticredskin x="455.5" y="246.5" cx="435" cy="242" a="0" width="41" height="9"/>
  <staticredskin x="391" y="248" cx="368" cy="244" a="0" width="46" height="8"/>
  <ballskin x="648" y="318" a="0" width="23.8" height="26.05"/>
  <ballskin x="342" y="362" a="0" width="23.8" height="26.05"/>
</scene>