<scene width="740" height="380">
  <timer time="40"/>
  <creator id="2946754"/>
  <bg id="12"/>
  <springboardskin x="259" y="353" a="0" width="51" height="10.95"/>
  <staticskin x="387" y="302" cx="384" cy="221" a="0" width="6" height="162"/>
  <groundred x="338.75" y="372.3" cx="296" cy="366" a="0" width="86.5" height="13.6"/>
  <cheeseskin x="339" y="355" a="0" width="27.05" height="22"/>
  <staticskin x="68" y="86" cx="27" cy="82" a="0" width="82" height="8"/>
  <minkskin x="47" y="32" a="0" width="36" height="27"/>
  <littlemouse x="39" y="343" a="0" width="37.35" height="34.3"/>
  <staticskin x="520.5" y="376.5" cx="391" cy="372" a="0" width="259" height="9"/>
  <springboardskin x="623" y="366" a="0" width="51" height="10.95"/>
  <staticskin x="654.5" y="337" cx="651" cy="291" a="0" width="7" height="92"/>
  <staticskin x="732" y="326.5" cx="727" cy="268" a="0" width="10" height="117"/>
  <groundred x="692.75" y="376.375" cx="659" cy="373" a="0" width="68.5" height="7.75"/>
  <staticskin x="664" y="242.5" cx="630" cy="237" a="0" width="68" height="11"/>
  <staticskin x="549" y="210.5" cx="504" cy="204" a="0" width="90" height="13"/>
  <staticskin x="438.5" y="180" cx="399" cy="174" a="0" width="79" height="12"/>
  <staticskin x="331.5" y="158" cx="284" cy="153" a="0" width="95" height="10"/>
  <staticskin x="249.5" y="142.5" cx="244" cy="139" a="0" width="11" height="7"/>
  <springboardskin x="193" y="135" a="0" width="51" height="10.95"/>
  <staticskin x="139.5" y="109" cx="131" cy="104" a="0" width="17" height="10"/>
  <staticskin x="141" y="372" cx="-2" cy="357" a="0" width="286" height="30"/>
  <staticskin x="290" y="319.5" cx="286" cy="258" a="0" width="8" height="123"/>
</scene>