<scene width="740" height="380">
  <timer time="60"/>
  <creator id="2968902"/>
  <bg id="7"/>
  <groundblue x="40.5" y="197" cx="32" cy="42" a="0" width="17" height="310"/>
  <groundblue x="94.55" y="44" cx="87" cy="40" a="0" width="15.1" height="8"/>
  <groundblue x="87.5" y="47" cx="48" cy="41" a="0" width="79" height="12"/>
  <groundblue x="112.5" y="197" cx="100" cy="43" a="0" width="25" height="308"/>
  <groundred x="79" y="201.525" cx="23" cy="191" a="0" width="112" height="21.05"/>
  <groundblue x="148.5" y="290" cx="144" cy="225" a="0" width="9" height="130"/>
  <groundblue x="176" y="230.05" cx="145" cy="224" a="0" width="62" height="12.1"/>
  <groundblue x="198.15" y="259" cx="193" cy="233" a="0" width="10.3" height="52"/>
  <ground x="170.5" y="287" cx="145" cy="280" a="0" width="51" height="14"/>
  <groundblue x="223" y="292" cx="215" cy="227" a="0" width="16" height="130"/>
  <groundblue x="276.65" y="298.5" cx="268" cy="285" a="0" width="17.3" height="27"/>
  <groundblue x="292.525" y="278.5" cx="282" cy="268" a="0" width="21.05" height="21"/>
  <groundblue x="307.025" y="262.5" cx="298" cy="250" a="0" width="18.05" height="25"/>
  <groundblue x="308" y="297" cx="298" cy="232" a="0" width="20" height="130"/>
  <groundblue x="353" y="305.5" cx="344" cy="240" a="0" width="18" height="131"/>
  <groundblue x="395.5" y="296.5" cx="357" cy="285" a="0" width="77" height="23"/>
  <groundblue x="437.6" y="305.5" cx="426" cy="240" a="0" width="23.2" height="131"/>
  <groundblue x="474.025" y="310" cx="463" cy="244" a="0" width="22.05" height="132"/>
  <groundblue x="492" y="256.025" cx="483" cy="242" a="0" width="18" height="28.05"/>
  <groundblue x="623.3499999999999" y="149.7" cx="601" cy="126" a="36" width="64" height="12.1"/>
  <groundblue x="516.525" y="282.5" cx="504" cy="266" a="0" width="25.05" height="33"/>
  <groundblue x="534" y="314.525" cx="522" cy="298" a="0" width="24" height="33.05"/>
  <groundred x="518" y="329.55" cx="515" cy="326" a="0" width="6" height="7.1"/>
  <groundblue x="534.5" y="354" cx="522" cy="332" a="0" width="25" height="44"/>
  <groundred x="498.525" y="329" cx="483" cy="320" a="0" width="31.05" height="18"/>
  <minkskin x="658" y="33" a="0" width="36" height="27"/>
  <flowers1 x="649" y="39" a="0" width="60" height="58.2"/>
  <tree2 x="76" y="141" a="0" width="84.85" height="100"/>
  <flowers1 x="172" y="266" a="0" width="60" height="58.2"/>
  <flowers2 x="429" y="262" a="0" width="60" height="33.45"/>
  <boxskin x="396" y="337" a="0" width="50" height="50"/>
  <groundblue x="395.075" y="368.5" cx="391" cy="365" a="0" width="8.15" height="7"/>
  <groundblue x="251" y="354.05" cx="230" cy="350" a="0" width="42" height="8.1"/>
  <groundblue x="263.05" y="317.5" cx="256" cy="307" a="0" width="14.1" height="21"/>
  <cheeseskin x="253" y="340" a="0" width="27.05" height="22"/>
  <littlemouse x="77" y="22" a="0" width="37.35" height="34.3"/>
  <flowers1 x="248" y="349" a="0" width="60" height="58.2"/>
  <groundblue x="601.5" y="124.5" cx="594" cy="-1" a="0" width="15" height="251"/>
  <groundblue x="614.525" y="364.5" cx="549" cy="361" a="0" width="131.05" height="7"/>
  <groundblue x="721" y="119" cx="714" cy="0" a="0" width="14" height="238"/>
  <groundblue x="721.5" y="302.5" cx="715" cy="238" a="0" width="13" height="129"/>
  <groundblue x="701.3" y="298.7" cx="675" cy="311" a="-36" width="57" height="11"/>
  <groundblue x="626.2750000000001" y="255.75" cx="609" cy="237" a="36" width="50" height="10"/>
  <groundblue x="695.925" y="202.05" cx="670" cy="214" a="-36" width="56" height="11.1"/>
  <groundblue x="602" y="289.525" cx="595" cy="250" a="0" width="14" height="79.05"/>
  <groundblue x="699.275" y="124.775" cx="674" cy="133" a="-30" width="52" height="11"/>
  <groundblue x="624.5" y="92" cx="597" cy="83" a="0" width="55" height="18"/>
</scene>