<scene width="740" height="380">
  <timer time="60"/>
  <creator id="1684348"/>
  <bg id="4"/>
  <staticskin x="19" y="298.5" cx="11" cy="232" a="0" width="16" height="133"/>
  <staticskin x="43" y="343" cx="29" cy="325" a="0" width="28" height="36"/>
  <staticskin x="115" y="335.5" cx="107" cy="312" a="0" width="16" height="47"/>
  <staticblueskin x="164" y="319.5" cx="156" cy="287" a="0" width="16" height="65"/>
  <staticskin x="217" y="300" cx="208" cy="267" a="0" width="18" height="66"/>
  <staticblueskin x="271" y="324.5" cx="262" cy="293" a="0" width="18" height="63"/>
  <staticskin x="322" y="336.5" cx="313" cy="317" a="0" width="18" height="39"/>
  <staticblueskin x="373" y="321.5" cx="364" cy="289" a="0" width="18" height="65"/>
  <staticskin x="422" y="293" cx="415" cy="256" a="0" width="14" height="74"/>
  <staticblueskin x="531" y="271.5" cx="452" cy="267" a="0" width="158" height="9"/>
  <staticblueskin x="690" y="294" cx="647" cy="288" a="0" width="86" height="12"/>
  <staticblueskin x="607" y="310.5" cx="557" cy="307" a="0" width="100" height="7"/>
  <minkskin x="701" y="356" a="0" width="36" height="27"/>
  <staticblueskin x="525" y="326" cx="474" cy="322" a="0" width="102" height="8"/>
  <staticblueskin x="539" y="374" cx="411" cy="364" a="0" width="256" height="20"/>
  <staticblueskin x="177" y="37.5" cx="1" cy="34" a="0" width="352" height="7"/>
  <littlemouse x="34" y="19" a="0" width="37.35" height="34.3"/>
  <staticblueskin x="364" y="50" cx="336" cy="46" a="0" width="56" height="8"/>
  <staticblueskin x="398.5" y="51" cx="394" cy="25" a="0" width="9" height="52"/>
  <staticblueskin x="440.5" y="51.5" cx="409" cy="49" a="0" width="63" height="5"/>
  <staticredskin x="498.5" y="53" cx="484" cy="50" a="0" width="29" height="6"/>
  <staticblueskin x="596.5" y="63" cx="524" cy="60" a="0" width="145" height="6"/>
  <boxskin x="699" y="135" a="0" width="50" height="50"/>
  <staticblueskin x="667" y="164" cx="611" cy="160" a="0" width="112" height="8"/>
  <ballskin x="226" y="15" a="0" width="23.8" height="26.05"/>
  <ballskin x="108" y="15" a="0" width="23.8" height="26.05"/>
  <ballskin x="630" y="44" a="0" width="23.8" height="26.05"/>
  <ballskin x="420" y="29" a="0" width="23.8" height="26.05"/>
  <ballskin x="151" y="23" a="0" width="23.8" height="26.05"/>
  <ballskin x="391" y="11" a="0" width="23.8" height="26.05"/>
  <ballskin x="523" y="35" a="0" width="23.8" height="26.05"/>
  <ballskin x="562" y="52" a="0" width="23.8" height="26.05"/>
  <ballskin x="475" y="34" a="0" width="23.8" height="26.05"/>
  <ballskin x="377" y="27" a="0" width="23.8" height="26.05"/>
  <ballskin x="299" y="13" a="0" width="23.8" height="26.05"/>
  <stone x="648" y="145" a="0" width="31.25" height="22.9"/>
  <flowers1 x="378" y="372" a="0" width="60" height="58.2"/>
  <flowers1 x="701" y="99" a="0" width="60" height="58.2"/>
  <staticblueskin x="545" y="133" cx="509" cy="126" a="0" width="72" height="14"/>
  <staticblueskin x="462.5" y="133" cx="427" cy="129" a="0" width="71" height="8"/>
  <staticblueskin x="380" y="167" cx="331" cy="163" a="0" width="98" height="8"/>
  <staticblueskin x="287.5" y="95.5" cx="251" cy="86" a="0" width="73" height="19"/>
  <staticredskin x="355.5" y="161" cx="346" cy="157" a="0" width="19" height="8"/>
  <staticredskin x="430" y="151.5" cx="427" cy="140" a="0" width="6" height="23"/>
  <staticblueskin x="220" y="84.5" cx="193" cy="79" a="0" width="54" height="11"/>
  <staticblueskin x="93.5" y="84.5" cx="9" cy="79" a="0" width="169" height="11"/>
  <cheeseskin x="48" y="61" a="0" width="27.05" height="22"/>
  <staticblueskin x="285.5" y="189.5" cx="233" cy="185" a="0" width="105" height="9"/>
  <staticskin x="149" y="207.5" cx="63" cy="204" a="0" width="172" height="7"/>
</scene>