<scene width="740" height="380">
  <timer time="60"/>
  <creator id="1547907"/>
  <bg id="7"/>
  <ground x="655.5" y="344.5" cx="607" cy="310" a="0" width="97" height="69"/>
  <staticblueskin x="424" y="324.5" cx="420" cy="319" a="0" width="8" height="11"/>
  <springboardskin x="513" y="336" a="0" width="51" height="10.95"/>
  <springboardskin x="225" y="316" a="0" width="51" height="10.95"/>
  <springboardskin x="110" y="318" a="0" width="51" height="10.95"/>
  <heavyboxskin x="213" y="299" a="0" width="41" height="22"/>
  <heavyboxskin x="96" y="301" a="0" width="41" height="22"/>
  <heavyboxskin x="345" y="354" a="0" width="41" height="22"/>
  <heavyboxskin x="505" y="314" a="0" width="41" height="22"/>
  <heavyboxskin x="421" y="310" a="0" width="41" height="22"/>
  <staticskin x="52.5" y="293.5" cx="48" cy="232" a="0" width="9" height="123"/>
  <staticblueskin x="137" y="210" cx="128" cy="200" a="0" width="18" height="20"/>
  <staticblueskin x="221.5" y="154.5" cx="212" cy="145" a="0" width="19" height="19"/>
  <staticblueskin x="305.5" y="110" cx="296" cy="101" a="0" width="19" height="18"/>
  <staticblueskin x="371" y="144.5" cx="362" cy="134" a="0" width="18" height="21"/>
  <cheeseskin x="304" y="86" a="0" width="27.05" height="22"/>
  <staticblueskin x="460.5" y="147.5" cx="449" cy="137" a="0" width="23" height="21"/>
  <staticblueskin x="550" y="142" cx="541" cy="133" a="0" width="18" height="18"/>
  <staticblueskin x="634" y="133.5" cx="623" cy="122" a="0" width="22" height="23"/>
  <staticredskin x="344.5" y="377" cx="304" cy="369" a="0" width="81" height="16"/>
  <minkskin x="627" y="99" a="0" width="36" height="27"/>
  <littlemouse x="652" y="296" a="0" width="37.35" height="34.3"/>
</scene>