<scene width="2500" height="1200">
  <timer time="60"/>
  <creator id="1506228"/>
  <bg id="12"/>
  <staticblueskin x="863" y="192" cx="856" cy="176" a="0" width="14" height="32"/>
  <cheeseskin x="817" y="186" a="0" width="27.05" height="22"/>
  <staticblueskin x="948.5" y="263" cx="874" cy="256" a="0" width="149" height="14"/>
  <staticblueskin x="876.5" y="226" cx="869" cy="197" a="0" width="15" height="58"/>
  <staticredskin x="889" y="225.5" cx="884" cy="197" a="0" width="10" height="57"/>
  <lpointer x="967" y="238" a="0" width="40" height="33.7"/>
  <rpointer x="1185" y="227" a="0" width="40" height="33.7"/>
  <staticblueskin x="1491.5" y="354.5" cx="1389" cy="345" a="0" width="205" height="19"/>
  <staticblueskin x="1603" y="299.5" cx="1590" cy="240" a="0" width="26" height="119"/>
  <springboardskin x="1566" y="337" a="0" width="51" height="10.95"/>
  <springboardskin x="1529" y="339" a="0" width="51" height="10.95"/>
  <springboardskin x="1548" y="340" a="0" width="51" height="10.95"/>
  <rpointer x="1624" y="235" a="66" width="40" height="33.7"/>
  <staticblueskin x="1610.5" y="436.5" cx="1604" cy="360" a="0" width="13" height="153"/>
  <staticblueskin x="1664.5" y="475.5" cx="1658" cy="271" a="0" width="13" height="409"/>
  <staticblueskin x="1506.725" y="716.2" cx="1675" cy="683" a="168" width="343" height="5"/>
  <staticblueskin x="1498" y="516" cx="1380" cy="510" a="0" width="236" height="12"/>
  <staticblueskin x="1448.5" y="551.5" cx="1443" cy="524" a="0" width="11" height="55"/>
  <staticblueskin x="1477.5" y="569.5" cx="1457" cy="562" a="0" width="41" height="15"/>
  <staticblueskin x="1503" y="550.5" cx="1498" cy="526" a="0" width="10" height="49"/>
  <cheeseskin x="1477" y="544" a="0" width="27.05" height="22"/>
  <staticskin x="1308.5" y="784" cx="1304" cy="780" a="0" width="9" height="8"/>
  <staticskin x="1232.5" y="793" cx="1228" cy="789" a="0" width="9" height="8"/>
  <staticskin x="1152" y="781.5" cx="1145" cy="777" a="0" width="14" height="9"/>
  <staticskin x="1084" y="803.5" cx="1077" cy="800" a="0" width="14" height="7"/>
  <groundred x="727.5" y="361.575" cx="703" cy="357" a="0" width="50" height="10.15"/>
  <staticskin x="1026.5" y="798.5" cx="1021" cy="795" a="0" width="11" height="7"/>
  <staticskin x="961" y="795" cx="956" cy="792" a="0" width="10" height="6"/>
  <staticskin x="941" y="780" cx="936" cy="776" a="0" width="10" height="8"/>
  <groundred x="1164" y="1191" cx="814" cy="1175" a="0" width="701" height="33"/>
  <staticblueskin x="857.5" y="772" cx="798" cy="765" a="0" width="119" height="14"/>
  <staticblueskin x="1181" y="0" cx="907" cy="-5" a="0" width="548" height="10"/>
  <groundblue x="774" y="807" cx="720" cy="801" a="0" width="109" height="13"/>
  <groundblue x="740.5" y="854" cx="667" cy="849" a="0" width="148" height="11"/>
  <heavyboxskin x="743" y="832" a="0" width="41" height="22"/>
  <groundblue x="648" y="902" cx="539" cy="897" a="0" width="219" height="11"/>
  <heavyboxskin x="701" y="878" a="0" width="41" height="22"/>
  <groundblue x="601" y="936.55" cx="455" cy="933" a="0" width="293" height="8.1"/>
  <heavyboxskin x="703" y="919" a="0" width="41" height="22"/>
  <groundred x="419" y="936.175" cx="382" cy="933" a="0" width="75" height="7.35"/>
  <groundblue x="366" y="487.075" cx="74" cy="482" a="0" width="585" height="11.15"/>
  <staticblueskin x="256" y="682" cx="170" cy="677" a="0" width="172" height="10"/>
  <staticblueskin x="181.5" y="624" cx="95" cy="618" a="0" width="173" height="12"/>
  <staticblueskin x="92.5" y="781.5" cx="88" cy="617" a="0" width="9" height="329"/>
  <staticblueskin x="175.5" y="836.5" cx="171" cy="686" a="0" width="9" height="301"/>
  <staticblueskin x="375" y="990" cx="169" cy="987" a="0" width="412" height="6"/>
  <staticblueskin x="362" y="1078.5" cx="101" cy="1075" a="0" width="522" height="7"/>
  <heavyboxskin x="107" y="1059" a="0" width="41" height="22"/>
  <heavyboxskin x="103" y="987" a="0" width="41" height="22"/>
  <heavyboxskin x="104" y="1009" a="0" width="41" height="22"/>
  <heavyboxskin x="100" y="966" a="0" width="41" height="22"/>
  <heavyboxskin x="106" y="1026" a="0" width="41" height="22"/>
  <heavyboxskin x="107" y="1046" a="0" width="41" height="22"/>
  <staticblueskin x="94" y="1078" cx="85" cy="1072" a="0" width="18" height="12"/>
  <staticblueskin x="83.5" y="1057.5" cx="80" cy="1045" a="0" width="7" height="25"/>
  <heavyboxskin x="102" y="952" a="0" width="41" height="22"/>
  <staticblueskin x="81.5" y="945" cx="71" cy="941" a="0" width="21" height="8"/>
  <staticblueskin x="73.5" y="960" cx="70" cy="950" a="0" width="7" height="20"/>
  <staticblueskin x="69" y="1006.5" cx="64" cy="1002" a="0" width="10" height="9"/>
  <staticblueskin x="620.5" y="1115" cx="615" cy="1084" a="0" width="11" height="62"/>
  <staticblueskin x="644" y="989.5" cx="580" cy="987" a="0" width="128" height="5"/>
  <staticblueskin x="705.5" y="1074.5" cx="701" cy="996" a="0" width="9" height="157"/>
  <staticblueskin x="618.5" y="1192.5" cx="524" cy="1189" a="0" width="189" height="7"/>
  <heavyboxskin x="709" y="1173" a="0" width="41" height="22"/>
  <staticblueskin x="548" y="1141" cx="481" cy="1137" a="0" width="134" height="8"/>
  <staticblueskin x="314.5" y="1141" cx="145" cy="1137" a="0" width="339" height="8"/>
  <staticblueskin x="335" y="1191.5" cx="139" cy="1188" a="0" width="392" height="7"/>
  <staticblueskin x="119.5" y="1192.5" cx="88" cy="1188" a="0" width="63" height="9"/>
  <groundred x="32.5" y="1194" cx="3" cy="1188" a="0" width="60" height="13"/>
  <minkskin x="101" y="466" a="0" width="36" height="27"/>
  <groundblue x="172.5" y="438.5" cx="164" cy="396" a="0" width="18" height="86"/>
  <groundblue x="118.5" y="394.5" cx="59" cy="387" a="0" width="120" height="16"/>
  <groundblue x="79.025" y="486" cx="58" cy="480" a="0" width="43.05" height="13"/>
  <staticredskin x="265" y="372" cx="159" cy="366" a="0" width="212" height="12"/>
  <staticskin x="25" y="271" cx="20" cy="267" a="0" width="10" height="8"/>
  <littlemouse x="27" y="250" a="0" width="37.35" height="34.3"/>
  <staticskin x="41.5" y="293.5" cx="38" cy="289" a="0" width="7" height="9"/>
  <staticskin x="55.5" y="316" cx="53" cy="312" a="0" width="5" height="8"/>
  <staticskin x="65" y="344.5" cx="62" cy="342" a="0" width="6" height="5"/>
  <staticblueskin x="366.525" y="-168.95" cx="236" cy="-483" a="66" width="680" height="17"/>
  <staticblueskin x="369.2" y="-152.22499999999997" cx="166" cy="113" a="-54" width="668" height="17"/>
  <staticblueskin x="517.5" y="234" cx="411" cy="223" a="0" width="213" height="22"/>
  <groundred x="718.75" y="376.3" cx="676" cy="373" a="0" width="86.5" height="7.6"/>
  <staticskin x="90.5" y="366.5" cx="87" cy="362" a="0" width="7" height="9"/>
  <staticskin x="132.5" y="370.5" cx="127" cy="367" a="0" width="11" height="7"/>
  <springboardskin x="693" y="380" a="0" width="51" height="10.95"/>
  <springboardskin x="749" y="382" a="0" width="51" height="10.95"/>
  <springboardskin x="704" y="373" a="0" width="51" height="10.95"/>
  <springboardskin x="741" y="383" a="0" width="51" height="10.95"/>
  <springboardskin x="730" y="374" a="0" width="51" height="10.95"/>
  <springboardskin x="708" y="378" a="0" width="51" height="10.95"/>
  <springboardskin x="749" y="380" a="0" width="51" height="10.95"/>
  <springboardskin x="725" y="378" a="0" width="51" height="10.95"/>
  <springboardskin x="724" y="381" a="0" width="51" height="10.95"/>
  <springboardskin x="758" y="382" a="0" width="51" height="10.95"/>
  <staticblueskin x="753.05" y="75.425" cx="911" cy="49" a="168" width="320" height="14"/>
  <staticblueskin x="770" y="178.5" cx="764" cy="150" a="0" width="12" height="57"/>
  <staticblueskin x="121.5" y="1007" cx="118" cy="945" a="0" width="7" height="124"/>
  <staticblueskin x="110.5" y="936.5" cx="99" cy="931" a="0" width="23" height="11"/>
  <staticblueskin x="814.5" y="206.5" cx="775" cy="200" a="0" width="79" height="13"/>
</scene>