<scene width="1000" height="380">
  <timer time="80"/>
  <creator id="2218647"/>
  <bg id="12"/>
  <staticredskin x="39" y="342.5" cx="14" cy="340" a="0" width="50" height="5"/>
  <staticblueskin x="89" y="135.5" cx="86" cy="44" a="0" width="6" height="183"/>
  <staticblueskin x="201" y="135.5" cx="198" cy="43" a="0" width="6" height="185"/>
  <ballskin x="321" y="306" a="0" width="23.8" height="26.05"/>
  <heavyboxskin x="857" y="192" a="0" width="41" height="22"/>
  <staticblueskin x="15.5" y="281.5" cx="18" cy="222" a="90" width="119" height="5"/>
  <staticblueskin x="800.375" y="269.375" cx="827" cy="204" a="25" width="7" height="141"/>
  <staticblueskin x="860" y="208.5" cx="834" cy="205" a="0" width="52" height="7"/>
  <staticblueskin x="144" y="45.5" cx="84" cy="43" a="0" width="120" height="5"/>
  <staticblueskin x="53.5" y="223.5" cx="15" cy="220" a="0" width="77" height="7"/>
  <staticblueskin x="231" y="225.5" cx="200" cy="223" a="0" width="62" height="5"/>
  <staticblueskin x="792.375" y="139.925" cx="827" cy="36" a="20" width="6" height="219"/>
  <staticblueskin x="938.4" y="172.475" cx="885" cy="36" a="-20" width="7" height="293"/>
  <staticblueskin x="62.5" y="301" cx="60" cy="262" a="0" width="5" height="78"/>
  <staticblueskin x="847.8" y="131.55" cx="859" cy="92" a="20" width="6" height="82"/>
  <staticblueskin x="254.5" y="300.5" cx="252" cy="260" a="0" width="5" height="81"/>
  <staticblueskin x="129.5" y="175.5" cx="127" cy="88" a="0" width="5" height="175"/>
  <staticblueskin x="915.45" y="267.35" cx="884" cy="207" a="-25" width="6" height="136"/>
  <cheeseskin x="599" y="199" a="0" width="27.05" height="22"/>
  <staticblueskin x="145.5" y="91.5" cx="128" cy="88" a="0" width="35" height="7"/>
  <staticblueskin x="181" y="137.5" cx="159" cy="134" a="0" width="44" height="7"/>
  <staticblueskin x="150" y="181.5" cx="130" cy="178" a="0" width="40" height="7"/>
  <staticblueskin x="180" y="224" cx="159" cy="221" a="0" width="42" height="6"/>
  <littlemouse x="42" y="323" a="0" width="37.35" height="34.3"/>
  <staticblueskin x="301" y="219" cx="298" cy="99" a="0" width="6" height="240"/>
  <staticblueskin x="724.5" y="31.5" cx="673" cy="29" a="0" width="103" height="5"/>
  <staticblueskin x="303" y="47" cx="300" cy="33" a="0" width="6" height="28"/>
  <staticblueskin x="343" y="142.5" cx="340" cy="31" a="0" width="6" height="223"/>
  <staticblueskin x="321.5" y="35" cx="302" cy="32" a="0" width="39" height="6"/>
  <staticblueskin x="344.5" y="322" cx="341" cy="308" a="0" width="7" height="28"/>
  <staticblueskin x="388.5" y="275.575" cx="431" cy="236" a="50" width="6" height="116"/>
  <staticblueskin x="388.05" y="212.6" cx="431" cy="172" a="50" width="7" height="118"/>
  <staticblueskin x="429" y="106.5" cx="426" cy="31" a="0" width="6" height="151"/>
  <staticblueskin x="432" y="282.5" cx="429" cy="237" a="0" width="6" height="91"/>
  <staticblueskin x="481.5" y="200.5" cx="479" cy="73" a="0" width="5" height="255"/>
  <staticblueskin x="550.85" y="124.9" cx="518" cy="74" a="-30" width="6" height="121"/>
  <staticblueskin x="599.5" y="177.5" cx="580" cy="175" a="0" width="39" height="5"/>
  <staticblueskin x="863" y="168" cx="840" cy="165" a="0" width="46" height="6"/>
  <staticblueskin x="647.85" y="124.025" cx="675" cy="71" a="30" width="6" height="119"/>
  <staticblueskin x="876.025" y="130.975" cx="859" cy="93" a="-20" width="6" height="83"/>
  <staticredskin x="300" y="340.5" cx="251" cy="338" a="0" width="98" height="5"/>
  <staticredskin x="479" y="327.5" cx="430" cy="325" a="0" width="98" height="5"/>
  <staticblueskin x="192.5" y="261.5" cx="128" cy="259" a="0" width="129" height="5"/>
  <staticredskin x="94.5" y="263.5" cx="61" cy="261" a="0" width="67" height="5"/>
  <staticblueskin x="474.5" y="28" cx="427" cy="25" a="0" width="95" height="6"/>
  <staticblueskin x="801" y="257.5" cx="797" cy="254" a="0" width="8" height="7"/>
  <staticblueskin x="526.5" y="244.5" cx="524" cy="159" a="0" width="5" height="171"/>
  <minkskin x="940" y="351" a="0" width="36" height="27"/>
  <staticblueskin x="540.65" y="185.925" cx="528" cy="158" a="60" width="61" height="6"/>
  <staticblueskin x="664.075" y="190.325" cx="651" cy="218" a="-150" width="5" height="61"/>
  <staticblueskin x="604" y="218" cx="555" cy="215" a="0" width="98" height="6"/>
  <staticblueskin x="717" y="202" cx="714" cy="74" a="0" width="6" height="256"/>
  <staticblueskin x="678" y="245.5" cx="675" cy="161" a="0" width="6" height="169"/>
  <staticblueskin x="860" y="37.5" cx="826" cy="35" a="0" width="68" height="5"/>
  <staticredskin x="721" y="332.5" cx="674" cy="329" a="0" width="94" height="7"/>
</scene>