<scene width="740" height="380">
  <timer time="80"/>
  <creator id="2978571"/>
  <bg id="7"/>
  <tree2 x="141" y="251" a="0" width="84.85" height="100"/>
  <tree x="365" y="286" a="0" width="78.35" height="100"/>
  <flowers1 x="366" y="142" a="0" width="60" height="58.2"/>
  <staticblueskin x="49" y="55.5" cx="-3" cy="42" a="0" width="104" height="27"/>
  <staticblueskin x="264.5" y="135.5" cx="202" cy="132" a="0" width="125" height="7"/>
  <staticblueskin x="491.5" y="201.5" cx="423" cy="188" a="0" width="137" height="27"/>
  <staticblueskin x="663" y="299" cx="630" cy="273" a="0" width="66" height="52"/>
  <staticblueskin x="616.5" y="353.5" cx="464" cy="350" a="0" width="305" height="7"/>
  <staticblueskin x="257" y="330.5" cx="218" cy="325" a="0" width="78" height="11"/>
  <staticblueskin x="46" y="272" cx="10" cy="258" a="0" width="72" height="28"/>
  <staticblueskin x="148" y="312.5" cx="129" cy="299" a="0" width="38" height="27"/>
  <staticblueskin x="378" y="345.5" cx="345" cy="333" a="0" width="66" height="25"/>
  <staticblueskin x="144" y="96" cx="127" cy="79" a="0" width="34" height="34"/>
  <staticblueskin x="366" y="176.5" cx="346" cy="154" a="0" width="40" height="45"/>
  <groundred x="442" y="186.5" cx="396" cy="156" a="0" width="93" height="62"/>
  <cheeseskin x="443" y="53" a="0" width="27.05" height="22"/>
  <littlemouse x="47" y="28" a="0" width="37.35" height="34.3"/>
  <minkskin x="44" y="244" a="0" width="36" height="27"/>
  <bush x="328" y="410" a="0" width="59.4" height="32.3"/>
  <bush x="276" y="406" a="0" width="59.4" height="32.3"/>
  <rpointer x="250" y="116" a="0" width="40" height="33.7"/>
  <lpointer x="508" y="333" a="0" width="40" height="33.7"/>
  <flowers2 x="665" y="333" a="0" width="60" height="33.45"/>
  <tree2 x="585" y="300" a="0" width="84.85" height="100"/>
</scene>