<scene width="740" height="380">
  <timer time="60"/>
  <creator id="2606642"/>
  <bg id="1"/>
  <springboardskin x="278" y="163" a="0" width="51" height="10.95"/>
  <springboardskin x="452" y="165" a="0" width="51" height="10.95"/>
  <springboardskin x="553" y="283" a="0" width="51" height="10.95"/>
  <springboardskin x="41" y="352" a="0" width="51" height="10.95"/>
  <springboardskin x="680" y="355" a="0" width="51" height="10.95"/>
  <springboardskin x="358" y="71" a="0" width="51" height="10.95"/>
  <cheeseskin x="352" y="56" a="0" width="27.05" height="22"/>
  <minkskin x="679" y="334" a="0" width="36" height="27"/>
  <littlemouse x="45" y="328" a="0" width="37.35" height="34.3"/>
  <springboardskin x="184" y="272" a="0" width="51" height="10.95"/>
</scene>