<scene width="740" height="380">
  <timer time="80"/>
  <creator id="723174"/>
  <bg id="11"/>
  <staticblueskin x="275.5" y="366.5" cx="272" cy="357" a="0" width="7" height="19"/>
  <staticredskin x="393.025" y="213.425" cx="324" cy="326" a="-60" width="264" height="7"/>
  <staticblueskin x="343.5" y="3" cx="-55" cy="0" a="0" width="797" height="6"/>
  <staticblueskin x="554.5" y="98.5" cx="457" cy="96" a="0" width="195" height="5"/>
  <staticblueskin x="495.5" y="79.5" cx="493" cy="63" a="0" width="5" height="33"/>
  <staticblueskin x="541" y="29.5" cx="538" cy="2" a="0" width="6" height="55"/>
  <staticblueskin x="580.5" y="76" cx="578" cy="57" a="0" width="5" height="38"/>
  <staticblueskin x="627" y="27.5" cx="624" cy="2" a="0" width="6" height="51"/>
  <staticblueskin x="593.9" y="198.8" cx="532" cy="297" a="-60" width="232" height="9"/>
  <staticblueskin x="740" y="216.5" cx="736" cy="-7" a="0" width="8" height="447"/>
  <staticredskin x="671.925" y="347.675" cx="655" cy="335" a="30" width="42" height="5"/>
  <staticredskin x="572.5" y="288.425" cx="556" cy="276" a="30" width="41" height="5"/>
  <staticblueskin x="712.85" y="317.725" cx="674" cy="379" a="-60" width="145" height="6"/>
  <staticredskin x="412.5" y="375" cx="332" cy="372" a="0" width="161" height="6"/>
  <staticredskin x="558.5" y="218" cx="538" cy="215" a="0" width="41" height="6"/>
  <staticredskin x="481.5" y="241.5" cx="470" cy="239" a="0" width="23" height="5"/>
  <staticredskin x="415.5" y="216.5" cx="397" cy="214" a="0" width="37" height="5"/>
  <minkskin x="531" y="120" a="0" width="36" height="27"/>
  <littlemouse x="42" y="339" a="0" width="37.35" height="34.3"/>
  <rpointer x="179" y="56" a="0" width="40" height="33.7"/>
  <bush x="602" y="364" a="0" width="59.4" height="32.3"/>
  <staticredskin x="40.5" y="378" cx="-3" cy="375" a="0" width="87" height="6"/>
  <staticredskin x="-0.5" y="195.5" cx="-4" cy="-3" a="0" width="7" height="397"/>
  <staticredskin x="87" y="228" cx="84" cy="74" a="0" width="6" height="308"/>
  <staticblueskin x="182.5" y="73.5" cx="84" cy="71" a="0" width="197" height="5"/>
  <staticredskin x="223.225" y="175.25" cx="161" cy="275" a="-60" width="235" height="8"/>
  <staticredskin x="292.975" y="182.14999999999998" cx="233" cy="278" a="-60" width="226" height="8"/>
  <staticredskin x="350.5" y="45" cx="347" cy="4" a="0" width="7" height="82"/>
  <staticredskin x="111" y="379" cx="87" cy="376" a="0" width="48" height="6"/>
  <cheeseskin x="161" y="112" a="0" width="27.05" height="22"/>
  <staticblueskin x="449.5" y="380" cx="135" cy="377" a="0" width="629" height="6"/>
  <boxskin x="304" y="353" a="0" width="50" height="50"/>
  <staticblueskin x="331" y="369" cx="328" cy="360" a="0" width="6" height="18"/>
</scene>