<scene width="740" height="380">
  <timer time="60"/>
  <creator id="33691"/>
  <bg id="3"/>
  <carriervertical x="716" y="360" linewidth="50" lineheight="200" boxwidth="50" boxheight="20"/>
  <carriervertical x="666" y="360" linewidth="50" lineheight="200" boxwidth="50" boxheight="20"/>
  <carriervertical x="616" y="360" linewidth="50" lineheight="200" boxwidth="50" boxheight="20"/>
  <carriervertical x="627" y="386" linewidth="50" lineheight="200" boxwidth="50" boxheight="20"/>
  <carriervertical x="566" y="360" linewidth="50" lineheight="200" boxwidth="50" boxheight="20"/>
  <carriervertical x="469" y="325" linewidth="50" lineheight="200" boxwidth="50" boxheight="20"/>
  <carriervertical x="385" y="292" linewidth="50" lineheight="200" boxwidth="50" boxheight="20"/>
  <carriervertical x="469" y="247" linewidth="50" lineheight="200" boxwidth="50" boxheight="20"/>
  <carriervertical x="580" y="217" linewidth="50" lineheight="200" boxwidth="50" boxheight="20"/>
  <carriervertical x="667" y="180" linewidth="50" lineheight="200" boxwidth="50" boxheight="20"/>
  <carrierhorizontal x="540" y="152" linewidth="300" lineheight="20" boxwidth="50" boxheight="20"/>
  <carrierhorizontal x="418" y="152" linewidth="300" lineheight="20" boxwidth="50" boxheight="20"/>
  <carrierhorizontal x="299" y="153" linewidth="300" lineheight="20" boxwidth="50" boxheight="20"/>
  <carriervertical x="235" y="116" linewidth="50" lineheight="200" boxwidth="50" boxheight="20"/>
  <carriervertical x="613" y="393" linewidth="50" lineheight="200" boxwidth="50" boxheight="20"/>
  <carrierhorizontal x="565" y="410" linewidth="300" lineheight="20" boxwidth="50" boxheight="20"/>
  <carrierhorizontal x="319" y="82" linewidth="300" lineheight="20" boxwidth="50" boxheight="20"/>
  <carriervertical x="597" y="386" linewidth="50" lineheight="200" boxwidth="50" boxheight="20"/>
  <carrierhorizontal x="432" y="81" linewidth="300" lineheight="20" boxwidth="50" boxheight="20"/>
  <carrierhorizontal x="549" y="80" linewidth="300" lineheight="20" boxwidth="50" boxheight="20"/>
  <carrierhorizontal x="658" y="80" linewidth="300" lineheight="20" boxwidth="50" boxheight="20"/>
  <cheeseskin x="684" y="44" a="0" width="27.05" height="22"/>
  <tree x="705" y="310" a="0" width="78.35" height="100"/>
  <flowers1 x="455" y="57" a="0" width="60" height="58.2"/>
  <flowers2 x="683" y="54" a="0" width="60" height="33.45"/>
  <flowers1 x="383" y="277" a="0" width="60" height="58.2"/>
  <flowers1 x="666" y="165" a="0" width="60" height="58.2"/>
  <flowers1 x="234" y="101" a="0" width="60" height="58.2"/>
  <rpointer x="251" y="406" a="0" width="40" height="33.7"/>
  <springboardskin x="271" y="341" a="0" width="51" height="10.95"/>
  <springboardskin x="148" y="279" a="0" width="51" height="10.95"/>
  <springboardskin x="39" y="224" a="0" width="51" height="10.95"/>
  <springboardskin x="140" y="163" a="0" width="51" height="10.95"/>
  <minkskin x="689" y="346" a="0" width="36" height="27"/>
  <littlemouse x="683" y="345" a="0" width="37.35" height="34.3"/>
</scene>