<scene width="740" height="380">
  <timer time="60"/>
  <creator id="1506228"/>
  <bg id="3"/>
  <staticblueskin x="158" y="338" cx="126" cy="334" a="0" width="64" height="8"/>
  <staticblueskin x="224.95" y="330.54999999999995" cx="261" cy="327" a="168" width="72" height="8"/>
  <staticblueskin x="298.25" y="304.5" cx="259" cy="320" a="-27" width="84" height="8"/>
  <staticblueskin x="83.3" y="165.5" cx="97" cy="-3" a="6" width="8" height="338"/>
  <staticblueskin x="84.55000000000001" y="251.4" cx="81" cy="247" a="6" width="8" height="8"/>
  <staticblueskin x="606.2750000000001" y="63.325" cx="569" cy="-29" a="66" width="199" height="7"/>
  <staticblueskin x="461.5" y="380.5" cx="319" cy="378" a="0" width="285" height="5"/>
  <staticblueskin x="366.6" y="253.5" cx="399" cy="225" a="134" width="86" height="7"/>
  <staticblueskin x="424.65" y="196.75" cx="394" cy="221" a="-42" width="78" height="5"/>
  <littlemouse x="182" y="-8" a="0" width="37.35" height="34.3"/>
  <staticskin x="179" y="13" cx="175" cy="9" a="0" width="8" height="8"/>
  <cheeseskin x="574" y="51" a="0" width="27.05" height="22"/>
  <staticblueskin x="395" y="353.5" cx="389" cy="331" a="0" width="12" height="45"/>
  <staticblueskin x="525" y="350.5" cx="518" cy="323" a="0" width="14" height="55"/>
  <minkskin x="466" y="363" a="0" width="36" height="27"/>
  <staticredskin x="80.25" y="294.65" cx="81" cy="254" a="6" width="7" height="81"/>
  <staticblueskin x="100.9" y="336.925" cx="78" cy="330" a="6" width="47" height="9"/>
</scene>