<scene width="740" height="380">
  <timer time="60"/>
  <creator id="2695265"/>
  <bg id="9"/>
  <ballskin x="135" y="339" a="0" width="25" height="25"/>
  <ballskin x="116" y="346" a="0" width="25" height="25"/>
  <springboardskin x="438" y="303" a="0" width="51" height="10.95"/>
  <springboardskin x="505" y="261" a="0" width="51" height="10.95"/>
  <staticblueskin x="583" y="235" cx="552" cy="232" a="0" width="62" height="6"/>
  <bush x="582" y="216" a="0" width="59.4" height="32.3"/>
  <cheeseskin x="579" y="220" a="0" width="27.05" height="22"/>
  <flowers1 x="585" y="220" a="0" width="60" height="58.2"/>
  <staticredskin x="616.5" y="365" cx="500" cy="362" a="0" width="233" height="6"/>
  <carrierhorizontal x="155" y="219" linewidth="300" lineheight="20" boxwidth="50" boxheight="20"/>
  <staticblueskin x="111.5" y="161" cx="74" cy="157" a="0" width="75" height="8"/>
  <staticblueskin x="108" y="154.5" cx="102" cy="151" a="0" width="12" height="7"/>
  <staticblueskin x="42" y="123.5" cx="17" cy="120" a="0" width="50" height="7"/>
  <minkskin x="41" y="105" a="0" width="36" height="27"/>
  <staticblueskin x="86" y="352" cx="77" cy="345" a="0" width="18" height="14"/>
  <ballskin x="163" y="348" a="0" width="25" height="25"/>
  <ballskin x="160" y="327" a="0" width="25" height="25"/>
  <ballskin x="181" y="338" a="0" width="25" height="25"/>
  <rpointer x="189" y="347" a="0" width="40" height="33.7"/>
  <littlemouse x="36" y="340" a="0" width="37.35" height="34.3"/>
  <staticblueskin x="131.5" y="362" cx="11" cy="359" a="0" width="241" height="6"/>
  <staticblueskin x="306" y="354.5" cx="294" cy="352" a="0" width="24" height="5"/>
  <springboardskin x="379" y="336" a="0" width="51" height="10.95"/>
  <ballskin x="149" y="348" a="0" width="25" height="25"/>
</scene>