<scene width="740" height="380">
  <timer time="60"/>
  <creator id="676398"/>
  <bg id="4"/>
  <cheeseskin x="149" y="36" a="0" width="27.05" height="22"/>
  <carrierhorizontal x="224" y="166" linewidth="300" lineheight="20" boxwidth="50" boxheight="20"/>
  <ground x="190.5" y="169.525" cx="184" cy="163" a="0" width="13" height="13.05"/>
  <littlemouse x="25" y="84" a="0" width="37.35" height="34.3"/>
  <tree2 x="186" y="111" a="0" width="84.85" height="100"/>
  <minkskin x="541" y="145" a="0" width="36" height="27"/>
  <staticredskin x="106" y="5.5" cx="0" cy="-1" a="0" width="212" height="13"/>
  <staticredskin x="-1.5" y="63.5" cx="-9" cy="12" a="0" width="15" height="103"/>
  <staticredskin x="77" y="113.5" cx="-19" cy="105" a="0" width="192" height="17"/>
  <staticredskin x="245.70000000000002" y="27.125" cx="254" cy="-25" a="15" width="11" height="105"/>
  <staticredskin x="232" y="4.5" cx="209" cy="-1" a="0" width="46" height="11"/>
  <cheeseskin x="212" y="36" a="0" width="27.05" height="22"/>
  <cheeseskin x="23" y="36" a="0" width="27.05" height="22"/>
  <cheeseskin x="81" y="38" a="0" width="27.05" height="22"/>
</scene>