<scene width="740" height="380">
  <timer time="40"/>
  <creator id="2758428"/>
  <bg id="6"/>
  <springboardskin x="168" y="317" a="0" width="51" height="10.95"/>
  <springboardskin x="269" y="360" a="0" width="51" height="10.95"/>
  <springboardskin x="293" y="258" a="0" width="51" height="10.95"/>
  <springboardskin x="400" y="283" a="0" width="51" height="10.95"/>
  <springboardskin x="168" y="186" a="0" width="51" height="10.95"/>
  <ballskin x="209" y="42" a="0" width="23.8" height="26.05"/>
  <ballskin x="249" y="48" a="0" width="23.8" height="26.05"/>
  <ballskin x="200" y="79" a="0" width="23.8" height="26.05"/>
  <ballskin x="237" y="64" a="0" width="23.8" height="26.05"/>
  <ballskin x="298" y="157" a="0" width="23.8" height="26.05"/>
  <ballskin x="280" y="76" a="0" width="23.8" height="26.05"/>
  <ballskin x="266" y="92" a="0" width="23.8" height="26.05"/>
  <ballskin x="315" y="161" a="0" width="23.8" height="26.05"/>
  <ballskin x="290" y="131" a="0" width="23.8" height="26.05"/>
  <ballskin x="296" y="122" a="0" width="23.8" height="26.05"/>
  <ballskin x="344" y="124" a="0" width="23.8" height="26.05"/>
  <ballskin x="402" y="87" a="0" width="23.8" height="26.05"/>
  <ballskin x="505" y="126" a="0" width="23.8" height="26.05"/>
  <ballskin x="464" y="120" a="0" width="23.8" height="26.05"/>
  <ballskin x="361" y="45" a="0" width="23.8" height="26.05"/>
  <carrierhorizontal x="87" y="368" linewidth="300" lineheight="20" boxwidth="50" boxheight="20"/>
  <rpointer x="135" y="334" a="0" width="40" height="33.7"/>
  <littlemouse x="107" y="345" a="0" width="37.35" height="34.3"/>
  <springboardskin x="505" y="209" a="0" width="51" height="10.95"/>
  <springboardskin x="610" y="131" a="0" width="51" height="10.95"/>
  <minkskin x="675" y="66" a="0" width="36" height="27"/>
  <cheeseskin x="417" y="120" a="0" width="27.05" height="22"/>
</scene>