<scene width="740" height="380">
  <timer time="80"/>
  <creator id="646516"/>
  <bg id="1"/>
  <staticblueskin x="287" y="230" cx="284" cy="166" a="0" width="6" height="128"/>
  <staticblueskin x="324" y="279" cx="321" cy="207" a="0" width="6" height="144"/>
  <staticblueskin x="251.5" y="181" cx="248" cy="130" a="0" width="7" height="102"/>
  <staticblueskin x="21" y="294.5" cx="-6" cy="291" a="0" width="54" height="7"/>
  <groundblue x="394" y="375" cx="321" cy="369" a="0" width="146" height="12"/>
  <staticblueskin x="596.5" y="187.5" cx="559" cy="183" a="0" width="75" height="9"/>
  <cheeseskin x="671" y="91" a="0" width="27.05" height="22"/>
  <groundred x="518" y="374.525" cx="495" cy="368" a="0" width="46" height="13.05"/>
  <minkskin x="24" y="259" a="0" width="36" height="27"/>
  <tree2 x="428" y="319" a="0" width="84.85" height="100"/>
  <staticredskin x="415.5" y="357.5" cx="411" cy="351" a="0" width="9" height="13"/>
  <staticredskin x="445" y="358.5" cx="435" cy="354" a="0" width="20" height="9"/>
  <staticredskin x="418" y="319.5" cx="412" cy="317" a="0" width="12" height="5"/>
  <staticblueskin x="422" y="141" cx="378" cy="136" a="0" width="88" height="10"/>
  <littlemouse x="356" y="348" a="0" width="37.35" height="34.3"/>
  <staticredskin x="706.5" y="74.5" cx="692" cy="69" a="0" width="29" height="11"/>
  <staticredskin x="704.5" y="34.5" cx="700" cy="13" a="0" width="9" height="43"/>
  <staticblueskin x="361.5" y="54" cx="357" cy="19" a="0" width="9" height="70"/>
  <staticblueskin x="218" y="131.5" cx="215" cy="83" a="0" width="6" height="97"/>
  <heavyboxskin x="392" y="358" a="0" width="41.05" height="22"/>
  <carrierhorizontal x="-12" y="144" linewidth="300" lineheight="20" boxwidth="50" boxheight="20"/>
  <staticskin x="186" y="125" cx="178" cy="87" a="0" width="16" height="76"/>
  <ballskin x="418" y="121" a="0" width="25" height="25"/>
  <ballskin x="18" y="275" a="0" width="25" height="25"/>
  <staticredskin x="649" y="101" cx="601" cy="97" a="0" width="96" height="8"/>
  <staticredskin x="641" y="6.5" cx="580" cy="-1" a="0" width="122" height="15"/>
  <ballskin x="627" y="56" a="0" width="25" height="25"/>
  <ballskin x="673" y="54" a="0" width="25" height="25"/>
  <springboardskin x="578" y="176" a="0" width="51" height="10.95"/>
  <stone x="542" y="415" a="0" width="31.25" height="22.9"/>
  <flowers2 x="587" y="176" a="0" width="60" height="33.45"/>
  <staticblueskin x="210" y="352" cx="206" cy="317" a="0" width="8" height="70"/>
  <staticblueskin x="244.5" y="353" cx="215" cy="348" a="0" width="59" height="10"/>
  <staticblueskin x="272.5" y="315" cx="268" cy="284" a="0" width="9" height="62"/>
  <cheeseskin x="232" y="341" a="0" width="27.05" height="22"/>
  <staticblueskin x="253" y="323" cx="232" cy="319" a="0" width="42" height="8"/>
</scene>