<scene width="740" height="380">
  <timer time="60"/>
  <creator id="2959170"/>
  <bg id="12"/>
  <littlemouse x="32" y="31" a="0" width="37.35" height="34.3"/>
  <staticblueskin x="353" y="324" cx="291" cy="318" a="0" width="124" height="12"/>
  <staticblueskin x="159" y="324" cx="65" cy="318" a="0" width="188" height="12"/>
  <staticblueskin x="144.5" y="47" cx="29" cy="43" a="0" width="231" height="8"/>
  <staticblueskin x="267" y="92.5" cx="263" cy="46" a="0" width="8" height="93"/>
  <staticblueskin x="319.5" y="142" cx="273" cy="138" a="0" width="93" height="8"/>
  <staticblueskin x="369.5" y="122.5" cx="366" cy="101" a="0" width="7" height="43"/>
  <staticblueskin x="403.5" y="143.5" cx="377" cy="141" a="0" width="53" height="5"/>
  <staticblueskin x="436" y="127" cx="431" cy="106" a="0" width="10" height="42"/>
  <stone x="412" y="125" a="0" width="31.25" height="22.9"/>
  <staticblueskin x="498.5" y="146.5" cx="445" cy="143" a="0" width="107" height="7"/>
  <flowers1 x="710" y="227" a="0" width="60" height="58.2"/>
  <flowers1 x="518" y="340" a="0" width="60" height="58.2"/>
  <flowers1 x="659" y="333" a="0" width="60" height="58.2"/>
  <tree2 x="689" y="187" a="0" width="84.85" height="100"/>
  <ballskin x="33" y="369" a="0" width="23.8" height="26.05"/>
  <heavyboxskin x="629" y="234" a="0" width="41" height="22"/>
  <staticblueskin x="669.5" y="245" cx="602" cy="240" a="0" width="135" height="10"/>
  <staticskin x="511.5" y="291" cx="453" cy="285" a="0" width="117" height="12"/>
  <minkskin x="32" y="271" a="0" width="36" height="27"/>
  <cheeseskin x="555" y="274" a="0" width="27.05" height="22"/>
</scene>