<scene width="740" height="380">
  <timer time="120"/>
  <creator id="2939458"/>
  <bg id="1"/>
  <staticskin x="2" y="225.5" cx="-1" cy="80" a="0" width="6" height="291"/>
  <staticskin x="1.5" y="47.5" cx="-1" cy="-18" a="0" width="5" height="131"/>
  <staticskin x="346.5" y="5.5" cx="-2" cy="2" a="0" width="697" height="7"/>
  <staticskin x="551.5" y="3.5" cx="362" cy="-1" a="0" width="379" height="9"/>
  <staticskin x="736.5" y="128.5" cx="734" cy="3" a="0" width="5" height="251"/>
  <staticskin x="661" y="375" cx="583" cy="371" a="0" width="156" height="8"/>
  <staticskin x="738" y="266" cx="735" cy="148" a="0" width="6" height="236"/>
  <staticskin x="270.5" y="343" cx="233" cy="315" a="0" width="75" height="56"/>
  <staticskin x="237" y="269" cx="233" cy="221" a="0" width="8" height="96"/>
  <staticskin x="328" y="328.5" cx="325" cy="287" a="0" width="6" height="83"/>
  <staticskin x="430" y="317.5" cx="426" cy="266" a="0" width="8" height="103"/>
  <staticblueskin x="382.5" y="268" cx="308" cy="235" a="0" width="149" height="66"/>
  <staticskin x="531.5" y="264" cx="528" cy="218" a="0" width="7" height="92"/>
  <staticskin x="499" y="338" cx="463" cy="307" a="0" width="72" height="62"/>
  <ballskin x="347" y="325" a="0" width="23.8" height="26.05"/>
  <ballskin x="393" y="328" a="0" width="23.8" height="26.05"/>
  <ballskin x="371" y="341" a="0" width="23.8" height="26.05"/>
  <ballskin x="501" y="277" a="0" width="23.8" height="26.05"/>
  <ballskin x="271" y="297" a="0" width="23.8" height="26.05"/>
  <ballskin x="271" y="254" a="0" width="23.8" height="26.05"/>
  <ballskin x="491" y="253" a="0" width="23.8" height="26.05"/>
  <littlemouse x="382" y="218" a="0" width="37.35" height="34.3"/>
  <staticskin x="179" y="110" cx="176" cy="4" a="0" width="6" height="212"/>
  <staticskin x="179.5" y="265" cx="176" cy="211" a="0" width="7" height="108"/>
  <staticskin x="119.5" y="316" cx="57" cy="312" a="0" width="125" height="8"/>
  <staticskin x="60.5" y="263" cx="-2" cy="258" a="0" width="125" height="10"/>
  <staticskin x="117.5" y="196.5" cx="56" cy="191" a="0" width="123" height="11"/>
  <cheeseskin x="120" y="35" a="0" width="27.05" height="22"/>
  <staticskin x="55.5" y="122.5" cx="3" cy="119" a="0" width="105" height="7"/>
  <staticskin x="120" y="57" cx="60" cy="53" a="0" width="120" height="8"/>
  <staticblueskin x="391" y="163" cx="239" cy="158" a="0" width="304" height="10"/>
  <staticblueskin x="551.5" y="163" cx="493" cy="157" a="0" width="117" height="12"/>
  <staticblueskin x="614" y="265" cx="611" cy="157" a="0" width="6" height="216"/>
  <staticblueskin x="640" y="262.5" cx="614" cy="158" a="0" width="52" height="209"/>
  <minkskin x="694" y="359" a="0" width="36" height="27"/>
  <staticblueskin x="663" y="120.5" cx="659" cy="80" a="0" width="8" height="81"/>
  <staticblueskin x="386.5" y="93" cx="170" cy="87" a="0" width="433" height="12"/>
  <staticblueskin x="662.5" y="114.5" cx="659" cy="62" a="0" width="7" height="105"/>
  <ballskin x="628" y="121" a="0" width="23.8" height="26.05"/>
  <staticskin x="324" y="374" cx="-7" cy="370" a="0" width="662" height="8"/>
</scene>