<scene width="740" height="380">
  <timer time="60"/>
  <creator id="2902495"/>
  <bg id="6"/>
  <staticblueskin x="131.5" y="274.5" cx="91" cy="269" a="0" width="81" height="11"/>
  <staticblueskin x="183.5" y="249.5" cx="144" cy="245" a="0" width="79" height="9"/>
  <staticblueskin x="226.5" y="225.5" cx="188" cy="221" a="0" width="77" height="9"/>
  <staticblueskin x="570.5" y="338" cx="565" cy="307" a="0" width="11" height="62"/>
  <groundred x="591.025" y="347.5" cx="584" cy="325" a="0" width="15.05" height="46"/>
  <ground x="522.575" y="314.5" cx="518" cy="256" a="0" width="9.15" height="117"/>
  <groundred x="547.05" y="326.5" cx="541" cy="284" a="0" width="13.1" height="86"/>
  <ground x="499.05" y="324" cx="494" cy="277" a="0" width="10.1" height="94"/>
  <littlemouse x="692" y="359" a="0" width="37.35" height="34.3"/>
  <staticredskin x="734" y="311.5" cx="731" cy="278" a="0" width="6" height="67"/>
  <staticredskin x="324.5" y="373" cx="274" cy="369" a="0" width="101" height="8"/>
  <carrierhorizontal x="326" y="234" linewidth="300" lineheight="20" boxwidth="50" boxheight="20"/>
  <boxskin x="38" y="268" a="0" width="50" height="50"/>
  <boxskin x="52" y="190" a="0" width="50" height="50"/>
  <staticblueskin x="549.5" y="6.5" cx="427" cy="2" a="0" width="245" height="9"/>
  <staticredskin x="637" y="56.5" cx="538" cy="52" a="0" width="198" height="9"/>
  <minkskin x="712" y="28" a="0" width="36" height="27"/>
  <carrierhorizontal x="282" y="84" linewidth="300" lineheight="20" boxwidth="50" boxheight="20"/>
  <springboardskin x="225" y="219" a="0" width="51" height="10.95"/>
  <springboardskin x="452" y="366" a="0" width="51" height="10.95"/>
  <ballskin x="640" y="260" a="0" width="25" height="25"/>
  <ballskin x="129" y="195" a="0" width="25" height="25"/>
  <ballskin x="259" y="303" a="0" width="25" height="25"/>
  <ballskin x="298" y="272" a="0" width="25" height="25"/>
  <ballskin x="607" y="35" a="0" width="25" height="25"/>
  <ballskin x="64" y="348" a="0" width="25" height="25"/>
  <ballskin x="671" y="288" a="0" width="25" height="25"/>
  <ballskin x="628" y="340" a="0" width="25" height="25"/>
  <ballskin x="567" y="274" a="0" width="25" height="25"/>
  <cheeseskin x="121" y="255" a="0" width="27.05" height="22"/>
  <staticredskin x="118.5" y="267.5" cx="95" cy="265" a="0" width="47" height="5"/>
  <staticredskin x="91.5" y="229.5" cx="88" cy="189" a="0" width="7" height="81"/>
  <lpointer x="400" y="348" a="0" width="40" height="33.7"/>
  <staticblueskin x="412" y="374" cx="83" cy="369" a="0" width="658" height="10"/>
  <staticredskin x="33.5" y="374" cx="-16" cy="370" a="0" width="99" height="8"/>
  <staticblueskin x="280" y="375" cx="206" cy="372" a="0" width="148" height="6"/>
  <staticredskin x="148" y="344.5" cx="132" cy="337" a="0" width="32" height="15"/>
  <staticredskin x="84.5" y="107" cx="72" cy="103" a="0" width="25" height="8"/>
  <staticredskin x="173.5" y="75.5" cx="159" cy="70" a="0" width="29" height="11"/>
  <cheeseskin x="175" y="56" a="0" width="27.05" height="22"/>
  <cheeseskin x="127" y="77" a="0" width="27.05" height="22"/>
  <cheeseskin x="84" y="91" a="0" width="27.05" height="22"/>
  <cheeseskin x="29" y="342" a="0" width="27.05" height="22"/>
  <staticblueskin x="121" y="347" cx="83" cy="343" a="0" width="76" height="8"/>
  <staticblueskin x="130.5" y="97.5" cx="112" cy="94" a="0" width="37" height="7"/>
  <staticblueskin x="88" y="322.5" cx="50" cy="318" a="0" width="76" height="9"/>
  <staticblueskin x="45" y="299.5" cx="6" cy="294" a="0" width="78" height="11"/>
</scene>