<scene width="740" height="380">
  <timer time="80"/>
  <creator id="2350129"/>
  <bg id="4"/>
  <staticblueskin x="337.775" y="407.125" cx="366" cy="448" a="150" width="8" height="99"/>
  <staticblueskin x="334.17499999999995" y="414.675" cx="280" cy="466" a="-130" width="9" height="149"/>
  <staticredskin x="448.5" y="371.5" cx="443" cy="364" a="0" width="11" height="15"/>
  <staticredskin x="499.5" y="373" cx="492" cy="360" a="0" width="15" height="26"/>
  <ground x="644.5" y="486.5" cx="543" cy="375" a="0" width="203" height="223"/>
  <staticskin x="665" y="61.5" cx="569" cy="51" a="0" width="192" height="21"/>
  <staticredskin x="267.5" y="62.5" cx="71" cy="56" a="0" width="393" height="13"/>
  <groundred x="278.5" y="-97.5" cx="82" cy="-198" a="0" width="394" height="202"/>
  <cheeseskin x="30" y="26" a="0" width="27.05" height="22"/>
  <staticredskin x="-55" y="61.5" cx="-117" cy="-65" a="0" width="124" height="253"/>
  <staticredskin x="80" y="152.5" cx="12" cy="118" a="0" width="136" height="69"/>
  <groundred x="21" y="-42.475" cx="-48" cy="-88" a="0" width="139" height="92.05"/>
  <minkskin x="749" y="361" a="0" width="36" height="27"/>
  <littlemouse x="13" y="367" a="0" width="37.35" height="34.3"/>
  <staticskin x="529.5" y="-63.5" cx="442" cy="-131" a="0" width="175" height="135"/>
  <staticskin x="135.5" y="477.5" cx="-2" cy="374" a="0" width="275" height="207"/>
</scene>