<scene width="740" height="380">
  <timer time="60"/>
  <creator id="2945823"/>
  <bg id="1"/>
  <staticredskin x="119.5" y="349.5" cx="-14" cy="320" a="0" width="267" height="59"/>
  <groundblue x="502.5" y="372.525" cx="252" cy="364" a="0" width="501" height="17.05"/>
  <springboardskin x="550" y="368" a="0" width="51" height="10.95"/>
  <staticskin x="659" y="238" cx="578" cy="222" a="0" width="162" height="32"/>
  <littlemouse x="555" y="408" a="0" width="37.35" height="34.3"/>
  <flowers2 x="600" y="415" a="0" width="60" height="33.45"/>
  <carrierhorizontal x="291" y="151" linewidth="300" lineheight="20" boxwidth="50" boxheight="20"/>
  <staticblueskin x="125.5" y="215.5" cx="31" cy="198" a="0" width="189" height="35"/>
  <springboardskin x="78" y="202" a="0" width="51" height="10.95"/>
  <staticskin x="167" y="70" cx="135" cy="57" a="0" width="64" height="26"/>
  <cheeseskin x="164" y="40" a="0" width="27.05" height="22"/>
  <groundblue x="188" y="38" cx="180" cy="18" a="0" width="16" height="40"/>
  <staticredskin x="353.5" y="372.5" cx="280" cy="359" a="0" width="147" height="27"/>
  <groundblue x="288.5" y="331.5" cx="284" cy="307" a="0" width="9" height="49"/>
  <groundblue x="321.5" y="312.55" cx="295" cy="306" a="0" width="53" height="13.1"/>
  <groundblue x="348.5" y="339.525" cx="343" cy="321" a="0" width="11" height="37.05"/>
  <boxskin x="641" y="109" a="0" width="50" height="50"/>
  <boxskin x="465" y="104" a="0" width="50" height="50"/>
  <minkskin x="634" y="59" a="0" width="36" height="27"/>
  <cheeseskin x="316" y="340" a="0" width="27.05" height="22"/>
</scene>