<scene width="740" height="380">
  <timer time="60"/>
  <creator id="2723273"/>
  <bg id="5"/>
  <staticskin x="205.5" y="135" cx="183" cy="131" a="0" width="45" height="8"/>
  <cheeseskin x="207" y="154" a="0" width="27.05" height="22"/>
  <staticskin x="201.5" y="173.5" cx="174" cy="170" a="0" width="55" height="7"/>
  <littlemouse x="81" y="50" a="0" width="37.35" height="34.3"/>
  <staticblueskin x="716" y="172" cx="710" cy="97" a="0" width="12" height="150"/>
  <tree2 x="718" y="300" a="0" width="84.85" height="100"/>
  <flowers2 x="38" y="319" a="0" width="60" height="33.45"/>
  <cactus x="665" y="412" a="0" width="20" height="42.55"/>
  <bush x="31" y="49" a="0" width="59.4" height="32.3"/>
  <ballskin x="207" y="117" a="0" width="25" height="25"/>
  <staticskin x="58" y="74.5" cx="10" cy="66" a="0" width="96" height="17"/>
  <staticskin x="175.5" y="120" cx="169" cy="70" a="0" width="13" height="100"/>
  <staticskin x="232" y="121.5" cx="226" cy="72" a="0" width="12" height="99"/>
  <staticskin x="290" y="121" cx="283" cy="68" a="0" width="14" height="106"/>
  <staticskin x="345.5" y="120" cx="339" cy="66" a="0" width="13" height="108"/>
  <staticskin x="398" y="119" cx="391" cy="66" a="0" width="14" height="106"/>
  <staticskin x="454.5" y="117" cx="447" cy="64" a="0" width="15" height="106"/>
  <staticskin x="515" y="116.5" cx="506" cy="59" a="0" width="18" height="115"/>
  <staticskin x="564" y="116" cx="556" cy="60" a="0" width="16" height="112"/>
  <staticskin x="614" y="115" cx="605" cy="58" a="0" width="18" height="114"/>
  <staticskin x="666" y="114.5" cx="657" cy="56" a="0" width="18" height="117"/>
  <staticblueskin x="723.5" y="91" cx="708" cy="85" a="0" width="31" height="12"/>
  <cheeseskin x="724" y="68" a="0" width="27.05" height="22"/>
  <staticblueskin x="339.5" y="365" cx="304" cy="354" a="0" width="71" height="22"/>
  <staticblueskin x="209.5" y="365.5" cx="167" cy="355" a="0" width="85" height="21"/>
  <staticskin x="72" y="358" cx="31" cy="336" a="0" width="82" height="44"/>
  <minkskin x="680" y="332" a="0" width="36" height="27"/>
  <staticskin x="674.5" y="364" cx="614" cy="352" a="0" width="121" height="24"/>
  <staticblueskin x="440.5" y="239.5" cx="162" cy="229" a="0" width="557" height="21"/>
  <staticblueskin x="320.5" y="232.5" cx="316" cy="219" a="0" width="9" height="27"/>
  <staticblueskin x="432.5" y="232.5" cx="428" cy="218" a="0" width="9" height="29"/>
  <staticblueskin x="542.5" y="230.5" cx="539" cy="215" a="0" width="7" height="31"/>
  <staticblueskin x="641.5" y="230.5" cx="636" cy="213" a="0" width="11" height="35"/>
  <ballskin x="322" y="23" a="0" width="25" height="25"/>
  <ballskin x="541" y="24" a="0" width="25" height="25"/>
  <ballskin x="429" y="26" a="0" width="25" height="25"/>
  <ballskin x="637" y="25" a="0" width="25" height="25"/>
  <ballskin x="277" y="285" a="0" width="25" height="25"/>
  <ballskin x="398" y="281" a="0" width="25" height="25"/>
  <ballskin x="521" y="287" a="0" width="25" height="25"/>
  <staticredskin x="199.5" y="233" cx="195" cy="218" a="0" width="9" height="30"/>
  <rpointer x="428" y="40" a="0" width="40" height="33.7"/>
  <lpointer x="378" y="209" a="0" width="40" height="33.7"/>
  <rpointer x="80" y="316" a="0" width="40" height="33.7"/>
  <rpointer x="637" y="336" a="0" width="40" height="33.7"/>
  <staticblueskin x="466.5" y="365.5" cx="426" cy="355" a="0" width="81" height="21"/>
  <staticblueskin x="568" y="368" cx="549" cy="358" a="0" width="38" height="20"/>
  <staticskin x="22.5" y="107.5" cx="20" cy="84" a="0" width="5" height="47"/>
  <staticredskin x="54.5" y="135.5" cx="23" cy="131" a="0" width="63" height="9"/>
  <cheeseskin x="52" y="108" a="0" width="27.05" height="22"/>
  <staticskin x="88.5" y="111" cx="85" cy="84" a="0" width="7" height="54"/>
</scene>