<scene width="740" height="380">
  <timer time="60"/>
  <creator id="2822337"/>
  <bg id="3"/>
  <boxskin x="119" y="248" a="0" width="50" height="50"/>
  <staticredskin x="721" y="372.5" cx="702" cy="370" a="0" width="38" height="5"/>
  <flowers1 x="362" y="25" a="0" width="60" height="58.2"/>
  <flowers1 x="292" y="27" a="0" width="60" height="58.2"/>
  <tree2 x="285" y="327" a="0" width="84.85" height="100"/>
  <cactus x="14" y="353" a="0" width="20" height="42.55"/>
  <tree x="448" y="324" a="0" width="78.35" height="100"/>
  <tree2 x="626" y="325" a="0" width="84.85" height="100"/>
  <bush x="365" y="356" a="0" width="59.4" height="32.3"/>
  <bush x="551" y="359" a="0" width="59.4" height="32.3"/>
  <flowers2 x="224" y="359" a="0" width="60" height="33.45"/>
  <flowers2 x="659" y="127" a="0" width="60" height="33.45"/>
  <flowers2 x="672" y="356" a="0" width="60" height="33.45"/>
  <stone x="661" y="227" a="0" width="31.25" height="22.9"/>
  <stone x="192" y="176" a="0" width="31.25" height="22.9"/>
  <staticblueskin x="145.5" y="249" cx="143" cy="222" a="0" width="5" height="54"/>
  <staticblueskin x="158" y="275.5" cx="143" cy="273" a="0" width="30" height="5"/>
  <staticblueskin x="170.5" y="302.5" cx="168" cy="277" a="0" width="5" height="51"/>
  <staticblueskin x="181.5" y="324.5" cx="170" cy="322" a="0" width="23" height="5"/>
  <staticblueskin x="190.5" y="350" cx="188" cy="325" a="0" width="5" height="50"/>
  <staticblueskin x="35.5" y="352.5" cx="32" cy="328" a="0" width="7" height="49"/>
  <staticblueskin x="52" y="322.5" cx="32" cy="319" a="0" width="40" height="7"/>
  <staticblueskin x="68" y="297.5" cx="64" cy="277" a="0" width="8" height="41"/>
  <stone x="577" y="31" a="0" width="31.25" height="22.9"/>
  <stone x="130" y="30" a="0" width="31.25" height="22.9"/>
  <lpointer x="519" y="171" a="0" width="40" height="33.7"/>
  <staticblueskin x="80" y="273" cx="64" cy="270" a="0" width="32" height="6"/>
  <staticredskin x="657.5" y="141" cx="638" cy="137" a="0" width="39" height="8"/>
  <staticblueskin x="91.5" y="246" cx="89" cy="224" a="0" width="5" height="44"/>
  <staticblueskin x="119" y="219" cx="90" cy="215" a="0" width="58" height="8"/>
  <staticblueskin x="437.5" y="241" cx="200" cy="237" a="0" width="475" height="8"/>
  <staticblueskin x="403.5" y="190" cx="182" cy="187" a="0" width="443" height="6"/>
  <staticblueskin x="444.5" y="148" cx="214" cy="142" a="0" width="461" height="12"/>
  <staticblueskin x="175.5" y="121.5" cx="172" cy="49" a="0" width="7" height="145"/>
  <staticredskin x="614" y="73" cx="609" cy="55" a="0" width="10" height="36"/>
  <staticblueskin x="367.5" y="47.5" cx="62" cy="44" a="0" width="611" height="7"/>
  <minkskin x="710" y="24" a="0" width="36" height="27"/>
  <staticblueskin x="680" y="168.5" cx="675" cy="3" a="0" width="10" height="331"/>
  <littlemouse x="660" y="24" a="0" width="37.35" height="34.3"/>
  <cheeseskin x="647" y="75" a="0" width="27.05" height="22"/>
  <lpointer x="328" y="26" a="0" width="40" height="33.7"/>
  <staticskin x="386.5" y="377.5" cx="34" cy="375" a="0" width="705" height="5"/>
  <staticblueskin x="5.5" y="163.5" cx="1" cy="0" a="0" width="9" height="327"/>
  <boxskin x="65" y="351" a="0" width="50" height="50"/>
  <boxskin x="113" y="351" a="0" width="50" height="50"/>
  <boxskin x="162" y="351" a="0" width="50" height="50"/>
  <boxskin x="96" y="299" a="0" width="50" height="50"/>
  <boxskin x="144" y="300" a="0" width="50" height="50"/>
</scene>