<scene width="740" height="380">
  <timer time="60"/>
  <creator id="1833431"/>
  <bg id="4"/>
  <flowers1 x="660" y="360" a="0" width="60" height="58.2"/>
  <flowers2 x="616" y="360" a="0" width="60" height="33.45"/>
  <minkskin x="615" y="349" a="0" width="36" height="27"/>
  <cheeseskin x="280" y="250" a="0" width="27.05" height="22"/>
  <ground x="539.5" y="177.5" cx="349" cy="169" a="0" width="381" height="17"/>
  <springboardskin x="357" y="382" a="0" width="51" height="10.95"/>
  <springboardskin x="488" y="382" a="0" width="51" height="10.95"/>
  <littlemouse x="154" y="1" a="0" width="37.35" height="34.3"/>
  <carriervertical x="60" y="65" linewidth="50" lineheight="350" boxwidth="50" boxheight="20"/>
  <staticblueskin x="367" y="87.5" cx="88" cy="60" a="0" width="558" height="55"/>
  <heavyboxskin x="512" y="121" a="0" width="41" height="22"/>
  <groundblue x="548.25" y="329.75" cx="532" cy="286" a="0" width="33.5" height="88.5"/>
  <groundblue x="425.75" y="323.25" cx="402" cy="283" a="0" width="48.5" height="81.5"/>
  <groundblue x="258.275" y="313.75" cx="204" cy="263" a="0" width="109.55" height="102.5"/>
  <tree x="240" y="217" a="0" width="78.35" height="100"/>
  <staticredskin x="147.5" y="359" cx="135" cy="352" a="0" width="25" height="14"/>
  <tree x="51" y="304" a="0" width="78.35" height="100"/>
  <tree2 x="696" y="322" a="0" width="84.85" height="100"/>
</scene>