<scene width="740" height="380">
  <timer time="60"/>
  <creator id="2641835"/>
  <bg id="1"/>
  <staticblueskin x="335.5" y="88.5" cx="127" cy="84" a="0" width="417" height="9"/>
  <staticblueskin x="67.45" y="46" cx="3" cy="1" a="32" width="157" height="8"/>
  <staticblueskin x="592.2" y="118.325" cx="541" cy="83" a="30" width="124" height="10"/>
  <staticblueskin x="689.7" y="198" cx="742" cy="160" a="140" width="129" height="9"/>
  <staticblueskin x="479" y="241" cx="312" cy="235" a="0" width="334" height="12"/>
  <cheeseskin x="40" y="311" a="0" width="27.05" height="22"/>
  <staticredskin x="264.525" y="286.4" cx="322" cy="246" a="140" width="140" height="12"/>
  <staticredskin x="68.60000000000001" y="148.75" cx="134" cy="103" a="140" width="159" height="14"/>
  <staticblueskin x="105" y="340.5" cx="-10" cy="331" a="0" width="230" height="19"/>
  <staticblueskin x="2.5" y="236.5" cx="-3" cy="139" a="0" width="11" height="195"/>
  <littlemouse x="64" y="15" a="0" width="37.35" height="34.3"/>
  <minkskin x="155" y="62" a="0" width="36" height="27"/>
  <staticredskin x="335" y="97" cx="123" cy="92" a="0" width="424" height="10"/>
  <cheeseskin x="41" y="99" a="0" width="27.05" height="22"/>
</scene>