<scene width="740" height="380">
  <timer time="60"/>
  <creator id="3023148"/>
  <bg id="0"/>
  <staticblueskin x="680.5" y="179" cx="667" cy="174" a="0" width="27" height="10"/>
  <staticredskin x="633" y="191.5" cx="591" cy="186" a="0" width="84" height="11"/>
  <staticblueskin x="308" y="217.5" cx="19" cy="210" a="0" width="578" height="15"/>
  <staticskin x="60" y="173" cx="40" cy="169" a="0" width="40" height="8"/>
  <staticskin x="85" y="150.5" cx="69" cy="145" a="0" width="32" height="11"/>
  <staticblueskin x="117.5" y="131" cx="93" cy="127" a="0" width="49" height="8"/>
  <staticblueskin x="183" y="94.5" cx="159" cy="91" a="0" width="48" height="7"/>
  <minkskin x="188" y="77" a="0" width="36" height="27"/>
  <staticskin x="355" y="44.5" cx="242" cy="37" a="0" width="226" height="15"/>
  <staticredskin x="410.5" y="41.5" cx="407" cy="22" a="0" width="7" height="39"/>
  <staticredskin x="326" y="43.5" cx="322" cy="26" a="0" width="8" height="35"/>
  <staticskin x="522.5" y="59.5" cx="477" cy="54" a="0" width="91" height="11"/>
  <staticskin x="585.5" y="78.5" cx="550" cy="72" a="0" width="71" height="13"/>
  <lpointer x="271" y="38" a="0" width="40" height="33.7"/>
  <staticskin x="634" y="99" cx="587" cy="93" a="0" width="94" height="12"/>
  <cheeseskin x="646" y="80" a="0" width="27.05" height="22"/>
  <littlemouse x="367" y="23" a="0" width="37.35" height="34.3"/>
  <staticskin x="697.5" y="157" cx="680" cy="150" a="0" width="35" height="14"/>
</scene>