<scene width="740" height="380">
  <timer time="60"/>
  <creator id="2298640"/>
  <bg id="3"/>
  <staticblueskin x="630" y="135" cx="566" cy="132" a="0" width="128" height="6"/>
  <staticredskin x="544.5" y="361" cx="492" cy="358" a="0" width="105" height="6"/>
  <staticblueskin x="59.5" y="131" cx="-4" cy="128" a="0" width="127" height="6"/>
  <staticblueskin x="135" y="287.5" cx="96" cy="284" a="0" width="78" height="7"/>
  <staticblueskin x="691" y="113" cx="644" cy="110" a="0" width="94" height="6"/>
  <staticblueskin x="505" y="150" cx="478" cy="147" a="0" width="54" height="6"/>
  <staticblueskin x="504" y="231.5" cx="501" cy="155" a="0" width="6" height="153"/>
  <staticblueskin x="212.5" y="258" cx="171" cy="255" a="0" width="83" height="6"/>
  <staticblueskin x="290" y="230" cx="247" cy="227" a="0" width="86" height="6"/>
  <staticblueskin x="377" y="201.5" cx="328" cy="199" a="0" width="98" height="5"/>
  <staticblueskin x="51" y="249.5" cx="48" cy="172" a="0" width="6" height="155"/>
  <staticredskin x="51.5" y="364" cx="14" cy="361" a="0" width="75" height="6"/>
  <staticblueskin x="253" y="360.5" cx="194" cy="358" a="0" width="118" height="5"/>
  <cheeseskin x="490" y="168" a="0" width="27.05" height="22"/>
  <minkskin x="711" y="93" a="0" width="36" height="27"/>
  <littlemouse x="27" y="185" a="0" width="37.35" height="34.3"/>
  <staticblueskin x="660.5" y="124" cx="603" cy="121" a="0" width="115" height="6"/>
  <staticblueskin x="402.5" y="361" cx="347" cy="358" a="0" width="111" height="6"/>
  <staticblueskin x="672" y="59.5" cx="601" cy="57" a="0" width="142" height="5"/>
  <staticblueskin x="132" y="362.5" cx="128" cy="360" a="0" width="8" height="5"/>
</scene>