<scene width="740" height="380">
  <timer time="60"/>
  <creator id="1216954"/>
  <bg id="4"/>
  <tree x="178" y="145" a="0" width="78.35" height="100"/>
  <staticblueskin x="7" y="194.5" cx="-15" cy="159" a="0" width="44" height="71"/>
  <rpointer x="266" y="350" a="0" width="40" height="33.7"/>
  <flowers1 x="182" y="122" a="0" width="60" height="58.2"/>
  <staticblueskin x="351.5" y="187" cx="30" cy="143" a="0" width="643" height="88"/>
  <flowers2 x="164" y="117" a="0" width="60" height="33.45"/>
  <flowers1 x="197" y="118" a="0" width="60" height="58.2"/>
  <lpointer x="469" y="123" a="0" width="40" height="33.7"/>
  <carriervertical x="703" y="157" linewidth="50" lineheight="200" boxwidth="50" boxheight="20"/>
  <staticredskin x="96" y="374" cx="14" cy="364" a="0" width="164" height="20"/>
  <staticskin x="484.5" y="367" cx="228" cy="360" a="0" width="513" height="14"/>
  <minkskin x="74" y="351" a="0" width="36" height="27"/>
  <littlemouse x="152" y="351" a="0" width="37.35" height="34.3"/>
  <stone x="332" y="122" a="0" width="31.25" height="22.9"/>
  <stone x="364" y="117" a="0" width="31.25" height="22.9"/>
  <cheeseskin x="183" y="125" a="0" width="27.05" height="22"/>
  <tree2 x="179" y="128" a="0" width="84.85" height="100"/>
</scene>