<scene width="740" height="380">
  <timer time="60"/>
  <creator id="2277277"/>
  <bg id="12"/>
  <staticblueskin x="582.5" y="184" cx="500" cy="181" a="0" width="165" height="6"/>
  <staticblueskin x="499.1" y="235.64999999999998" cx="413" cy="223" a="-80" width="5" height="174"/>
  <staticblueskin x="518.5" y="230" cx="516" cy="223" a="0" width="5" height="14"/>
  <staticblueskin x="521.5" y="322.5" cx="484" cy="320" a="0" width="75" height="5"/>
  <staticblueskin x="487.5" y="300" cx="484" cy="278" a="0" width="7" height="44"/>
  <staticredskin x="452" y="378.5" cx="436" cy="376" a="0" width="32" height="5"/>
  <carrierhorizontal x="119" y="364" linewidth="300" lineheight="20" boxwidth="50" boxheight="20"/>
  <minkskin x="65" y="298" a="0" width="36" height="27"/>
  <staticblueskin x="680.5" y="378.5" cx="533" cy="376" a="0" width="295" height="5"/>
  <littlemouse x="21" y="39" a="0" width="37.35" height="34.3"/>
  <staticblueskin x="43" y="52" cx="40" cy="44" a="0" width="6" height="16"/>
  <springboardskin x="210" y="184" a="0" width="51" height="10.95"/>
  <staticblueskin x="0" y="188" cx="-3" cy="-12" a="0" width="6" height="400"/>
  <staticblueskin x="23.5" y="60" cx="2" cy="57" a="0" width="43" height="6"/>
  <staticblueskin x="233.5" y="60" cx="89" cy="57" a="0" width="289" height="6"/>
  <staticblueskin x="128" y="104.5" cx="62" cy="101" a="0" width="132" height="7"/>
  <staticblueskin x="233" y="126.5" cx="230" cy="62" a="0" width="6" height="129"/>
  <staticblueskin x="64.5" y="146" cx="62" cy="101" a="0" width="5" height="90"/>
  <staticblueskin x="182.5" y="190.5" cx="129" cy="187" a="0" width="107" height="7"/>
  <staticblueskin x="29.5" y="113" cx="27" cy="62" a="0" width="5" height="102"/>
  <staticblueskin x="34" y="167.5" cx="3" cy="164" a="0" width="62" height="7"/>
  <staticblueskin x="22.5" y="281" cx="1" cy="278" a="0" width="43" height="6"/>
  <staticblueskin x="87.45000000000002" y="235.075" cx="132" cy="187" a="45" width="5" height="131"/>
  <cheeseskin x="24" y="259" a="0" width="27.05" height="22"/>
  <staticblueskin x="546.425" y="352.225" cx="575" cy="285" a="25" width="5" height="146"/>
  <staticblueskin x="619" y="250" cx="576" cy="247" a="0" width="86" height="6"/>
  <staticblueskin x="682.125" y="295.75" cx="657" cy="249" a="-25" width="6" height="106"/>
  <staticblueskin x="435.5" y="345.5" cx="433" cy="278" a="0" width="5" height="135"/>
  <staticblueskin x="657.5" y="341.5" cx="609" cy="339" a="0" width="97" height="5"/>
  <staticblueskin x="601.5" y="300" cx="569" cy="297" a="0" width="65" height="6"/>
  <staticblueskin x="340.5" y="171" cx="338" cy="117" a="0" width="5" height="108"/>
  <staticblueskin x="410" y="58.5" cx="407" cy="3" a="0" width="6" height="111"/>
  <staticblueskin x="375.5" y="114" cx="338" cy="111" a="0" width="75" height="6"/>
  <staticblueskin x="256.5" y="228.5" cx="170" cy="225" a="0" width="173" height="7"/>
  <staticblueskin x="414.1" y="224.55" cx="453" cy="134" a="25" width="6" height="197"/>
  <staticblueskin x="274.5" y="316.5" cx="175" cy="314" a="0" width="199" height="5"/>
  <staticblueskin x="177" y="289" cx="174" cy="262" a="0" width="6" height="54"/>
  <staticblueskin x="378.5" y="268.5" cx="366" cy="266" a="0" width="25" height="5"/>
  <staticblueskin x="403" y="219.5" cx="391" cy="216" a="0" width="24" height="7"/>
  <staticblueskin x="431" y="159" cx="417" cy="156" a="0" width="28" height="6"/>
  <staticblueskin x="521" y="136" cx="441" cy="133" a="0" width="160" height="6"/>
  <staticblueskin x="479" y="97" cx="476" cy="60" a="0" width="6" height="74"/>
  <staticblueskin x="464" y="92" cx="449" cy="89" a="0" width="30" height="6"/>
  <staticblueskin x="573.5" y="97.5" cx="570" cy="58" a="0" width="7" height="79"/>
  <staticblueskin x="557.5" y="87.5" cx="542" cy="85" a="0" width="31" height="5"/>
  <staticblueskin x="514.5" y="33" cx="512" cy="3" a="0" width="5" height="60"/>
  <staticblueskin x="491.5" y="182.5" cx="489" cy="170" a="0" width="5" height="25"/>
  <staticblueskin x="278.5" y="145.5" cx="254" cy="143" a="0" width="49" height="5"/>
  <staticblueskin x="358" y="1" cx="-25" cy="-2" a="0" width="766" height="6"/>
  <staticblueskin x="494.5" y="184" cx="480" cy="181" a="0" width="29" height="6"/>
  <staticblueskin x="739.5" y="190" cx="737" cy="5" a="0" width="5" height="370"/>
  <staticblueskin x="319.5" y="189.5" cx="300" cy="187" a="0" width="39" height="5"/>
  <staticblueskin x="117" y="264.5" cx="59" cy="262" a="0" width="116" height="5"/>
  <staticblueskin x="619" y="87.5" cx="572" cy="85" a="0" width="94" height="5"/>
  <staticblueskin x="609.5" y="18" cx="607" cy="-13" a="0" width="5" height="62"/>
  <staticblueskin x="665" y="68.5" cx="662" cy="49" a="0" width="6" height="39"/>
  <staticblueskin x="701" y="136" cx="660" cy="133" a="0" width="82" height="6"/>
  <staticblueskin x="680.5" y="47" cx="662" cy="44" a="0" width="37" height="6"/>
  <staticblueskin x="719.5" y="91" cx="698" cy="88" a="0" width="43" height="6"/>
  <staticblueskin x="663.5" y="160.5" cx="661" cy="134" a="0" width="5" height="53"/>
</scene>