<scene width="740" height="380">
  <timer time="80"/>
  <creator id="2928883"/>
  <bg id="6"/>
  <staticskin x="172.5" y="324.5" cx="168" cy="279" a="0" width="9" height="91"/>
  <staticskin x="123.5" y="338.5" cx="118" cy="303" a="0" width="11" height="71"/>
  <staticskin x="73.5" y="350.5" cx="70" cy="328" a="0" width="7" height="45"/>
  <carrierhorizontal x="294" y="373" linewidth="300" lineheight="20" boxwidth="50" boxheight="20"/>
  <littlemouse x="641" y="333" a="0" width="37.35" height="34.3"/>
  <staticblueskin x="644" y="278.5" cx="619" cy="274" a="0" width="50" height="9"/>
  <flowers2 x="197" y="355" a="0" width="60" height="33.45"/>
  <staticblueskin x="583" y="343.5" cx="552" cy="340" a="0" width="62" height="7"/>
  <staticblueskin x="488.5" y="288.5" cx="456" cy="282" a="0" width="65" height="13"/>
  <staticblueskin x="395" y="248.5" cx="366" cy="244" a="0" width="58" height="9"/>
  <staticblueskin x="297" y="222" cx="262" cy="218" a="0" width="70" height="8"/>
  <staticblueskin x="225" y="184.5" cx="191" cy="180" a="0" width="68" height="9"/>
  <staticblueskin x="153.5" y="143.5" cx="122" cy="140" a="0" width="63" height="7"/>
  <staticblueskin x="737.5" y="249" cx="734" cy="99" a="0" width="7" height="300"/>
  <staticblueskin x="613.5" y="244.5" cx="604" cy="104" a="0" width="19" height="281"/>
  <lpointer x="612" y="87" a="0" width="40" height="33.7"/>
  <lpointer x="245" y="402" a="0" width="40" height="33.7"/>
  <lpointer x="222" y="284" a="0" width="40" height="33.7"/>
  <rpointer x="92" y="356" a="0" width="40" height="33.7"/>
  <staticblueskin x="77.5" y="100.5" cx="47" cy="97" a="0" width="61" height="7"/>
  <staticblueskin x="21.5" y="70" cx="-9" cy="67" a="0" width="61" height="6"/>
  <minkskin x="24" y="52" a="0" width="36" height="27"/>
  <ballskin x="712" y="307" a="0" width="23.8" height="26.05"/>
  <cactus x="56" y="351" a="0" width="20" height="42.55"/>
  <stone x="705" y="126" a="0" width="31.25" height="22.9"/>
  <heavyboxskin x="493" y="272" a="0" width="41" height="22"/>
  <staticblueskin x="720" y="324" cx="697" cy="320" a="0" width="46" height="8"/>
  <staticblueskin x="641" y="351" cx="618" cy="347" a="0" width="46" height="8"/>
  <staticblueskin x="716.5" y="234.5" cx="692" cy="230" a="0" width="49" height="9"/>
  <staticblueskin x="642.5" y="195" cx="617" cy="191" a="0" width="51" height="8"/>
  <staticblueskin x="715" y="142" cx="687" cy="136" a="0" width="56" height="12"/>
  <staticskin x="101" y="376" cx="-85" cy="372" a="0" width="372" height="8"/>
  <cheeseskin x="27" y="359" a="0" width="27.05" height="22"/>
  <staticskin x="273" y="345.5" cx="269" cy="318" a="0" width="8" height="55"/>
  <staticskin x="224" y="336" cx="219" cy="301" a="0" width="10" height="70"/>
</scene>