<scene width="740" height="380">
  <timer time="80"/>
  <creator id="2287117"/>
  <bg id="4"/>
  <carriervertical x="150" y="181" linewidth="50" lineheight="200" boxwidth="50" boxheight="20"/>
  <carriervertical x="381" y="184" linewidth="50" lineheight="200" boxwidth="50" boxheight="20"/>
  <cheeseskin x="61" y="326" a="0" width="27.05" height="22"/>
  <littlemouse x="543" y="255" a="0" width="37.35" height="34.3"/>
  <minkskin x="68" y="48" a="0" width="36" height="27"/>
  <springboardskin x="544" y="287" a="0" width="51" height="10.95"/>
  <springboardskin x="70" y="104" a="0" width="51" height="10.95"/>
  <carriervertical x="61" y="175" linewidth="50" lineheight="200" boxwidth="50" boxheight="20"/>
  <carriervertical x="456" y="184" linewidth="50" lineheight="200" boxwidth="50" boxheight="20"/>
  <carriervertical x="301" y="185" linewidth="50" lineheight="200" boxwidth="50" boxheight="20"/>
  <carriervertical x="223" y="182" linewidth="50" lineheight="200" boxwidth="50" boxheight="20"/>
</scene>