<scene width="740" height="380">
  <timer time="60"/>
  <creator id="1553912"/>
  <bg id="1"/>
  <staticblueskin x="424" y="291" cx="418" cy="227" a="0" width="12" height="128"/>
  <staticblueskin x="491" y="309" cx="483" cy="235" a="0" width="16" height="148"/>
  <staticblueskin x="554" y="297.5" cx="547" cy="213" a="0" width="14" height="169"/>
  <staticblueskin x="606" y="317.5" cx="600" cy="248" a="0" width="12" height="139"/>
  <staticblueskin x="655" y="299.5" cx="649" cy="217" a="0" width="12" height="165"/>
  <staticblueskin x="772.5" y="305.5" cx="709" cy="180" a="0" width="127" height="251"/>
  <staticblueskin x="201" y="343.5" cx="183" cy="334" a="0" width="36" height="19"/>
  <cheeseskin x="726" y="163" a="0" width="27.05" height="22"/>
  <minkskin x="103" y="210" a="0" width="36" height="27"/>
  <staticblueskin x="8.5" y="82.5" cx="-43" cy="75" a="0" width="103" height="15"/>
  <littlemouse x="25" y="56" a="0" width="37.35" height="34.3"/>
  <staticblueskin x="129" y="125.5" cx="125" cy="-39" a="0" width="8" height="329"/>
  <staticblueskin x="95" y="228.5" cx="58" cy="223" a="0" width="74" height="11"/>
  <staticblueskin x="51" y="368.5" cx="-79" cy="353" a="0" width="260" height="31"/>
  <springboardskin x="25" y="346" a="0" width="51" height="10.95"/>
  <staticblueskin x="250.5" y="359.5" cx="244" cy="295" a="0" width="13" height="129"/>
  <staticblueskin x="310" y="304" cx="304" cy="251" a="0" width="12" height="106"/>
  <staticblueskin x="368" y="315" cx="362" cy="257" a="0" width="12" height="116"/>
</scene>