<scene width="740" height="380">
  <timer time="80"/>
  <creator id="2077144"/>
  <bg id="10"/>
  <staticblueskin x="577.9" y="276.925" cx="587" cy="211" a="10" width="5" height="133"/>
  <staticblueskin x="568" y="379" cx="545" cy="376" a="0" width="46" height="6"/>
  <staticblueskin x="760.05" y="411.675" cx="899" cy="489" a="120" width="5" height="318"/>
  <staticblueskin x="711" y="313" cx="708" cy="243" a="0" width="6" height="140"/>
  <staticblueskin x="727" y="244" cx="693" cy="241" a="0" width="68" height="6"/>
  <staticblueskin x="658.45" y="315.4" cx="662" cy="281" a="10" width="5" height="69"/>
  <staticblueskin x="612" y="244.5" cx="586" cy="242" a="0" width="52" height="5"/>
  <staticblueskin x="420.775" y="121.05000000000001" cx="459" cy="106" a="155" width="82" height="5"/>
  <staticblueskin x="-16.275" y="273.625" cx="5" cy="377" a="170" width="6" height="211"/>
  <staticblueskin x="-19.549999999999997" y="113.275" cx="84" cy="232" a="140" width="6" height="315"/>
  <staticblueskin x="194.475" y="45.925" cx="322" cy="-65" a="50" width="6" height="338"/>
  <staticblueskin x="138.5" y="162" cx="136" cy="44" a="0" width="5" height="236"/>
  <staticblueskin x="1.5" y="22.5" cx="-1" cy="-94" a="0" width="5" height="233"/>
  <staticblueskin x="474.65" y="352.375" cx="497" cy="636" a="176" width="5" height="569"/>
  <staticblueskin x="389.5" y="303.4" cx="349" cy="286" a="20" width="88" height="5"/>
  <staticblueskin x="429.5" y="312.5" cx="427" cy="307" a="0" width="5" height="11"/>
  <staticblueskin x="509" y="101" cx="486" cy="98" a="0" width="46" height="6"/>
  <staticblueskin x="441.4" y="207.675" cx="462" cy="197" a="70" width="6" height="46"/>
  <littlemouse x="166" y="44" a="0" width="37.35" height="34.3"/>
  <cheeseskin x="374" y="277" a="0" width="27.05" height="22"/>
  <staticblueskin x="169" y="379" cx="137" cy="376" a="0" width="64" height="6"/>
  <staticblueskin x="343.925" y="88.1" cx="355" cy="186" a="175" width="5" height="197"/>
  <staticblueskin x="292" y="-1.5" cx="243" cy="-5" a="0" width="98" height="7"/>
  <staticblueskin x="343.175" y="324.45" cx="347" cy="252" a="5" width="5" height="145"/>
  <staticblueskin x="364.79999999999995" y="254.675" cx="347" cy="249" a="10" width="37" height="5"/>
  <staticblueskin x="362.5" y="185.5" cx="351" cy="183" a="0" width="23" height="5"/>
  <staticblueskin x="259.3" y="314.22499999999997" cx="270" cy="549" a="178" width="5" height="470"/>
  <staticblueskin x="111.19999999999999" y="301.1" cx="169" cy="331" a="120" width="6" height="130"/>
  <staticblueskin x="668" y="282.5" cx="663" cy="280" a="0" width="10" height="5"/>
  <staticblueskin x="129" y="-1" cx="14" cy="-4" a="0" width="230" height="6"/>
  <staticblueskin x="1" y="-12" cx="-14" cy="-27" a="0" width="30" height="30"/>
  <staticblueskin x="533.5" y="-4.5" cx="340" cy="-11" a="0" width="387" height="13"/>
  <staticblueskin x="746" y="-1" cx="705" cy="-4" a="0" width="82" height="6"/>
  <staticblueskin x="745.5" y="59.5" cx="737" cy="-7" a="0" width="17" height="133"/>
  <staticblueskin x="246.025" y="126.85" cx="290" cy="98" a="60" width="6" height="105"/>
  <staticblueskin x="250.275" y="254.6" cx="299" cy="223" a="60" width="6" height="116"/>
  <staticblueskin x="145.975" y="198.27499999999998" cx="191" cy="212" a="110" width="5" height="94"/>
  <minkskin x="715" y="221" a="0" width="36" height="27"/>
  <staticblueskin x="88.30000000000001" y="305.175" cx="139" cy="273" a="60" width="5" height="120"/>
  <staticblueskin x="25" y="376.5" cx="-37" cy="374" a="0" width="124" height="5"/>
  <staticblueskin x="377.5" y="59.5" cx="342" cy="57" a="0" width="71" height="5"/>
  <staticblueskin x="512.4" y="257.875" cx="543" cy="417" a="170" width="5" height="324"/>
  <staticblueskin x="587.875" y="146.325" cx="669" cy="75" a="50" width="5" height="216"/>
  <staticblueskin x="702.2" y="145.175" cx="817" cy="76" a="60" width="5" height="268"/>
</scene>