<scene width="740" height="380">
  <timer time="60"/>
  <creator id="3009194"/>
  <bg id="1"/>
  <stone x="193" y="134" a="0" width="31.25" height="22.9"/>
  <cheeseskin x="700" y="349" a="0" width="27.05" height="22"/>
  <ballskin x="158" y="344" a="0" width="25" height="25"/>
  <ballskin x="47" y="348" a="0" width="25" height="25"/>
  <cheeseskin x="676" y="35" a="0" width="27.05" height="22"/>
  <springboardskin x="369" y="347" a="0" width="51" height="10.95"/>
  <springboardskin x="319" y="241" a="0" width="51" height="10.95"/>
  <minkskin x="25" y="74" a="0" width="36" height="27"/>
  <littlemouse x="71" y="82" a="0" width="37.35" height="34.3"/>
  <staticblueskin x="402.5" y="375.5" cx="357" cy="371" a="0" width="91" height="9"/>
  <staticblueskin x="538.5" y="374" cx="500" cy="369" a="0" width="77" height="10"/>
  <heavyboxskin x="333" y="365" a="0" width="41.05" height="22"/>
  <heavyboxskin x="333" y="348" a="0" width="41.05" height="22"/>
  <heavyboxskin x="331" y="322" a="0" width="41.05" height="22"/>
  <springboardskin x="590" y="308" a="0" width="51" height="10.95"/>
  <springboardskin x="660" y="242" a="0" width="51" height="10.95"/>
  <springboardskin x="712" y="178" a="0" width="51" height="10.95"/>
  <springboardskin x="188" y="394" a="0" width="51" height="10.95"/>
  <staticblueskin x="56" y="99" cx="-1" cy="91" a="0" width="114" height="16"/>
  <staticblueskin x="208.5" y="140" cx="114" cy="130" a="0" width="189" height="20"/>
  <staticblueskin x="296" y="266.5" cx="288" cy="157" a="0" width="16" height="219"/>
  <staticblueskin x="278" y="126" cx="272" cy="121" a="0" width="12" height="10"/>
  <staticredskin x="280" y="120" cx="276" cy="117" a="0" width="8" height="6"/>
  <cactus x="273" y="122" a="0" width="20" height="42.55"/>
</scene>