<scene width="740" height="380">
  <timer time="60"/>
  <creator id="2489050"/>
  <bg id="12"/>
  <flowers1 x="64" y="196" a="0" width="60" height="58.2"/>
  <minkskin x="709" y="354" a="0" width="36" height="27"/>
  <lpointer x="647" y="347" a="0" width="40" height="33.7"/>
  <rpointer x="127" y="348" a="0" width="40" height="33.7"/>
  <springboardskin x="407" y="349" a="0" width="51" height="10.95"/>
  <springboardskin x="314" y="347" a="0" width="51" height="10.95"/>
  <springboardskin x="219" y="347" a="0" width="51" height="10.95"/>
  <springboardskin x="123" y="343" a="0" width="51" height="10.95"/>
  <springboardskin x="50" y="52" a="0" width="51" height="10.95"/>
  <cheeseskin x="50" y="22" a="0" width="27.05" height="22"/>
  <littlemouse x="620" y="145" a="0" width="37.35" height="34.3"/>
  <springboardskin x="550" y="356" a="0" width="51" height="10.95"/>
  <heavyboxskin x="221" y="329" a="0" width="41.05" height="22"/>
  <heavyboxskin x="404" y="332" a="0" width="41.05" height="22"/>
  <heavyboxskin x="313" y="330" a="0" width="41.05" height="22"/>
  <heavyboxskin x="124" y="327" a="0" width="41.05" height="22"/>
  <ballskin x="214" y="303" a="0" width="25" height="25"/>
  <ballskin x="50" y="261" a="0" width="25" height="25"/>
  <ballskin x="112" y="256" a="0" width="25" height="25"/>
  <ballskin x="249" y="193" a="0" width="25" height="25"/>
  <ballskin x="176" y="129" a="0" width="25" height="25"/>
  <ballskin x="217" y="107" a="0" width="25" height="25"/>
  <ballskin x="135" y="185" a="0" width="25" height="25"/>
  <ballskin x="212" y="213" a="0" width="25" height="25"/>
  <ballskin x="63" y="146" a="0" width="25" height="25"/>
  <ballskin x="52" y="77" a="0" width="25" height="25"/>
  <ballskin x="230" y="102" a="0" width="25" height="25"/>
  <ballskin x="107" y="110" a="0" width="25" height="25"/>
  <ballskin x="223" y="112" a="0" width="25" height="25"/>
  <ballskin x="234" y="132" a="0" width="25" height="25"/>
  <ballskin x="163" y="261" a="0" width="25" height="25"/>
  <ballskin x="275" y="226" a="0" width="25" height="25"/>
  <ballskin x="193" y="176" a="0" width="25" height="25"/>
  <carriervertical x="112" y="57" linewidth="50" lineheight="200" boxwidth="50" boxheight="20"/>
  <carriervertical x="186" y="84" linewidth="50" lineheight="200" boxwidth="50" boxheight="20"/>
  <carriervertical x="258" y="98" linewidth="50" lineheight="200" boxwidth="50" boxheight="20"/>
  <carriervertical x="356" y="144" linewidth="50" lineheight="200" boxwidth="50" boxheight="20"/>
  <ballskin x="203" y="248" a="0" width="25" height="25"/>
  <ballskin x="163" y="239" a="0" width="25" height="25"/>
  <ballskin x="132" y="180" a="0" width="25" height="25"/>
  <stone x="256" y="310" a="5" width="31.25" height="22.9"/>
  <ballskin x="315" y="55" a="0" width="25" height="25"/>
  <ballskin x="195" y="60" a="0" width="25" height="25"/>
  <ballskin x="255" y="59" a="0" width="25" height="25"/>
  <ballskin x="131" y="43" a="0" width="25" height="25"/>
  <carriervertical x="699" y="42" linewidth="50" lineheight="200" boxwidth="50" boxheight="20"/>
  <carriervertical x="614" y="159" linewidth="50" lineheight="200" boxwidth="50" boxheight="20"/>
  <tree2 x="91" y="78" a="0" width="84.85" height="100"/>
  <flowers1 x="129" y="96" a="0" width="60" height="58.2"/>
  <flowers2 x="78" y="275" a="0" width="60" height="33.45"/>
</scene>