<scene width="740" height="380">
  <timer time="80"/>
  <creator id="723174"/>
  <bg id="4"/>
  <ground x="91.425" y="168.25" cx="65" cy="150" a="30" width="64.05" height="5.15"/>
  <ground x="257" y="184" cx="119" cy="181" a="0" width="276" height="6"/>
  <ground x="200" y="239.675" cx="60" cy="237" a="0" width="280" height="5.35"/>
  <staticredskin x="231" y="303.5" cx="65" cy="301" a="0" width="332" height="5"/>
  <staticredskin x="5" y="352.5" cx="2" cy="326" a="0" width="6" height="53"/>
  <minkskin x="355" y="360" a="0" width="36" height="27"/>
  <staticredskin x="181" y="372.5" cx="178" cy="366" a="0" width="6" height="13"/>
  <ground x="474.45" y="188.825" cx="496" cy="174" a="140" width="52.1" height="5"/>
  <ground x="357" y="-0.7999999999999998" cx="-29" cy="-4" a="0" width="772" height="6.4"/>
  <springboardskin x="209" y="74" a="0" width="51" height="10.95"/>
  <springboardskin x="262" y="74" a="0" width="51" height="10.95"/>
  <springboardskin x="313" y="73" a="0" width="51" height="10.95"/>
  <littlemouse x="54" y="36" a="0" width="37.35" height="34.3"/>
  <bush x="149" y="165" a="0" width="59.4" height="32.3"/>
  <flowers1 x="246" y="167" a="0" width="60" height="58.2"/>
  <bush x="348" y="165" a="0" width="59.4" height="32.3"/>
  <cactus x="423" y="357" a="0" width="20" height="42.55"/>
  <ground x="302" y="76" cx="-6" cy="73" a="0" width="616" height="6"/>
  <ground x="664.1" y="154.47500000000002" cx="748" cy="88" a="140" width="214" height="6"/>
  <ground x="549.5" y="126.27499999999999" cx="607" cy="82" a="140" width="145" height="6.1"/>
  <ground x="494.575" y="222" cx="492" cy="170" a="0" width="5.15" height="104"/>
  <ground x="667" y="221.5" cx="584" cy="219" a="0" width="166" height="5"/>
  <ground x="589.5" y="272.675" cx="492" cy="270" a="0" width="195" height="5.35"/>
  <ground x="740" y="193" cx="737" cy="-2" a="0" width="6" height="390"/>
  <ground x="373" y="380" cx="-8" cy="377" a="0" width="762" height="6"/>
  <ground x="683.5" y="304.5" cx="681" cy="274" a="0" width="5" height="61"/>
  <ground x="565.5" y="334.125" cx="444" cy="331" a="0" width="243" height="6.25"/>
  <cheeseskin x="627" y="307" a="0" width="27.05" height="22"/>
  <groundred x="467" y="328.5" cx="444" cy="326" a="0" width="47" height="6"/>
  <ground x="398" y="273.5" cx="395" cy="150" a="0" width="6" height="247"/>
  <ground x="231" y="149" cx="62" cy="146" a="0" width="338" height="6"/>
  <ground x="-1.5" y="185" cx="-6" cy="-68" a="0" width="9" height="506"/>
  <ground x="30.25" y="221.35" cx="1" cy="201" a="30" width="71" height="6"/>
</scene>