<scene width="740" height="380">
  <timer time="60"/>
  <creator id="2806910"/>
  <bg id="0"/>
  <staticskin x="18" y="323.5" cx="3" cy="269" a="0" width="30" height="109"/>
  <staticredskin x="40" y="295" cx="34" cy="288" a="0" width="12" height="14"/>
  <staticskin x="65.5" y="323" cx="48" cy="301" a="0" width="35" height="44"/>
  <staticblueskin x="162" y="351" cx="83" cy="345" a="0" width="158" height="12"/>
  <rpointer x="181" y="326" a="0" width="40" height="33.7"/>
  <staticredskin x="258.5" y="358.5" cx="249" cy="353" a="0" width="19" height="11"/>
  <staticskin x="114.5" y="172.5" cx="0" cy="148" a="0" width="229" height="49"/>
  <staticskin x="282.5" y="251.5" cx="275" cy="140" a="0" width="15" height="223"/>
  <staticskin x="219.5" y="79.5" cx="150" cy="70" a="0" width="139" height="19"/>
  <staticredskin x="283.5" y="115" cx="276" cy="96" a="0" width="15" height="38"/>
  <staticblueskin x="160" y="150.5" cx="91" cy="142" a="0" width="138" height="17"/>
  <staticredskin x="75.5" y="139.5" cx="61" cy="133" a="0" width="29" height="13"/>
  <staticblueskin x="51" y="93.5" cx="42" cy="39" a="0" width="18" height="109"/>
  <staticskin x="174.5" y="13" cx="60" cy="4" a="0" width="229" height="18"/>
  <littlemouse x="23" y="249" a="0" width="37.35" height="34.3"/>
  <minkskin x="21" y="214" a="0" width="36" height="27"/>
  <ground x="396.1" y="122.025" cx="370" cy="-28" a="0" width="52.2" height="300.05"/>
  <groundred x="321.25" y="357.275" cx="291" cy="349" a="0" width="61.5" height="17.55"/>
  <springboardskin x="392" y="355" a="0" width="51" height="10.95"/>
  <staticskin x="475.5" y="358.5" cx="430" cy="352" a="0" width="91" height="13"/>
  <staticredskin x="493" y="350" cx="466" cy="341" a="0" width="54" height="18"/>
  <staticskin x="534" y="215" cx="525" cy="63" a="0" width="18" height="304"/>
  <staticskin x="615" y="127.5" cx="605" cy="-43" a="0" width="20" height="341"/>
  <groundblue x="640.25" y="365.275" cx="546" cy="352" a="0" width="189.5" height="27.55"/>
  <staticskin x="721.5" y="200.5" cx="708" cy="50" a="0" width="27" height="301"/>
  <staticskin x="670" y="45.5" cx="624" cy="35" a="0" width="92" height="21"/>
  <staticskin x="698" y="318.5" cx="690" cy="313" a="0" width="16" height="11"/>
  <staticskin x="644" y="281" cx="627" cy="273" a="0" width="34" height="16"/>
  <staticskin x="691" y="228" cx="677" cy="221" a="0" width="28" height="14"/>
  <staticredskin x="645" y="185" cx="627" cy="179" a="0" width="36" height="12"/>
  <cheeseskin x="643" y="84" a="0" width="27.05" height="22"/>
  <staticskin x="128" y="88.5" cx="109" cy="78" a="0" width="38" height="21"/>
</scene>