<scene width="740" height="380">
  <timer time="60"/>
  <creator id="2883983"/>
  <bg id="2"/>
  <staticblueskin x="376.5" y="366" cx="28" cy="359" a="0" width="697" height="14"/>
  <staticblueskin x="719.5" y="185" cx="713" cy="12" a="0" width="13" height="346"/>
  <boxskin x="55" y="336" a="0" width="50" height="50"/>
  <staticblueskin x="24" y="186" cx="19" cy="2" a="0" width="10" height="368"/>
  <boxskin x="689" y="335" a="0" width="50" height="50"/>
  <staticblueskin x="340" y="8" cx="30" cy="3" a="0" width="620" height="10"/>
  <staticblueskin x="680" y="7.5" cx="649" cy="2" a="0" width="62" height="11"/>
  <tree x="182" y="310" a="0" width="78.35" height="100"/>
  <tree2 x="483" y="309" a="0" width="84.85" height="100"/>
  <tree x="329" y="308" a="0" width="78.35" height="100"/>
  <cactus x="428" y="338" a="0" width="20" height="42.55"/>
  <bush x="263" y="342" a="0" width="59.4" height="32.3"/>
  <stone x="390" y="348" a="0" width="31.25" height="22.9"/>
  <flowers2 x="579" y="346" a="0" width="60" height="33.45"/>
  <flowers1 x="635" y="342" a="0" width="60" height="58.2"/>
  <flowers1 x="625" y="343" a="0" width="60" height="58.2"/>
  <flowers1 x="637" y="330" a="0" width="60" height="58.2"/>
  <flowers1 x="605" y="322" a="0" width="60" height="58.2"/>
  <flowers1 x="592" y="345" a="0" width="60" height="58.2"/>
  <cheeseskin x="649" y="350" a="0" width="27.05" height="22"/>
  <flowers1 x="634" y="333" a="0" width="60" height="58.2"/>
  <flowers1 x="623" y="346" a="0" width="60" height="58.2"/>
  <minkskin x="72" y="63" a="0" width="36" height="27"/>
  <staticblueskin x="164.5" y="283" cx="124" cy="276" a="0" width="81" height="14"/>
  <staticblueskin x="256.5" y="262" cx="204" cy="256" a="0" width="105" height="12"/>
  <staticblueskin x="368.5" y="241" cx="311" cy="236" a="0" width="115" height="10"/>
  <staticblueskin x="603.5" y="203.5" cx="559" cy="198" a="0" width="89" height="11"/>
  <staticblueskin x="108" y="96" cx="49" cy="90" a="0" width="118" height="12"/>
  <staticblueskin x="495" y="223.5" cx="431" cy="218" a="0" width="128" height="11"/>
  <staticblueskin x="231.5" y="118.5" cx="150" cy="112" a="0" width="163" height="13"/>
  <staticblueskin x="647.5" y="161.5" cx="642" cy="128" a="0" width="11" height="67"/>
  <staticblueskin x="605" y="121.5" cx="560" cy="116" a="0" width="90" height="11"/>
  <cheeseskin x="626" y="144" a="0" width="27.05" height="22"/>
  <staticblueskin x="560" y="145" cx="555" cy="119" a="0" width="10" height="52"/>
  <staticblueskin x="576.5" y="166.5" cx="566" cy="162" a="0" width="21" height="9"/>
  <staticblueskin x="589.5" y="170" cx="586" cy="161" a="0" width="7" height="18"/>
  <staticblueskin x="331" y="126.5" cx="323" cy="120" a="0" width="16" height="13"/>
  <staticblueskin x="351" y="135" cx="342" cy="128" a="0" width="18" height="14"/>
  <staticblueskin x="369" y="141" cx="362" cy="134" a="0" width="14" height="14"/>
  <staticblueskin x="385.5" y="147.5" cx="379" cy="141" a="0" width="13" height="13"/>
  <staticblueskin x="404.5" y="152" cx="397" cy="144" a="0" width="15" height="16"/>
  <staticblueskin x="421.5" y="157.5" cx="414" cy="150" a="0" width="15" height="15"/>
  <staticblueskin x="438.5" y="162.5" cx="432" cy="155" a="0" width="13" height="15"/>
  <staticblueskin x="453.5" y="170" cx="447" cy="163" a="0" width="13" height="14"/>
  <staticblueskin x="467" y="175" cx="462" cy="170" a="0" width="10" height="10"/>
  <staticblueskin x="515.5" y="208" cx="504" cy="197" a="0" width="23" height="22"/>
  <lpointer x="242" y="406" a="0" width="40" height="33.7"/>
  <lpointer x="461" y="342" a="0" width="40" height="33.7"/>
  <rpointer x="257" y="239" a="0" width="40" height="33.7"/>
  <rpointer x="379" y="218" a="0" width="40" height="33.7"/>
  <rpointer x="543" y="200" a="0" width="40" height="33.7"/>
  <lpointer x="300" y="95" a="0" width="40" height="33.7"/>
  <lpointer x="149" y="72" a="0" width="40" height="33.7"/>
  <springboardskin x="587" y="110" a="0" width="51" height="10.95"/>
  <springboardskin x="686" y="109" a="0" width="51" height="10.95"/>
  <springboardskin x="636" y="109" a="0" width="51" height="10.95"/>
  <staticredskin x="549.5" y="143" cx="543" cy="104" a="0" width="13" height="78"/>
  <littlemouse x="260" y="344" a="0" width="37.35" height="34.3"/>
</scene>