<scene width="740" height="380">
  <timer time="60"/>
  <creator id="2277277"/>
  <bg id="3"/>
  <staticblueskin x="587.575" y="157.25" cx="507" cy="123" a="-65" width="6" height="175"/>
  <staticblueskin x="689.7249999999999" y="238.55" cx="746" cy="209" a="65" width="6" height="127"/>
  <staticblueskin x="591" y="264.5" cx="548" cy="261" a="0" width="86" height="7"/>
  <staticblueskin x="224.5" y="218.5" cx="221" cy="149" a="0" width="7" height="139"/>
  <staticblueskin x="267" y="224" cx="264" cy="110" a="0" width="6" height="228"/>
  <staticblueskin x="438.5" y="255.5" cx="436" cy="246" a="0" width="5" height="19"/>
  <staticblueskin x="548" y="232.5" cx="545" cy="201" a="0" width="6" height="63"/>
  <staticblueskin x="473.5" y="203" cx="396" cy="199" a="0" width="155" height="8"/>
  <staticblueskin x="399" y="252.5" cx="396" cy="199" a="0" width="6" height="107"/>
  <staticblueskin x="364" y="211" cx="361" cy="85" a="0" width="6" height="252"/>
  <staticblueskin x="516.5" y="340" cx="361" cy="337" a="0" width="311" height="6"/>
  <staticblueskin x="636" y="48.5" cx="633" cy="36" a="0" width="6" height="25"/>
  <staticblueskin x="511.5" y="303" cx="396" cy="300" a="0" width="231" height="6"/>
  <staticblueskin x="498.5" y="264.5" cx="436" cy="261" a="0" width="125" height="7"/>
  <cheeseskin x="529" y="245" a="0" width="27.05" height="22"/>
  <staticblueskin x="463.5" y="217" cx="461" cy="207" a="0" width="5" height="20"/>
  <staticblueskin x="533.5" y="380.5" cx="331" cy="378" a="0" width="405" height="5"/>
  <staticblueskin x="739" y="268" cx="736" cy="-4" a="0" width="6" height="544"/>
  <littlemouse x="152" y="227" a="0" width="37.35" height="34.3"/>
  <staticredskin x="312" y="379.5" cx="299" cy="376" a="0" width="26" height="7"/>
  <staticredskin x="332" y="379.5" cx="325" cy="376" a="0" width="14" height="7"/>
  <minkskin x="346" y="116" a="0" width="36" height="27"/>
  <springboardskin x="245" y="335" a="0" width="51" height="10.95"/>
  <staticblueskin x="231" y="244" cx="227" cy="241" a="0" width="8" height="6"/>
  <staticblueskin x="260" y="194" cx="255" cy="191" a="0" width="10" height="6"/>
  <staticblueskin x="178.5" y="221.5" cx="176" cy="197" a="0" width="5" height="49"/>
  <staticblueskin x="93" y="241" cx="90" cy="192" a="0" width="6" height="98"/>
  <staticblueskin x="159" y="290" cx="90" cy="287" a="0" width="138" height="6"/>
  <staticblueskin x="326.5" y="271" cx="324" cy="64" a="0" width="5" height="414"/>
  <staticblueskin x="153" y="244.5" cx="125" cy="242" a="0" width="56" height="5"/>
  <staticblueskin x="497.5" y="252" cx="495" cy="242" a="0" width="5" height="20"/>
  <staticblueskin x="666.5" y="185" cx="664" cy="173" a="0" width="5" height="24"/>
  <staticblueskin x="654.5" y="123" cx="652" cy="110" a="0" width="5" height="26"/>
  <staticblueskin x="135.5" y="193.5" cx="90" cy="190" a="0" width="91" height="7"/>
  <staticblueskin x="137" y="152" cx="46" cy="148" a="0" width="182" height="8"/>
  <staticblueskin x="49" y="246.5" cx="46" cy="154" a="0" width="6" height="185"/>
  <staticblueskin x="159" y="338" cx="47" cy="335" a="0" width="224" height="6"/>
  <springboardskin x="202" y="288" a="0" width="51" height="10.95"/>
  <staticblueskin x="130.5" y="108.5" cx="-9" cy="105" a="0" width="279" height="7"/>
  <staticblueskin x="1.5" y="247" cx="-1" cy="114" a="0" width="5" height="266"/>
  <staticblueskin x="159" y="381.5" cx="-8" cy="378" a="0" width="334" height="7"/>
  <staticblueskin x="187.5" y="61" cx="45" cy="57" a="0" width="285" height="8"/>
  <staticblueskin x="374.5" y="1.5" cx="-11" cy="-2" a="0" width="771" height="7"/>
  <staticblueskin x="0.5" y="54" cx="-2" cy="-9" a="0" width="5" height="126"/>
  <staticblueskin x="402.625" y="42.575" cx="340" cy="3" a="-55" width="7" height="148"/>
  <staticblueskin x="394.475" y="106.30000000000001" cx="326" cy="62" a="-55" width="6" height="163"/>
  <staticblueskin x="526.25" y="108.075" cx="592" cy="59" a="55" width="5" height="164"/>
  <staticblueskin x="519.975" y="41.6" cx="579" cy="-4" a="55" width="7" height="149"/>
  <staticblueskin x="644.5" y="63" cx="590" cy="60" a="0" width="109" height="6"/>
  <staticblueskin x="702.75" y="110.725" cx="752" cy="85" a="65" width="5" height="111"/>
  <ballskin x="460" y="31" a="0" width="25" height="25"/>
</scene>