<scene width="740" height="380">
  <timer time="60"/>
  <creator id="2277277"/>
  <bg id="1"/>
  <staticskin x="518.5" y="128.5" cx="516" cy="110" a="0" width="5" height="37"/>
  <staticskin x="566.5" y="120.5" cx="564" cy="63" a="0" width="5" height="115"/>
  <staticskin x="480.5" y="181.5" cx="392" cy="178" a="0" width="177" height="7"/>
  <staticskin x="358.5" y="190" cx="356" cy="159" a="0" width="5" height="62"/>
  <staticskin x="478.5" y="223.5" cx="356" cy="220" a="0" width="245" height="7"/>
  <staticskin x="673.5" y="176.5" cx="671" cy="155" a="0" width="5" height="43"/>
  <staticskin x="689.5" y="155.5" cx="671" cy="153" a="0" width="37" height="5"/>
  <staticskin x="706.5" y="189" cx="704" cy="153" a="0" width="5" height="72"/>
  <staticskin x="603.5" y="175.5" cx="601" cy="124" a="0" width="5" height="103"/>
  <staticskin x="603.5" y="83.5" cx="566" cy="81" a="0" width="75" height="5"/>
  <ballskin x="495" y="362" a="0" width="25" height="25"/>
  <staticskin x="637.5" y="121" cx="635" cy="83" a="0" width="5" height="76"/>
  <staticskin x="640.5" y="199.5" cx="604" cy="196" a="0" width="73" height="7"/>
  <staticskin x="670.5" y="260.5" cx="601" cy="258" a="0" width="139" height="5"/>
  <staticskin x="696.5" y="84" cx="639" cy="81" a="0" width="115" height="6"/>
  <staticskin x="623" y="298.5" cx="567" cy="295" a="0" width="112" height="7"/>
  <staticskin x="570" y="261" cx="567" cy="223" a="0" width="6" height="76"/>
  <staticskin x="655.5" y="337.5" cx="569" cy="335" a="0" width="173" height="5"/>
  <cheeseskin x="716" y="360" a="0" width="27.05" height="22"/>
  <staticskin x="527" y="355.5" cx="524" cy="335" a="0" width="6" height="41"/>
  <staticskin x="503" y="333" cx="477" cy="330" a="0" width="52" height="6"/>
  <staticskin x="478.5" y="311.5" cx="476" cy="288" a="0" width="5" height="47"/>
  <staticskin x="458.5" y="291.5" cx="440" cy="288" a="0" width="37" height="7"/>
  <staticskin x="17" y="347.5" cx="-1" cy="345" a="0" width="36" height="5"/>
  <staticskin x="2" y="296" cx="-7" cy="293" a="0" width="18" height="6"/>
  <staticskin x="52.5" y="258" cx="39" cy="255" a="0" width="27" height="6"/>
  <staticskin x="13.5" y="204.5" cx="2" cy="202" a="0" width="23" height="5"/>
  <staticskin x="416.5" y="267" cx="392" cy="264" a="0" width="49" height="6"/>
  <staticskin x="334" y="303.5" cx="275" cy="300" a="0" width="118" height="7"/>
  <staticskin x="273.5" y="286.5" cx="271" cy="266" a="0" width="5" height="41"/>
  <staticskin x="193.5" y="271" cx="111" cy="267" a="0" width="165" height="8"/>
  <staticskin x="211.5" y="224.5" cx="62" cy="221" a="0" width="299" height="7"/>
  <staticskin x="65.5" y="274.5" cx="63" cy="224" a="0" width="5" height="101"/>
  <staticskin x="135" y="322" cx="63" cy="318" a="0" width="144" height="8"/>
  <staticskin x="308.5" y="340" cx="206" cy="337" a="0" width="205" height="6"/>
  <staticskin x="456.5" y="338" cx="454" cy="312" a="0" width="5" height="52"/>
  <staticskin x="8.5" y="167" cx="2" cy="164" a="0" width="13" height="6"/>
  <staticskin x="43.5" y="113.5" cx="34" cy="110" a="0" width="19" height="7"/>
  <staticskin x="439.5" y="281.5" cx="437" cy="268" a="0" width="5" height="27"/>
  <staticskin x="394.5" y="288.5" cx="392" cy="270" a="0" width="5" height="37"/>
  <littlemouse x="88" y="120" a="0" width="37.35" height="34.3"/>
  <minkskin x="711" y="66" a="0" width="36" height="27"/>
  <staticskin x="368.5" y="2" cx="-3" cy="-1" a="0" width="743" height="6"/>
  <staticskin x="0" y="250.5" cx="-3" cy="0" a="0" width="6" height="501"/>
  <staticskin x="401" y="379.5" cx="-3" cy="376" a="0" width="808" height="7"/>
  <staticskin x="740" y="239.5" cx="737" cy="-6" a="0" width="6" height="491"/>
  <staticredskin x="587.5" y="221.5" cx="570" cy="219" a="0" width="35" height="5"/>
  <staticskin x="128" y="72.5" cx="51" cy="70" a="0" width="154" height="5"/>
  <staticskin x="202.5" y="95.5" cx="200" cy="72" a="0" width="5" height="47"/>
  <staticskin x="53.5" y="106" cx="51" cy="71" a="0" width="5" height="70"/>
  <staticskin x="98.5" y="142.5" cx="51" cy="140" a="0" width="95" height="5"/>
  <staticskin x="143.5" y="161.5" cx="141" cy="142" a="0" width="5" height="39"/>
  <staticskin x="213" y="179" cx="141" cy="176" a="0" width="144" height="6"/>
  <staticskin x="232.5" y="119" cx="200" cy="116" a="0" width="65" height="6"/>
  <staticskin x="287.5" y="167.5" cx="285" cy="153" a="0" width="5" height="29"/>
  <staticskin x="319" y="156.5" cx="285" cy="153" a="0" width="68" height="7"/>
  <staticskin x="352" y="137.5" cx="349" cy="115" a="0" width="6" height="45"/>
  <staticskin x="435" y="113" cx="349" cy="110" a="0" width="172" height="6"/>
  <staticskin x="264.5" y="91.5" cx="262" cy="61" a="0" width="5" height="61"/>
  <staticskin x="415.5" y="65.5" cx="262" cy="62" a="0" width="307" height="7"/>
</scene>