<scene width="740" height="380">
  <timer time="60"/>
  <creator id="2887086"/>
  <bg id="1"/>
  <littlemouse x="369" y="351" a="0" width="37.35" height="34.3"/>
  <staticskin x="367" y="372" cx="319" cy="368" a="0" width="96" height="8"/>
  <staticblueskin x="322.5" y="299.5" cx="318" cy="230" a="0" width="9" height="139"/>
  <staticblueskin x="411" y="300" cx="406" cy="232" a="0" width="10" height="136"/>
  <staticblueskin x="335.5" y="339" cx="323" cy="336" a="0" width="25" height="6"/>
  <staticblueskin x="393" y="321" cx="380" cy="317" a="0" width="26" height="8"/>
  <staticblueskin x="336" y="295.5" cx="324" cy="292" a="0" width="24" height="7"/>
  <staticblueskin x="388.5" y="260.5" cx="371" cy="256" a="0" width="35" height="9"/>
  <staticblueskin x="341" y="235" cx="329" cy="230" a="0" width="24" height="10"/>
  <staticskin x="125.5" y="374.5" cx="-1" cy="356" a="0" width="253" height="37"/>
  <staticskin x="619" y="370" cx="482" cy="360" a="0" width="274" height="20"/>
  <staticskin x="151" y="310.5" cx="79" cy="304" a="0" width="144" height="13"/>
  <staticblueskin x="38.5" y="285" cx="23" cy="280" a="0" width="31" height="10"/>
  <staticblueskin x="94" y="260.5" cx="77" cy="255" a="0" width="34" height="11"/>
  <staticblueskin x="158.5" y="280" cx="134" cy="272" a="0" width="49" height="16"/>
  <cheeseskin x="107" y="284" a="0" width="27.05" height="22"/>
  <staticblueskin x="33" y="226" cx="14" cy="221" a="0" width="38" height="10"/>
  <staticblueskin x="118" y="197.5" cx="88" cy="193" a="0" width="60" height="9"/>
  <staticredskin x="285" y="374" cx="253" cy="371" a="0" width="64" height="6"/>
  <staticredskin x="448.5" y="372.5" cx="419" cy="368" a="0" width="59" height="9"/>
  <springboardskin x="33" y="151" a="0" width="51" height="10.95"/>
  <cheeseskin x="32" y="46" a="0" width="27.05" height="22"/>
  <staticredskin x="192.5" y="223.5" cx="185" cy="218" a="0" width="15" height="11"/>
  <staticredskin x="254" y="203.5" cx="247" cy="198" a="0" width="14" height="11"/>
  <minkskin x="714" y="345" a="0" width="36" height="27"/>
  <staticskin x="693" y="310" cx="650" cy="302" a="0" width="86" height="16"/>
  <staticblueskin x="546" y="311" cx="482" cy="307" a="0" width="128" height="8"/>
  <staticredskin x="490.5" y="338" cx="484" cy="318" a="0" width="13" height="40"/>
  <staticskin x="620.5" y="208.5" cx="565" cy="202" a="0" width="111" height="13"/>
  <staticblueskin x="636" y="260.5" cx="595" cy="253" a="0" width="82" height="15"/>
  <stone x="705" y="291" a="0" width="31.25" height="22.9"/>
  <cactus x="595" y="180" a="0" width="20" height="42.55"/>
  <flowers1 x="20" y="339" a="0" width="60" height="58.2"/>
  <heavyboxskin x="592" y="291" a="0" width="41" height="22"/>
  <ballskin x="281" y="353" a="0" width="23.8" height="26.05"/>
  <ballskin x="443" y="345" a="0" width="23.8" height="26.05"/>
  <ballskin x="121" y="176" a="0" width="23.8" height="26.05"/>
  <ballskin x="33" y="206" a="0" width="23.8" height="26.05"/>
  <ballskin x="334" y="214" a="0" width="23.8" height="26.05"/>
  <ballskin x="633" y="235" a="0" width="23.8" height="26.05"/>
  <ballskin x="515" y="342" a="0" width="23.8" height="26.05"/>
  <ballskin x="545" y="344" a="0" width="23.8" height="26.05"/>
  <ballskin x="575" y="345" a="0" width="23.8" height="26.05"/>
</scene>