<scene width="740" height="380">
  <timer time="60"/>
  <creator id="1945320"/>
  <bg id="0"/>
  <ballskin x="266" y="356" a="0" width="25" height="25"/>
  <ballskin x="349" y="358" a="0" width="25" height="25"/>
  <ballskin x="437" y="359" a="0" width="25" height="25"/>
  <ballskin x="528" y="360" a="0" width="25" height="25"/>
  <ballskin x="611" y="355" a="0" width="25" height="25"/>
  <ballskin x="708" y="356" a="0" width="25" height="25"/>
  <minkskin x="63" y="347" a="0" width="36" height="27"/>
  <littlemouse x="33" y="28" a="0" width="37.35" height="34.3"/>
  <staticblueskin x="60" y="47" cx="0" cy="44" a="0" width="120" height="6"/>
  <staticblueskin x="113" y="25.5" cx="107" cy="4" a="0" width="12" height="43"/>
  <staticblueskin x="3" y="13" cx="-1" cy="-24" a="0" width="8" height="74"/>
  <staticredskin x="747" y="355.5" cx="736" cy="334" a="0" width="22" height="43"/>
  <springboardskin x="47" y="311" a="0" width="51" height="10.95"/>
  <springboardskin x="263" y="200" a="0" width="51" height="10.95"/>
  <springboardskin x="480" y="106" a="0" width="51" height="10.95"/>
  <cheeseskin x="721" y="17" a="0" width="27.05" height="22"/>
  <springboardskin x="708" y="194" a="0" width="51" height="10.95"/>
  <staticredskin x="437.5" y="386.5" cx="124" cy="375" a="0" width="627" height="23"/>
  <staticblueskin x="431.5" y="333" cx="119" cy="330" a="0" width="625" height="6"/>
  <staticredskin x="142.5" y="356.5" cx="123" cy="333" a="0" width="39" height="47"/>
  <ballskin x="184" y="358" a="0" width="25" height="25"/>
</scene>