<scene width="740" height="380">
  <timer time="60"/>
  <creator id="2988563"/>
  <bg id="2"/>
  <groundblue x="258.25" y="44.775" cx="235" cy="31" a="0" width="47.5" height="28.55"/>
  <groundred x="397.25" y="100.775" cx="389" cy="93" a="0" width="17.5" height="16.55"/>
  <staticblueskin x="352.5" y="75.5" cx="339" cy="62" a="0" width="27" height="27"/>
  <groundblue x="343.75" y="277.25" cx="247" cy="173" a="0" width="194.5" height="209.5"/>
  <groundred x="189.25" y="329.8" cx="137" cy="324" a="0" width="105.5" height="12.6"/>
  <groundred x="144.25" y="311.275" cx="139" cy="300" a="0" width="11.5" height="23.55"/>
  <littlemouse x="173" y="293" a="0" width="37.35" height="34.3"/>
  <cheeseskin x="318" y="40" a="0" width="27.05" height="22"/>
  <groundblue x="500.75" y="249.25" cx="445" cy="241" a="0" width="112.5" height="17.5"/>
  <groundred x="569.275" y="249.25" cx="560" cy="243" a="0" width="19.55" height="13.5"/>
  <minkskin x="609" y="57" a="0" width="36" height="27"/>
  <groundblue x="332.25" y="111.75" cx="279" cy="54" a="0" width="107.5" height="116.5"/>
</scene>