<scene width="740" height="380">
  <timer time="80"/>
  <creator id="2950104"/>
  <bg id="12"/>
  <cheeseskin x="698" y="198" a="0" width="27.05" height="22"/>
  <minkskin x="65" y="77" a="0" width="36" height="27"/>
  <ballskin x="702" y="144" a="0" width="23.8" height="26.05"/>
  <ballskin x="662" y="154" a="0" width="23.8" height="26.05"/>
  <ballskin x="637" y="147" a="0" width="23.8" height="26.05"/>
  <boxskin x="39" y="302" a="0" width="50" height="50"/>
  <boxskin x="84" y="271" a="0" width="50" height="50"/>
  <boxskin x="131" y="270" a="0" width="50" height="50"/>
  <carrierhorizontal x="34" y="202" linewidth="300" lineheight="20" boxwidth="50" boxheight="20"/>
  <carrierhorizontal x="36" y="230" linewidth="300" lineheight="20" boxwidth="50" boxheight="20"/>
  <carrierhorizontal x="35" y="173" linewidth="300" lineheight="20" boxwidth="50" boxheight="20"/>
  <ballskin x="587" y="142" a="0" width="23.8" height="26.05"/>
  <groundblue x="277" y="360.5" cx="12" cy="358" a="0" width="531" height="6"/>
  <groundred x="194" y="129.5" cx="31" cy="107" a="0" width="327" height="46"/>
  <heavyboxskin x="380" y="106" a="0" width="41" height="22"/>
  <springboardskin x="191" y="391" a="0" width="51" height="10.95"/>
  <boxskin x="216" y="310" a="0" width="50" height="50"/>
  <staticredskin x="643.5" y="357.5" cx="548" cy="349" a="0" width="191" height="17"/>
  <staticredskin x="728.5" y="274" cx="719" cy="200" a="0" width="19" height="148"/>
  <staticredskin x="400.5" y="346" cx="376" cy="337" a="0" width="49" height="18"/>
  <carriervertical x="639" y="399" linewidth="50" lineheight="200" boxwidth="50" boxheight="20"/>
  <staticblueskin x="294.5" y="100" cx="38" cy="95" a="0" width="513" height="10"/>
  <springboardskin x="19" y="99" a="0" width="51" height="10.95"/>
  <rpointer x="25" y="80" a="0" width="40" height="33.7"/>
  <staticredskin x="575.5" y="180.5" cx="429" cy="174" a="0" width="293" height="13"/>
  <ground x="683.5" y="93" cx="609" cy="82" a="0" width="149" height="22"/>
  <littlemouse x="105" y="82" a="0" width="37.35" height="34.3"/>
</scene>