<scene width="740" height="380">
  <timer time="60"/>
  <creator id="2256042"/>
  <bg id="12"/>
  <staticskin x="141.5" y="41.5" cx="61" cy="38" a="0" width="161" height="7"/>
  <staticskin x="104.5" y="348" cx="42" cy="344" a="0" width="125" height="8"/>
  <staticskin x="153" y="308" cx="95" cy="303" a="0" width="116" height="10"/>
  <staticskin x="52.5" y="266" cx="3" cy="261" a="0" width="99" height="10"/>
  <staticskin x="152.5" y="219" cx="88" cy="213" a="0" width="129" height="12"/>
  <staticskin x="41.5" y="165.5" cx="-8" cy="160" a="0" width="99" height="11"/>
  <staticskin x="448.5" y="301" cx="441" cy="293" a="0" width="15" height="16"/>
  <staticskin x="76.5" y="118" cx="54" cy="113" a="0" width="45" height="10"/>
  <staticskin x="7.5" y="72.5" cx="-11" cy="64" a="0" width="37" height="17"/>
  <staticskin x="320.875" y="163.67499999999998" cx="428" cy="282" a="140" width="12" height="319"/>
  <minkskin x="90" y="329" a="0" width="36" height="27"/>
  <rpointer x="78" y="20" a="0" width="40" height="33.7"/>
  <lpointer x="181" y="285" a="0" width="40" height="33.7"/>
  <carrierhorizontal x="425" y="341" linewidth="300" lineheight="20" boxwidth="50" boxheight="20"/>
  <carriervertical x="677" y="145" linewidth="50" lineheight="200" boxwidth="50" boxheight="20"/>
  <cheeseskin x="678" y="114" a="0" width="27.05" height="22"/>
  <ground x="617" y="137.55" cx="593" cy="134" a="0" width="48" height="7.1"/>
  <carriervertical x="606" y="274" linewidth="50" lineheight="200" boxwidth="50" boxheight="20"/>
  <ground x="722" y="92" cx="701" cy="86" a="0" width="42" height="12"/>
  <flowers2 x="193" y="361" a="0" width="60" height="33.45"/>
  <flowers2 x="290" y="361" a="0" width="60" height="33.45"/>
  <flowers2 x="394" y="362" a="0" width="60" height="33.45"/>
  <flowers2 x="482" y="363" a="0" width="60" height="33.45"/>
  <flowers2 x="568" y="364" a="0" width="60" height="33.45"/>
  <flowers2 x="666" y="366" a="0" width="60" height="33.45"/>
  <ground x="589.05" y="97.5" cx="585" cy="55" a="0" width="8.1" height="85"/>
  <ground x="651.075" y="67.5" cx="604" cy="46" a="19" width="103" height="10"/>
  <staticskin x="492" y="230" cx="482" cy="222" a="0" width="20" height="16"/>
  <staticskin x="525" y="173.5" cx="516" cy="164" a="0" width="18" height="19"/>
  <staticskin x="556" y="121.5" cx="546" cy="111" a="0" width="20" height="21"/>
  <staticskin x="501" y="84.5" cx="493" cy="75" a="0" width="16" height="19"/>
  <staticskin x="441" y="58" cx="434" cy="49" a="0" width="14" height="18"/>
  <staticskin x="360.5" y="59.5" cx="350" cy="51" a="0" width="21" height="17"/>
  <staticskin x="478.5" y="254" cx="475" cy="248" a="0" width="7" height="12"/>
  <staticskin x="297.5" y="30.5" cx="289" cy="20" a="0" width="17" height="21"/>
  <littlemouse x="23" y="340" a="0" width="37.35" height="34.3"/>
  <ground x="23.125" y="359.5" cx="20" cy="357" a="0" width="6.25" height="5"/>
</scene>