<scene width="740" height="380">
  <timer time="60"/>
  <creator id="929585"/>
  <bg id="2"/>
  <lpointer x="438" y="356" a="0" width="40" height="33.7"/>
  <staticskin x="117.5" y="47" cx="-6" cy="40" a="0" width="247" height="14"/>
  <staticskin x="247" y="89" cx="240" cy="41" a="0" width="14" height="96"/>
  <staticskin x="371" y="88.5" cx="365" cy="41" a="0" width="12" height="95"/>
  <staticskin x="518" y="40.5" cx="375" cy="34" a="0" width="286" height="13"/>
  <springboardskin x="337" y="165" a="0" width="51" height="10.95"/>
  <staticskin x="317" y="194" cx="151" cy="185" a="0" width="332" height="18"/>
  <boxskin x="457" y="162" a="0" width="50" height="50"/>
  <boxskin x="458" y="111" a="0" width="50" height="50"/>
  <boxskin x="457" y="62" a="0" width="50" height="50"/>
  <staticskin x="735.5" y="103" cx="728" cy="1" a="0" width="15" height="204"/>
  <staticskin x="655" y="123.5" cx="649" cy="44" a="0" width="12" height="159"/>
  <staticskin x="681.5" y="64.5" cx="665" cy="59" a="0" width="33" height="11"/>
  <staticskin x="713" y="117" cx="700" cy="111" a="0" width="26" height="12"/>
  <staticskin x="678.5" y="164.5" cx="663" cy="159" a="0" width="31" height="11"/>
  <staticskin x="710" y="198.5" cx="692" cy="194" a="0" width="36" height="9"/>
  <staticskin x="616" y="252" cx="493" cy="247" a="0" width="246" height="10"/>
  <staticskin x="438" y="249" cx="432" cy="204" a="0" width="12" height="90"/>
  <ground x="455.025" y="304.5" cx="445" cy="294" a="0" width="20.05" height="21"/>
  <ground x="498.025" y="268.525" cx="486" cy="258" a="0" width="24.05" height="21.05"/>
  <ground x="476" y="325.025" cx="464" cy="313" a="0" width="24" height="24.05"/>
  <ground x="517.525" y="292" cx="508" cy="282" a="0" width="19.05" height="20"/>
  <ground x="500" y="343.525" cx="490" cy="333" a="0" width="20" height="21.05"/>
  <minkskin x="16" y="20" a="0" width="36" height="27"/>
  <ground x="537.025" y="308" cx="528" cy="299" a="0" width="18.05" height="18"/>
  <ground x="527.225" y="360.525" cx="514" cy="350" a="0" width="26.45" height="21.05"/>
  <ground x="567.1" y="315" cx="556" cy="306" a="0" width="22.2" height="18"/>
  <ground x="601.025" y="297.525" cx="589" cy="287" a="0" width="24.05" height="21.05"/>
  <ground x="560.025" y="372" cx="548" cy="361" a="0" width="24.05" height="22"/>
  <ground x="592" y="362.025" cx="579" cy="353" a="0" width="26" height="18.05"/>
  <ground x="627.025" y="350" cx="613" cy="340" a="0" width="28.05" height="20"/>
  <ground x="652.525" y="334.5" cx="641" cy="326" a="0" width="23.05" height="17"/>
  <ground x="629.025" y="282.5" cx="617" cy="271" a="0" width="24.05" height="23"/>
  <ground x="661" y="281.025" cx="649" cy="271" a="0" width="24" height="20.05"/>
  <ground x="682" y="347.525" cx="672" cy="339" a="0" width="20" height="17.05"/>
  <ground x="706.525" y="361.5" cx="698" cy="350" a="0" width="17.05" height="23"/>
  <ground x="728.625" y="321.5" cx="718" cy="272" a="0" width="21.25" height="99"/>
  <ground x="697.025" y="293.025" cx="687" cy="283" a="0" width="20.05" height="20.05"/>
  <cheeseskin x="708" y="333" a="0" width="27.05" height="22"/>
  <littlemouse x="23" y="23" a="0" width="37.35" height="34.3"/>
  <staticskin x="176" y="128.5" cx="112" cy="120" a="0" width="128" height="17"/>
  <staticskin x="70" y="128.5" cx="29" cy="121" a="0" width="82" height="15"/>
  <staticskin x="103.5" y="192.5" cx="54" cy="184" a="0" width="99" height="17"/>
  <boxskin x="23" y="98" a="0" width="50" height="50"/>
  <staticskin x="79" y="260" cx="-7" cy="254" a="0" width="172" height="12"/>
  <springboardskin x="26" y="249" a="0" width="51" height="10.95"/>
  <staticredskin x="303" y="205.5" cx="172" cy="202" a="0" width="262" height="7"/>
  <staticredskin x="168" y="297" cx="164" cy="253" a="0" width="8" height="88"/>
  <staticredskin x="289" y="339" cx="169" cy="336" a="0" width="240" height="6"/>
  <staticblueskin x="327" y="376.5" cx="165" cy="373" a="0" width="324" height="7"/>
  <boxskin x="143" y="357" a="0" width="50" height="50"/>
  <ballskin x="185" y="323" a="0" width="23.8" height="26.05"/>
  <ballskin x="381" y="328" a="0" width="23.8" height="26.05"/>
  <cheeseskin x="203" y="362" a="0" width="27.05" height="22"/>
  <staticredskin x="353.5" y="178" cx="294" cy="172" a="0" width="119" height="12"/>
  <staticskin x="283.5" y="6" cx="127" cy="1" a="0" width="313" height="10"/>
  <staticredskin x="428.5" y="247.5" cx="424" cy="204" a="0" width="9" height="87"/>
</scene>