<scene width="740" height="380">
  <timer time="60"/>
  <creator id="1506228"/>
  <bg id="2"/>
  <staticblueskin x="302.5" y="105" cx="298" cy="85" a="0" width="9" height="40"/>
  <staticblueskin x="304" y="132" cx="301" cy="128" a="0" width="6" height="8"/>
  <staticskin x="332.5" y="201.5" cx="326" cy="199" a="0" width="13" height="5"/>
  <staticskin x="346.5" y="188" cx="342" cy="185" a="0" width="9" height="6"/>
  <staticblueskin x="123.5" y="125" cx="118" cy="95" a="0" width="11" height="60"/>
  <staticblueskin x="230" y="182" cx="185" cy="177" a="0" width="90" height="10"/>
  <staticblueskin x="228.5" y="177.5" cx="220" cy="132" a="0" width="17" height="91"/>
  <staticblueskin x="346" y="89.5" cx="308" cy="84" a="0" width="76" height="11"/>
  <staticblueskin x="378.5" y="128" cx="371" cy="91" a="0" width="15" height="74"/>
  <staticblueskin x="96.025" y="182.5" cx="62" cy="207" a="-44" width="83" height="12"/>
  <staticblueskin x="106" y="216.5" cx="62" cy="212" a="0" width="88" height="9"/>
  <staticblueskin x="100" y="90" cx="75" cy="85" a="0" width="50" height="10"/>
  <staticblueskin x="472.5" y="148.5" cx="432" cy="143" a="0" width="81" height="11"/>
  <staticblueskin x="474.5" y="182" cx="433" cy="175" a="0" width="83" height="14"/>
  <staticblueskin x="559.5" y="118" cx="555" cy="70" a="0" width="9" height="96"/>
  <staticblueskin x="591" y="173" cx="555" cy="168" a="0" width="72" height="10"/>
  <staticblueskin x="628" y="177.5" cx="623" cy="115" a="0" width="10" height="125"/>
  <staticblueskin x="348.5" y="383.5" cx="4" cy="380" a="0" width="689" height="7"/>
  <staticblueskin x="316" y="139.5" cx="300" cy="137" a="0" width="32" height="5"/>
  <littlemouse x="101" y="122" a="0" width="37.35" height="34.3"/>
  <staticskin x="55" y="209.5" cx="46" cy="205" a="0" width="18" height="9"/>
  <staticredskin x="26" y="208" cx="14" cy="205" a="0" width="24" height="6"/>
  <staticblueskin x="39.050000000000004" y="6.85" cx="88" cy="-1" a="168" width="99" height="5"/>
  <staticskin x="301" y="224" cx="291" cy="221" a="0" width="20" height="6"/>
  <cheeseskin x="325" y="113" a="0" width="27.05" height="22"/>
  <staticredskin x="285" y="223" cx="281" cy="220" a="0" width="8" height="6"/>
  <springboardskin x="251" y="174" a="0" width="51" height="10.95"/>
  <springboardskin x="487" y="138" a="0" width="51" height="10.95"/>
  <minkskin x="593" y="155" a="0" width="36" height="27"/>
  <staticskin x="364.5" y="161" cx="357" cy="158" a="0" width="15" height="6"/>
  <staticblueskin x="69.5" y="106" cx="64" cy="81" a="0" width="11" height="50"/>
  <staticblueskin x="352.825" y="190.575" cx="379" cy="160" a="47" width="9" height="80"/>
  <staticblueskin x="351" y="223.5" cx="311" cy="219" a="0" width="80" height="9"/>
</scene>