<scene width="740" height="380">
  <timer time="60"/>
  <creator id="2298640"/>
  <bg id="7"/>
  <springboardskin x="557" y="201" a="0" width="51" height="10.95"/>
  <springboardskin x="594" y="191" a="0" width="51" height="10.95"/>
  <springboardskin x="624" y="176" a="0" width="51" height="10.95"/>
  <springboardskin x="656" y="163" a="0" width="51" height="10.95"/>
  <boxskin x="170" y="259" a="0" width="50" height="50"/>
  <boxskin x="265" y="257" a="0" width="50" height="50"/>
  <boxskin x="364" y="255" a="0" width="50" height="50"/>
  <boxskin x="466" y="255" a="0" width="50" height="50"/>
  <staticblueskin x="77" y="275.5" cx="18" cy="272" a="0" width="118" height="7"/>
  <littlemouse x="29" y="38" a="0" width="37.35" height="34.3"/>
  <minkskin x="85" y="346" a="0" width="36" height="27"/>
  <springboardskin x="160" y="354" a="0" width="51" height="10.95"/>
  <springboardskin x="263" y="353" a="0" width="51" height="10.95"/>
  <springboardskin x="366" y="353" a="0" width="51" height="10.95"/>
  <springboardskin x="461" y="350" a="0" width="51" height="10.95"/>
  <staticblueskin x="610" y="352" cx="513" cy="349" a="0" width="194" height="6"/>
  <cheeseskin x="659" y="44" a="0" width="27.05" height="22"/>
  <staticblueskin x="172" y="292.5" cx="167" cy="290" a="0" width="10" height="5"/>
  <staticblueskin x="265.5" y="291.5" cx="260" cy="289" a="0" width="11" height="5"/>
  <staticblueskin x="363.5" y="289.5" cx="358" cy="287" a="0" width="11" height="5"/>
  <staticblueskin x="467.5" y="287.5" cx="462" cy="285" a="0" width="11" height="5"/>
  <springboardskin x="518" y="213" a="0" width="51" height="10.95"/>
</scene>