<scene width="740" height="380">
  <timer time="120"/>
  <creator id="2891964"/>
  <bg id="1"/>
  <bush x="77" y="327" a="0" width="59.4" height="32.3"/>
  <rpointer x="539" y="411" a="0" width="40" height="33.7"/>
  <bush x="96" y="319" a="0" width="59.4" height="32.3"/>
  <bush x="132" y="326" a="0" width="59.4" height="32.3"/>
  <bush x="282" y="333" a="0" width="59.4" height="32.3"/>
  <bush x="308" y="335" a="0" width="59.4" height="32.3"/>
  <bush x="327" y="334" a="0" width="59.4" height="32.3"/>
  <bush x="448" y="340" a="0" width="59.4" height="32.3"/>
  <bush x="590" y="353" a="0" width="59.4" height="32.3"/>
  <staticredskin x="661.5" y="86.5" cx="610" cy="84" a="0" width="103" height="5"/>
  <tree x="91" y="315" a="0" width="78.35" height="100"/>
  <bush x="65" y="264" a="0" width="59.4" height="32.3"/>
  <bush x="491" y="340" a="0" width="59.4" height="32.3"/>
  <rpointer x="556" y="413" a="0" width="40" height="33.7"/>
  <bush x="565" y="413" a="0" width="59.4" height="32.3"/>
  <bush x="242" y="340" a="0" width="59.4" height="32.3"/>
  <bush x="644" y="331" a="0" width="59.4" height="32.3"/>
  <bush x="682" y="329" a="0" width="59.4" height="32.3"/>
  <tree2 x="73" y="295" a="0" width="84.85" height="100"/>
  <cheeseskin x="59" y="304" a="0" width="27.05" height="22"/>
  <cheeseskin x="384" y="368" a="0" width="27.05" height="22"/>
  <staticblueskin x="716.5" y="187" cx="712" cy="2" a="0" width="9" height="370"/>
  <staticblueskin x="456" y="111.5" cx="179" cy="107" a="0" width="554" height="9"/>
  <minkskin x="680" y="57" a="0" width="36" height="27"/>
  <littlemouse x="542" y="67" a="0" width="37.35" height="34.3"/>
  <staticredskin x="360" y="213" cx="79" cy="210" a="0" width="562" height="6"/>
  <staticblueskin x="419.5" y="31.5" cx="130" cy="26" a="0" width="579" height="11"/>
  <staticblueskin x="492" y="347" cx="417" cy="340" a="0" width="150" height="14"/>
  <staticskin x="660.5" y="351.5" cx="626" cy="344" a="0" width="69" height="15"/>
  <staticblueskin x="472" y="347.5" cx="443" cy="339" a="0" width="58" height="17"/>
  <staticskin x="293.5" y="346" cx="239" cy="339" a="0" width="109" height="14"/>
  <staticblueskin x="113.5" y="351.5" cx="56" cy="344" a="0" width="115" height="15"/>
  <bush x="35" y="328" a="0" width="59.4" height="32.3"/>
  <bush x="55" y="332" a="0" width="59.4" height="32.3"/>
  <staticskin x="704.5" y="306" cx="694" cy="301" a="0" width="21" height="10"/>
  <staticskin x="645" y="280" cx="635" cy="275" a="0" width="20" height="10"/>
  <staticskin x="701.5" y="229" cx="691" cy="224" a="0" width="21" height="10"/>
  <bush x="29" y="345" a="0" width="59.4" height="32.3"/>
  <bush x="60" y="348" a="0" width="59.4" height="32.3"/>
</scene>