<scene width="740" height="380">
  <timer time="120"/>
  <creator id="2790439"/>
  <bg id="7"/>
  <cheeseskin x="408" y="87" a="0" width="27.05" height="22"/>
  <minkskin x="712" y="204" a="0" width="36" height="27"/>
  <littlemouse x="37" y="259" a="0" width="37.35" height="34.3"/>
  <staticskin x="46.5" y="282.5" cx="11" cy="275" a="0" width="71" height="15"/>
  <staticskin x="210" y="310" cx="86" cy="283" a="0" width="248" height="54"/>
  <staticskin x="208" y="143" cx="97" cy="114" a="0" width="222" height="58"/>
  <staticredskin x="206.5" y="178" cx="97" cy="173" a="0" width="219" height="10"/>
  <staticredskin x="196" y="274" cx="87" cy="270" a="0" width="218" height="8"/>
  <staticskin x="105.5" y="99" cx="100" cy="81" a="0" width="11" height="36"/>
  <staticskin x="137" y="72" cx="97" cy="64" a="0" width="80" height="16"/>
  <staticskin x="168" y="100.5" cx="161" cy="86" a="0" width="14" height="29"/>
  <cheeseskin x="137" y="104" a="0" width="27.05" height="22"/>
  <carrierhorizontal x="433" y="302" linewidth="300" lineheight="20" boxwidth="50" boxheight="20"/>
  <carriervertical x="406" y="119" linewidth="50" lineheight="200" boxwidth="50" boxheight="20"/>
  <staticskin x="358.5" y="293" cx="341" cy="284" a="0" width="35" height="18"/>
</scene>