<scene width="740" height="380">
  <timer time="120"/>
  <creator id="2891964"/>
  <bg id="1"/>
  <springboardskin x="659" y="243" a="0" width="51" height="10.95"/>
  <springboardskin x="607" y="297" a="0" width="51" height="10.95"/>
  <boxskin x="124" y="328" a="0" width="50" height="50"/>
  <littlemouse x="63" y="336" a="0" width="37.35" height="34.3"/>
  <staticskin x="368" y="357" cx="9" cy="351" a="0" width="718" height="12"/>
  <staticskin x="24" y="276" cx="16" cy="211" a="0" width="16" height="130"/>
  <staticredskin x="687.5" y="242" cx="685" cy="173" a="0" width="5" height="138"/>
  <staticredskin x="36" y="282.5" cx="33" cy="214" a="0" width="6" height="137"/>
  <minkskin x="709" y="339" a="0" width="36" height="27"/>
  <boxskin x="376" y="324" a="0" width="50" height="50"/>
  <boxskin x="326" y="324" a="0" width="50" height="50"/>
  <boxskin x="376" y="273" a="0" width="50" height="50"/>
  <springboardskin x="269" y="344" a="0" width="51" height="10.95"/>
  <bush x="420" y="330" a="0" width="59.4" height="32.3"/>
  <bush x="466" y="338" a="0" width="59.4" height="32.3"/>
  <bush x="438" y="333" a="0" width="59.4" height="32.3"/>
  <bush x="412" y="339" a="0" width="59.4" height="32.3"/>
  <cheeseskin x="421" y="339" a="0" width="27.05" height="22"/>
  <boxskin x="658" y="327" a="0" width="50" height="50"/>
  <boxskin x="658" y="276" a="0" width="50" height="50"/>
  <boxskin x="607" y="328" a="0" width="50" height="50"/>
</scene>