<scene width="740" height="380">
  <timer time="80"/>
  <creator id="723174"/>
  <bg id="10"/>
  <staticblueskin x="106" y="79.5" cx="45" cy="76" a="0" width="122" height="7"/>
  <littlemouse x="34" y="342" a="0" width="37.35" height="34.3"/>
  <staticblueskin x="16" y="379.5" cx="-1" cy="377" a="0" width="34" height="5"/>
  <staticblueskin x="54" y="365.5" cx="39" cy="363" a="0" width="30" height="5"/>
  <staticblueskin x="89" y="353.5" cx="74" cy="351" a="0" width="30" height="5"/>
  <staticblueskin x="124.5" y="340.5" cx="111" cy="338" a="0" width="27" height="5"/>
  <staticblueskin x="154.5" y="326.5" cx="141" cy="324" a="0" width="27" height="5"/>
  <staticblueskin x="166.5" y="245" cx="164" cy="76" a="0" width="5" height="338"/>
  <staticblueskin x="108" y="291.5" cx="96" cy="289" a="0" width="24" height="5"/>
  <staticblueskin x="84" y="282.5" cx="71" cy="280" a="0" width="26" height="5"/>
  <staticblueskin x="57.5" y="276" cx="46" cy="273" a="0" width="23" height="6"/>
  <staticblueskin x="-1" y="174.5" cx="-4" cy="-39" a="0" width="6" height="427"/>
  <staticblueskin x="22.5" y="269" cx="4" cy="266" a="0" width="37" height="6"/>
  <staticblueskin x="66.5" y="230.5" cx="52" cy="228" a="0" width="29" height="5"/>
  <staticblueskin x="97" y="221.5" cx="82" cy="219" a="0" width="30" height="5"/>
  <staticblueskin x="124" y="208.5" cx="114" cy="206" a="0" width="20" height="5"/>
  <staticblueskin x="150" y="199" cx="134" cy="196" a="0" width="32" height="6"/>
  <staticblueskin x="108" y="152.5" cx="95" cy="150" a="0" width="26" height="5"/>
  <staticblueskin x="580" y="378.5" cx="414" cy="375" a="0" width="332" height="7"/>
  <staticblueskin x="77" y="145.5" cx="63" cy="143" a="0" width="28" height="5"/>
  <staticskin x="465.5" y="164" cx="462" cy="-5" a="0" width="7" height="338"/>
  <staticskin x="626.6" y="280.825" cx="749" cy="184" a="140" width="312" height="9"/>
  <staticskin x="566.575" y="242.425" cx="669" cy="163" a="140" width="259" height="10"/>
  <staticskin x="625.1" y="117.77499999999999" cx="745" cy="25" a="140" width="303" height="12"/>
  <springboardskin x="491" y="277" a="0" width="51" height="10.95"/>
  <staticskin x="536.775" y="106.6" cx="612" cy="50" a="140" width="188" height="10"/>
  <staticskin x="629.5" y="1" cx="464" cy="-3" a="0" width="331" height="8"/>
  <staticskin x="743" y="217" cx="738" cy="4" a="0" width="10" height="426"/>
  <minkskin x="497" y="100" a="0" width="36" height="27"/>
  <cheeseskin x="467" y="363" a="0" width="27.05" height="22"/>
  <staticblueskin x="44" y="134" cx="33" cy="131" a="0" width="22" height="6"/>
  <staticblueskin x="15" y="119" cx="1" cy="116" a="0" width="28" height="6"/>
</scene>