<scene width="740" height="380">
  <timer time="60"/>
  <creator id="2"/>
  <bg id="1"/>
  <staticblueskin x="494" y="311" cx="449" cy="298" a="0" width="90" height="26"/>
  <staticredskin x="573.5" y="306.5" cx="566" cy="279" a="0" width="15" height="55"/>
  <littlemouse x="545" y="281" a="0" width="37.35" height="34.3"/>
  <minkskin x="693" y="295" a="0" width="36" height="27"/>
  <cheeseskin x="636" y="207" a="0" width="27.05" height="22"/>
  <rpointer x="428" y="229" a="0" width="40" height="33.7"/>
  <staticblueskin x="282.5" y="305.5" cx="224" cy="283" a="0" width="117" height="45"/>
</scene>