<scene width="740" height="380">
  <timer time="60"/>
  <creator id="2254941"/>
  <bg id="5"/>
  <staticskin x="594.5" y="40.5" cx="583" cy="34" a="0" width="23" height="13"/>
  <flowers2 x="659" y="346" a="0" width="60" height="33.45"/>
  <cheeseskin x="110" y="341" a="0" width="27.05" height="22"/>
  <minkskin x="551" y="33" a="0" width="36" height="27"/>
  <staticredskin x="465.5" y="343.5" cx="447" cy="339" a="0" width="37" height="9"/>
  <staticredskin x="466.5" y="332" cx="454" cy="324" a="0" width="25" height="16"/>
  <staticskin x="542.5" y="54" cx="513" cy="47" a="0" width="59" height="14"/>
  <staticskin x="682.5" y="65" cx="661" cy="57" a="0" width="43" height="16"/>
  <staticredskin x="464" y="353" cx="443" cy="346" a="0" width="42" height="14"/>
  <staticredskin x="719.5" y="354" cx="702" cy="349" a="0" width="35" height="10"/>
  <staticskin x="381" y="372" cx="10" cy="359" a="0" width="742" height="26"/>
  <staticblueskin x="578" y="142.5" cx="571" cy="1" a="0" width="14" height="283"/>
  <staticblueskin x="656" y="143.5" cx="653" cy="2" a="0" width="6" height="283"/>
  <littlemouse x="119" y="48" a="0" width="37.35" height="34.3"/>
</scene>