<scene width="740" height="380">
  <timer time="80"/>
  <creator id="723174"/>
  <bg id="8"/>
  <staticblueskin x="18.85" y="367.35" cx="0" cy="353" a="30" width="47" height="6"/>
  <bush x="67" y="107" a="0" width="59.4" height="32.3"/>
  <lpointer x="700" y="122" a="0" width="40" height="33.7"/>
  <rpointer x="265" y="309" a="0" width="40" height="33.7"/>
  <rpointer x="264" y="359" a="0" width="40" height="33.7"/>
  <cheeseskin x="404" y="410" a="0" width="27.05" height="22"/>
  <stone x="65" y="116" a="0" width="31.25" height="22.9"/>
  <staticblueskin x="661" y="260" cx="658" cy="244" a="0" width="6" height="32"/>
  <springboardskin x="146" y="378" a="0" width="51" height="10.95"/>
  <cheeseskin x="162" y="252" a="0" width="27.05" height="22"/>
  <staticblueskin x="248.5" y="331.5" cx="183" cy="329" a="0" width="131" height="5"/>
  <staticblueskin x="452.675" y="280.175" cx="311" cy="328" a="-20" width="299" height="7"/>
  <staticblueskin x="483.9" y="337.1" cx="367" cy="377" a="-20" width="247" height="5"/>
  <staticblueskin x="629" y="227.5" cx="591" cy="225" a="0" width="76" height="5"/>
  <staticblueskin x="633" y="294.5" cx="598" cy="292" a="0" width="70" height="5"/>
  <minkskin x="512" y="360" a="0" width="36" height="27"/>
  <staticblueskin x="625" y="371" cx="622" cy="362" a="0" width="6" height="18"/>
  <staticblueskin x="740.5" y="203" cx="738" cy="-25" a="0" width="5" height="456"/>
  <staticblueskin x="372" y="0.5" cx="10" cy="-3" a="0" width="724" height="7"/>
  <littlemouse x="48" y="54" a="0" width="37.35" height="34.3"/>
  <staticredskin x="181.5" y="235" cx="179" cy="205" a="0" width="5" height="60"/>
  <staticblueskin x="48" y="71.5" cx="0" cy="68" a="0" width="96" height="7"/>
  <staticredskin x="4" y="33.5" cx="1" cy="0" a="0" width="6" height="67"/>
  <staticblueskin x="699" y="141.5" cx="658" cy="138" a="0" width="82" height="7"/>
  <staticblueskin x="489.3" y="201.6" cx="316" cy="262" a="-20" width="367" height="5"/>
  <staticblueskin x="248.125" y="97.875" cx="96" cy="68" a="10" width="310" height="6"/>
  <staticblueskin x="450.5" y="125.5" cx="392" cy="122" a="0" width="117" height="7"/>
  <staticblueskin x="248" y="266" cx="180" cy="263" a="0" width="136" height="6"/>
  <staticblueskin x="140.7" y="240.39999999999998" cx="184" cy="208" a="140" width="108" height="6"/>
  <staticblueskin x="197.5" y="126" cx="2" cy="123" a="0" width="391" height="6"/>
  <staticredskin x="100.5" y="244" cx="98" cy="224" a="0" width="5" height="40"/>
  <staticredskin x="65.5" y="149" cx="63" cy="127" a="0" width="5" height="44"/>
  <staticblueskin x="-0.5" y="196" cx="-3" cy="-19" a="0" width="5" height="430"/>
  <staticblueskin x="381.5" y="381.5" cx="-2" cy="378" a="0" width="767" height="7"/>
  <staticblueskin x="100.5" y="297" cx="98" cy="263" a="0" width="5" height="68"/>
</scene>