<scene width="740" height="380">
  <timer time="60"/>
  <creator id="2298640"/>
  <bg id="7"/>
  <carrierhorizontal x="336" y="352" linewidth="300" lineheight="20" boxwidth="50" boxheight="20"/>
  <carrierhorizontal x="60" y="298" linewidth="300" lineheight="20" boxwidth="50" boxheight="20"/>
  <staticskin x="662" y="67.5" cx="610" cy="64" a="0" width="104" height="7"/>
  <cheeseskin x="40" y="255" a="0" width="27.05" height="22"/>
  <springboardskin x="542" y="107" a="0" width="51" height="10.95"/>
  <springboardskin x="444" y="134" a="0" width="51" height="10.95"/>
  <springboardskin x="355" y="160" a="0" width="51" height="10.95"/>
  <heavyboxskin x="348" y="146" a="0" width="41" height="22"/>
  <littlemouse x="697" y="34" a="0" width="37.35" height="34.3"/>
  <minkskin x="692" y="337" a="0" width="36" height="27"/>
  <bush x="691" y="331" a="0" width="59.4" height="32.3"/>
  <stone x="244" y="45" a="0" width="31.25" height="22.9"/>
</scene>