<scene width="740" height="380">
  <timer time="80"/>
  <creator id="2465184"/>
  <bg id="9"/>
  <stone x="360" y="338" a="0" width="31.25" height="22.9"/>
  <staticblueskin x="429.5" y="319" cx="283" cy="313" a="0" width="293" height="12"/>
  <staticredskin x="434.5" y="362.5" cx="297" cy="359" a="0" width="275" height="7"/>
  <groundblue x="629.025" y="341.5" cx="612" cy="336" a="0" width="34.05" height="11"/>
  <staticskin x="390" y="254" cx="197" cy="248" a="0" width="386" height="12"/>
  <boxskin x="208" y="273" a="0" width="50" height="50"/>
  <springboardskin x="248" y="304" a="0" width="51" height="10.95"/>
  <cheeseskin x="395" y="275" a="0" width="27.05" height="22"/>
  <minkskin x="18" y="39" a="0" width="36" height="27"/>
  <carrierhorizontal x="125" y="213" linewidth="300" lineheight="20" boxwidth="50" boxheight="20"/>
  <carriervertical x="41" y="161" linewidth="50" lineheight="200" boxwidth="50" boxheight="20"/>
  <ground x="674" y="228.5" cx="646" cy="121" a="0" width="56" height="215"/>
  <littlemouse x="362" y="231" a="0" width="37.35" height="34.3"/>
</scene>