<scene width="740" height="380">
  <timer time="60"/>
  <creator id="2924473"/>
  <bg id="1"/>
  <staticskin x="491.5" y="177" cx="471" cy="169" a="0" width="41" height="16"/>
  <staticskin x="608" y="195" cx="586" cy="187" a="0" width="44" height="16"/>
  <staticskin x="602.5" y="285" cx="576" cy="277" a="0" width="53" height="16"/>
  <staticskin x="644" y="325.5" cx="621" cy="320" a="0" width="46" height="11"/>
  <staticskin x="650.5" y="365.5" cx="568" cy="358" a="0" width="165" height="15"/>
  <cheeseskin x="708" y="344" a="0" width="27.05" height="22"/>
  <staticskin x="505.5" y="110" cx="477" cy="100" a="0" width="57" height="20"/>
  <minkskin x="27" y="341" a="0" width="36" height="27"/>
  <staticskin x="51.5" y="364.5" cx="6" cy="356" a="0" width="91" height="17"/>
  <littlemouse x="69" y="340" a="0" width="37.35" height="34.3"/>
  <staticskin x="133" y="324.5" cx="110" cy="316" a="0" width="46" height="17"/>
  <staticskin x="207" y="281" cx="185" cy="273" a="0" width="44" height="16"/>
  <staticskin x="127" y="226.5" cx="104" cy="218" a="0" width="46" height="17"/>
  <staticskin x="221" y="174.5" cx="194" cy="164" a="0" width="54" height="21"/>
  <staticskin x="122.5" y="129" cx="96" cy="120" a="0" width="53" height="18"/>
  <staticskin x="221" y="76" cx="189" cy="65" a="0" width="64" height="22"/>
  <staticskin x="386.5" y="82.5" cx="289" cy="70" a="0" width="195" height="25"/>
  <staticskin x="551.5" y="142" cx="528" cy="135" a="0" width="47" height="14"/>
  <staticblueskin x="519" y="235" cx="495" cy="226" a="0" width="48" height="18"/>
</scene>