<scene width="740" height="380">
  <timer time="60"/>
  <creator id="723174"/>
  <bg id="2"/>
  <cheeseskin x="392" y="28" a="0" width="27.05" height="22"/>
  <ballskin x="41" y="146" a="0" width="23.8" height="26.05"/>
  <ballskin x="119" y="146" a="0" width="23.8" height="26.05"/>
  <littlemouse x="49" y="55" a="0" width="37.35" height="34.3"/>
  <ground x="80.575" y="158" cx="78" cy="-9" a="0" width="5.15" height="334"/>
  <ground x="0.07500000000000018" y="235" cx="-4" cy="-19" a="0" width="8.15" height="508"/>
  <ground x="155" y="224" cx="152" cy="62" a="0" width="6" height="324"/>
  <groundred x="76.5" y="380.125" cx="-1" cy="377" a="0" width="156" height="7.25"/>
  <ground x="388" y="63.6" cx="153" cy="60" a="0" width="470" height="7.2"/>
  <ground x="627.075" y="191" cx="623" cy="60" a="0" width="8.15" height="262"/>
  <ground x="459" y="380.125" cx="152" cy="377" a="0" width="614" height="6.25"/>
  <ground x="737.05" y="214" cx="734" cy="-3" a="0" width="6.1" height="434"/>
  <ground x="374" y="-0.3999999999999999" cx="-4" cy="-4" a="0" width="756" height="7.2"/>
  <ground x="388.5" y="50.5" cx="313" cy="48" a="0" width="151" height="5"/>
  <ground x="710" y="103.125" cx="688" cy="100" a="0" width="44" height="6.25"/>
  <ground x="654" y="177.05" cx="628" cy="174" a="0" width="52" height="6.1"/>
  <ground x="707.55" y="245.5" cx="682" cy="242" a="0" width="51.1" height="7"/>
  <ground x="441" y="320.575" cx="213" cy="318" a="0" width="456" height="5.15"/>
  <springboardskin x="182" y="380" a="0" width="51" height="10.95"/>
  <ground x="273.5" y="220.5" cx="271" cy="121" a="0" width="5" height="199"/>
  <carriervertical x="239" y="148" linewidth="50" lineheight="150" boxwidth="50" boxheight="20"/>
  <ground x="518.25" y="195.4" cx="583" cy="145" a="140" width="164" height="6"/>
  <ground x="386.5" y="136.5" cx="271" cy="134" a="0" width="231" height="5"/>
  <ground x="603.5" y="143.125" cx="580" cy="140" a="0" width="47" height="6.25"/>
  <ground x="397.3" y="305.45" cx="418" cy="292" a="140" width="49" height="6"/>
  <springboardskin x="445" y="313" a="0" width="51" height="10.95"/>
  <springboardskin x="495" y="313" a="0" width="51" height="10.95"/>
  <springboardskin x="546" y="313" a="0" width="51" height="10.95"/>
  <springboardskin x="596" y="312" a="0" width="51" height="10.95"/>
  <minkskin x="590" y="180" a="0" width="36" height="27"/>
</scene>