<scene width="740" height="380">
  <timer time="120"/>
  <creator id="2891964"/>
  <bg id="1"/>
  <staticblueskin x="566" y="332.5" cx="556" cy="283" a="0" width="20" height="99"/>
  <staticblueskin x="621" y="316.5" cx="612" cy="253" a="0" width="18" height="127"/>
  <staticblueskin x="619" y="182" cx="605" cy="177" a="0" width="28" height="10"/>
  <staticblueskin x="558.5" y="159.5" cx="548" cy="144" a="0" width="21" height="31"/>
  <staticblueskin x="501.5" y="166" cx="490" cy="151" a="0" width="23" height="30"/>
  <staticblueskin x="444" y="156" cx="438" cy="132" a="0" width="12" height="48"/>
  <staticblueskin x="410" y="137.5" cx="402" cy="109" a="0" width="16" height="57"/>
  <staticblueskin x="359.5" y="131" cx="346" cy="95" a="0" width="27" height="72"/>
  <staticblueskin x="296" y="137" cx="289" cy="87" a="0" width="14" height="100"/>
  <staticblueskin x="244.5" y="146.5" cx="237" cy="88" a="0" width="15" height="117"/>
  <cheeseskin x="234" y="36" a="0" width="27.05" height="22"/>
  <staticblueskin x="278.5" y="357" cx="84" cy="354" a="0" width="389" height="6"/>
  <minkskin x="33" y="346" a="0" width="36" height="27"/>
  <littlemouse x="104" y="328" a="0" width="37.35" height="34.3"/>
  <staticblueskin x="194.5" y="140.5" cx="187" cy="97" a="0" width="15" height="87"/>
  <staticskin x="665" y="265" cx="657" cy="235" a="0" width="16" height="60"/>
  <staticblueskin x="139.5" y="147" cx="133" cy="107" a="0" width="13" height="80"/>
  <staticblueskin x="280.5" y="197" cx="89" cy="183" a="0" width="383" height="28"/>
  <staticblueskin x="517" y="347" cx="508" cy="310" a="0" width="18" height="74"/>
</scene>