<scene width="740" height="380">
  <timer time="60"/>
  <creator id="499147"/>
  <bg id="0"/>
  <staticredskin x="395.5" y="294" cx="269" cy="289" a="0" width="253" height="10"/>
  <littlemouse x="296" y="279" a="0" width="37.35" height="34.3"/>
  <staticskin x="258" y="213" cx="253" cy="180" a="0" width="10" height="66"/>
  <staticskin x="432.5" y="172.5" cx="252" cy="166" a="0" width="361" height="13"/>
  <staticskin x="260.5" y="278" cx="254" cy="245" a="0" width="13" height="66"/>
  <staticskin x="352.5" y="203" cx="349" cy="176" a="0" width="7" height="54"/>
  <springboardskin x="552" y="264" a="0" width="51" height="10.95"/>
  <springboardskin x="612" y="347" a="0" width="51" height="10.95"/>
  <springboardskin x="736" y="265" a="0" width="51" height="10.95"/>
  <carrierhorizontal x="576" y="415" linewidth="300" lineheight="20" boxwidth="50" boxheight="20"/>
  <carrierhorizontal x="727" y="182" linewidth="300" lineheight="20" boxwidth="50" boxheight="20"/>
  <staticblueskin x="476" y="139" cx="469" cy="115" a="0" width="14" height="48"/>
  <staticblueskin x="475.5" y="34.5" cx="464" cy="16" a="0" width="23" height="37"/>
  <staticblueskin x="342" y="141.5" cx="339" cy="121" a="0" width="6" height="41"/>
  <carrierhorizontal x="568" y="406" linewidth="300" lineheight="20" boxwidth="50" boxheight="20"/>
  <carrierhorizontal x="288" y="131" linewidth="300" lineheight="20" boxwidth="50" boxheight="20"/>
  <staticskin x="261.5" y="124.5" cx="235" cy="122" a="0" width="53" height="5"/>
  <staticskin x="237" y="160" cx="232" cy="129" a="0" width="10" height="62"/>
  <staticblueskin x="138" y="194.5" cx="50" cy="190" a="0" width="176" height="9"/>
  <staticblueskin x="116" y="279" cx="81" cy="272" a="0" width="70" height="14"/>
  <staticredskin x="33" y="365.5" cx="18" cy="363" a="0" width="30" height="5"/>
  <boxskin x="142" y="264" a="0" width="50" height="50"/>
  <staticblueskin x="298.5" y="339" cx="185" cy="335" a="0" width="227" height="8"/>
  <cheeseskin x="394" y="320" a="0" width="27.05" height="22"/>
  <staticredskin x="214" y="324.5" cx="202" cy="318" a="0" width="24" height="13"/>
  <staticskin x="139.5" y="72.5" cx="90" cy="67" a="0" width="99" height="11"/>
  <lpointer x="155" y="56" a="0" width="40" height="33.7"/>
  <staticblueskin x="84.5" y="113.5" cx="80" cy="69" a="0" width="9" height="89"/>
  <staticskin x="49.5" y="149" cx="20" cy="146" a="0" width="59" height="6"/>
  <staticskin x="11" y="148.5" cx="1" cy="144" a="0" width="20" height="9"/>
  <boxskin x="82" y="99" a="0" width="50" height="50"/>
  <boxskin x="5" y="73" a="0" width="50" height="50"/>
  <minkskin x="20" y="127" a="0" width="36" height="27"/>
</scene>