<scene width="740" height="380">
  <timer time="80"/>
  <creator id="2696424"/>
  <bg id="1"/>
  <staticredskin x="574.5" y="60" cx="404" cy="57" a="0" width="341" height="6"/>
  <staticblueskin x="335" y="186.5" cx="89" cy="181" a="0" width="492" height="11"/>
  <staticredskin x="377.5" y="2" cx="-5" cy="-3" a="0" width="765" height="10"/>
  <staticblueskin x="35.5" y="136.5" cx="-2" cy="132" a="0" width="75" height="9"/>
  <staticblueskin x="544.5" y="234" cx="541" cy="158" a="0" width="7" height="152"/>
  <staticblueskin x="610" y="306.5" cx="540" cy="302" a="0" width="140" height="9"/>
  <staticblueskin x="40" y="265.5" cx="0" cy="261" a="0" width="80" height="9"/>
  <carriervertical x="125" y="249" linewidth="50" lineheight="200" boxwidth="50" boxheight="20"/>
  <staticblueskin x="228" y="349.5" cx="195" cy="346" a="0" width="66" height="7"/>
  <staticskin x="380.5" y="352.5" cx="292" cy="348" a="0" width="177" height="9"/>
  <staticblueskin x="575" y="366.5" cx="533" cy="362" a="0" width="84" height="9"/>
  <staticblueskin x="691" y="365.5" cx="647" cy="360" a="0" width="88" height="11"/>
  <minkskin x="699" y="334" a="0" width="36" height="27"/>
  <staticblueskin x="676" y="231.5" cx="673" cy="153" a="0" width="6" height="157"/>
  <springboardskin x="571" y="298" a="0" width="51" height="10.95"/>
  <cheeseskin x="649" y="285" a="0" width="27.05" height="22"/>
  <littlemouse x="657" y="35" a="0" width="37.35" height="34.3"/>
  <flowers2 x="473" y="168" a="0" width="60" height="33.45"/>
  <flowers1 x="29" y="118" a="0" width="60" height="58.2"/>
  <rpointer x="352" y="164" a="0" width="40" height="33.7"/>
  <ballskin x="433" y="94" a="0" width="25" height="25"/>
  <ballskin x="561" y="90" a="0" width="25" height="25"/>
  <boxskin x="370" y="323" a="0" width="50" height="50"/>
  <boxskin x="420" y="323" a="0" width="50" height="50"/>
  <boxskin x="393" y="272" a="0" width="50" height="50"/>
  <ballskin x="245" y="76" a="0" width="25" height="25"/>
  <heavyboxskin x="224" y="334" a="0" width="41.05" height="22"/>
  <staticblueskin x="499.5" y="362.5" cx="493" cy="358" a="0" width="13" height="9"/>
  <cheeseskin x="725" y="33" a="0" width="27.05" height="22"/>
  <staticblueskin x="679" y="98" cx="676" cy="83" a="0" width="6" height="30"/>
  <cheeseskin x="711" y="92" a="0" width="27.05" height="22"/>
  <staticredskin x="696" y="32.5" cx="693" cy="4" a="0" width="6" height="57"/>
  <staticredskin x="447.5" y="117.5" cx="143" cy="114" a="0" width="609" height="7"/>
</scene>