<scene width="740" height="380">
  <timer time="80"/>
  <creator id="2964608"/>
  <bg id="8"/>
  <tree x="244" y="210" a="0" width="78.35" height="100"/>
  <tree2 x="323" y="220" a="0" width="84.85" height="100"/>
  <carrierhorizontal x="417" y="289" linewidth="300" lineheight="20" boxwidth="50" boxheight="20"/>
  <cheeseskin x="688" y="270" a="0" width="27.05" height="22"/>
  <staticredskin x="60.5" y="277.5" cx="55" cy="270" a="0" width="11" height="15"/>
  <minkskin x="58" y="93" a="0" width="36" height="27"/>
  <littlemouse x="223" y="245" a="0" width="37.35" height="34.3"/>
  <groundblue x="324.25" y="74.25" cx="264" cy="3" a="0" width="121.5" height="143.5"/>
  <groundred x="529.225" y="85.4" cx="388" cy="-7" a="5" width="298.5" height="160.5"/>
  <ground x="208" y="83.5" cx="154" cy="38" a="0" width="108" height="91"/>
  <staticskin x="268.05" y="268.625" cx="141" cy="252" a="5" width="256" height="11"/>
  <bush x="320" y="404" a="0" width="59.4" height="32.3"/>
  <bush x="157" y="239" a="0" width="59.4" height="32.3"/>
  <flowers2 x="548" y="403" a="0" width="60" height="33.45"/>
  <flowers2 x="386" y="259" a="99" width="60" height="33.45"/>
  <stone x="199" y="243" a="0" width="31.25" height="22.9"/>
</scene>