<scene width="740" height="380">
  <timer time="80"/>
  <creator id="2359182"/>
  <bg id="3"/>
  <tree x="368" y="165" a="0" width="78.35" height="100"/>
  <littlemouse x="16" y="30" a="0" width="37.35" height="34.3"/>
  <minkskin x="709" y="21" a="0" width="36" height="27"/>
  <ground x="601" y="147.525" cx="591" cy="137" a="0" width="20" height="21.05"/>
  <staticblueskin x="644" y="127" cx="635" cy="114" a="0" width="18" height="26"/>
  <ground x="681.5" y="89.525" cx="673" cy="74" a="0" width="17" height="31.05"/>
  <staticredskin x="380.5" y="219" cx="357" cy="216" a="0" width="47" height="6"/>
  <staticblueskin x="716" y="53" cx="708" cy="37" a="0" width="16" height="32"/>
  <staticskin x="295.5" y="219" cx="278" cy="215" a="0" width="35" height="8"/>
  <cactus x="294" y="192" a="0" width="20" height="42.55"/>
  <cactus x="456" y="190" a="0" width="20" height="42.55"/>
  <staticredskin x="461.5" y="219" cx="447" cy="216" a="0" width="29" height="6"/>
  <springboardskin x="57" y="339" a="0" width="51" height="10.95"/>
  <staticskin x="15" y="240.5" cx="0" cy="47" a="0" width="30" height="387"/>
  <staticskin x="82" y="137" cx="78" cy="-5" a="0" width="8" height="284"/>
  <staticblueskin x="329.5" y="350" cx="33" cy="343" a="0" width="593" height="14"/>
  <cheeseskin x="697" y="147" a="0" width="27.05" height="22"/>
  <staticblueskin x="621" y="141.5" cx="613" cy="138" a="0" width="16" height="7"/>
  <staticblueskin x="665.5" y="119.5" cx="657" cy="116" a="0" width="17" height="7"/>
  <staticblueskin x="703.5" y="85.5" cx="694" cy="81" a="0" width="19" height="9"/>
  <staticblueskin x="649.375" y="362.275" cx="627" cy="343" a="30" width="58" height="11"/>
  <staticskin x="434.5" y="304" cx="131" cy="299" a="0" width="607" height="10"/>
  <staticblueskin x="631.5" y="166.5" cx="525" cy="161" a="0" width="213" height="11"/>
  <cheeseskin x="660" y="349" a="0" width="27.05" height="22"/>
  <stone x="305" y="286" a="0" width="31.25" height="22.9"/>
  <bush x="672" y="360" a="0" width="59.4" height="32.3"/>
  <flowers1 x="276" y="282" a="0" width="60" height="58.2"/>
  <staticskin x="542" y="284" cx="537" cy="264" a="0" width="10" height="40"/>
  <staticredskin x="286.125" y="106.75" cx="344" cy="30" a="40" width="10" height="192"/>
  <staticskin x="313.025" y="50.95" cx="297" cy="56" a="-54" width="27" height="20"/>
  <staticskin x="222.1" y="160.175" cx="206" cy="167" a="-54" width="30" height="18"/>
  <boxskin x="124" y="197" a="0" width="50" height="50"/>
  <staticskin x="269.1" y="107.625" cx="252" cy="115" a="-54" width="32" height="19"/>
  <staticblueskin x="433.775" y="98.67499999999998" cx="339" cy="36" a="-54" width="10" height="227"/>
  <staticskin x="215" y="285.5" cx="209" cy="263" a="0" width="12" height="45"/>
  <staticskin x="337" y="281" cx="331" cy="258" a="0" width="12" height="46"/>
  <staticskin x="439.5" y="283" cx="434" cy="262" a="0" width="11" height="42"/>
  <staticskin x="645" y="288" cx="639" cy="268" a="0" width="12" height="40"/>
  <staticskin x="716.5" y="288.5" cx="699" cy="270" a="0" width="35" height="37"/>
  <staticblueskin x="384" y="224.5" cx="84" cy="222" a="0" width="600" height="5"/>
</scene>