<scene width="740" height="380">
  <timer time="80"/>
  <creator id="1066743"/>
  <bg id="4"/>
  <boxskin x="270" y="220" a="0" width="50" height="50"/>
  <carrierhorizontal x="82" y="373" linewidth="300" lineheight="20" boxwidth="50" boxheight="20"/>
  <boxskin x="367" y="220" a="0" width="50" height="50"/>
  <boxskin x="449" y="223" a="0" width="50" height="50"/>
  <springboardskin x="449" y="196" a="0" width="51" height="10.95"/>
  <springboardskin x="47" y="183" a="0" width="51" height="10.95"/>
  <springboardskin x="271" y="190" a="0" width="51" height="10.95"/>
  <springboardskin x="177" y="189" a="0" width="51" height="10.95"/>
  <ballskin x="406" y="237" a="0" width="23.8" height="26.05"/>
  <ballskin x="315" y="242" a="0" width="23.8" height="26.05"/>
  <ballskin x="221" y="242" a="0" width="23.8" height="26.05"/>
  <ballskin x="274" y="361" a="0" width="23.8" height="26.05"/>
  <heavyboxskin x="633" y="26" a="0" width="41" height="22"/>
  <heavyboxskin x="551" y="237" a="0" width="41" height="22"/>
  <heavyboxskin x="578" y="273" a="0" width="41" height="22"/>
  <heavyboxskin x="531" y="309" a="0" width="41" height="22"/>
  <heavyboxskin x="473" y="311" a="0" width="41" height="22"/>
  <ballskin x="625" y="275" a="0" width="23.8" height="26.05"/>
  <ballskin x="590" y="308" a="0" width="23.8" height="26.05"/>
  <boxskin x="626" y="325" a="0" width="50" height="50"/>
  <cheeseskin x="683" y="126" a="0" width="27.05" height="22"/>
  <minkskin x="40" y="319" a="0" width="36" height="27"/>
  <heavyboxskin x="248" y="306" a="0" width="41" height="22"/>
  <heavyboxskin x="331" y="309" a="0" width="41" height="22"/>
  <boxskin x="118" y="318" a="0" width="50" height="50"/>
  <boxskin x="115" y="273" a="0" width="50" height="50"/>
  <boxskin x="114" y="228" a="0" width="50" height="50"/>
  <boxskin x="113" y="180" a="0" width="50" height="50"/>
  <boxskin x="112" y="132" a="0" width="50" height="50"/>
  <littlemouse x="43" y="169" a="0" width="37.35" height="34.3"/>
  <ballskin x="56" y="362" a="0" width="23.8" height="26.05"/>
  <ballskin x="35" y="363" a="0" width="23.8" height="26.05"/>
  <ballskin x="33" y="311" a="0" width="23.8" height="26.05"/>
  <ballskin x="562" y="328" a="0" width="23.8" height="26.05"/>
  <carrierhorizontal x="380" y="368" linewidth="300" lineheight="20" boxwidth="50" boxheight="20"/>
  <carriervertical x="690" y="156" linewidth="50" lineheight="200" boxwidth="50" boxheight="20"/>
  <tree2 x="50" y="96" a="0" width="84.85" height="100"/>
  <boxskin x="41" y="211" a="0" width="50" height="50"/>
  <boxskin x="177" y="217" a="0" width="50" height="50"/>
</scene>