<scene width="740" height="380">
  <timer time="60"/>
  <creator id="2802428"/>
  <bg id="4"/>
  <lpointer x="381" y="111" a="0" width="40" height="33.7"/>
  <carrierhorizontal x="311" y="335" linewidth="300" lineheight="20" boxwidth="50" boxheight="20"/>
  <carriervertical x="636" y="228" linewidth="50" lineheight="200" boxwidth="50" boxheight="20"/>
  <springboardskin x="61" y="95" a="0" width="51" height="10.95"/>
  <springboardskin x="200" y="58" a="0" width="51" height="10.95"/>
  <springboardskin x="235" y="286" a="0" width="51" height="10.95"/>
  <ballskin x="339" y="300" a="0" width="23.8" height="26.05"/>
  <ballskin x="648" y="210" a="0" width="23.8" height="26.05"/>
  <rpointer x="467" y="416" a="0" width="40" height="33.7"/>
  <tree2 x="412" y="181" a="0" width="84.85" height="100"/>
  <cactus x="544" y="191" a="0" width="20" height="42.55"/>
  <bush x="259" y="174" a="0" width="59.4" height="32.3"/>
  <flowers1 x="524" y="245" a="0" width="60" height="58.2"/>
  <flowers2 x="615" y="138" a="0" width="60" height="33.45"/>
  <littlemouse x="239" y="241" a="0" width="37.35" height="34.3"/>
  <springboardskin x="503" y="103" a="0" width="51" height="10.95"/>
  <springboardskin x="550" y="102" a="0" width="51" height="10.95"/>
  <springboardskin x="526" y="172" a="0" width="51" height="10.95"/>
  <springboardskin x="502" y="209" a="0" width="51" height="10.95"/>
  <springboardskin x="568" y="204" a="0" width="51" height="10.95"/>
  <springboardskin x="451" y="102" a="0" width="51" height="10.95"/>
  <cheeseskin x="531" y="64" a="0" width="27.05" height="22"/>
  <cheeseskin x="476" y="68" a="0" width="27.05" height="22"/>
  <cheeseskin x="499" y="66" a="0" width="27.05" height="22"/>
  <cheeseskin x="513" y="60" a="0" width="27.05" height="22"/>
  <minkskin x="56" y="64" a="0" width="36" height="27"/>
  <boxskin x="298" y="145" a="0" width="50" height="50"/>
  <springboardskin x="158" y="200" a="0" width="51" height="10.95"/>
</scene>