<scene width="740" height="380">
  <timer time="80"/>
  <creator id="2532020"/>
  <bg id="1"/>
  <staticskin x="603" y="134.5" cx="591" cy="124" a="0" width="24" height="21"/>
  <staticskin x="674" y="165" cx="651" cy="158" a="0" width="46" height="14"/>
  <cactus x="724" y="354" a="0" width="20" height="42.55"/>
  <lpointer x="674" y="169" a="0" width="40" height="33.7"/>
  <rpointer x="114" y="209" a="0" width="40" height="33.7"/>
  <tree x="166" y="330" a="0" width="78.35" height="100"/>
  <tree x="134" y="319" a="0" width="78.35" height="100"/>
  <tree x="126" y="339" a="0" width="78.35" height="100"/>
  <tree x="193" y="335" a="0" width="78.35" height="100"/>
  <tree x="183" y="349" a="0" width="78.35" height="100"/>
  <tree x="167" y="366" a="0" width="78.35" height="100"/>
  <tree x="152" y="357" a="0" width="78.35" height="100"/>
  <tree x="148" y="358" a="0" width="78.35" height="100"/>
  <tree x="123" y="354" a="0" width="78.35" height="100"/>
  <tree x="119" y="360" a="0" width="78.35" height="100"/>
  <tree x="217" y="318" a="0" width="78.35" height="100"/>
  <tree x="202" y="340" a="0" width="78.35" height="100"/>
  <tree2 x="56" y="327" a="0" width="84.85" height="100"/>
  <tree x="475" y="406" a="0" width="78.35" height="100"/>
  <tree2 x="25" y="337" a="0" width="84.85" height="100"/>
  <tree2 x="62" y="348" a="0" width="84.85" height="100"/>
  <rpointer x="222" y="199" a="0" width="40" height="33.7"/>
  <rpointer x="368" y="218" a="0" width="40" height="33.7"/>
  <rpointer x="513" y="213" a="0" width="40" height="33.7"/>
  <lpointer x="553" y="97" a="0" width="40" height="33.7"/>
  <lpointer x="463" y="37" a="0" width="40" height="33.7"/>
  <lpointer x="298" y="37" a="0" width="40" height="33.7"/>
  <lpointer x="167" y="35" a="0" width="40" height="33.7"/>
  <lpointer x="38" y="42" a="0" width="40" height="33.7"/>
  <cheeseskin x="40" y="52" a="0" width="27.05" height="22"/>
  <minkskin x="633" y="186" a="0" width="36" height="27"/>
  <littlemouse x="98" y="222" a="0" width="37.35" height="34.3"/>
  <springboardskin x="308" y="368" a="0" width="51" height="10.95"/>
  <carrierhorizontal x="693" y="3" linewidth="300" lineheight="20" boxwidth="50" boxheight="20"/>
  <staticblueskin x="101.5" y="319.5" cx="92" cy="233" a="0" width="19" height="173"/>
  <staticblueskin x="227.5" y="313" cx="217" cy="239" a="0" width="21" height="148"/>
  <staticblueskin x="373" y="312.5" cx="362" cy="237" a="0" width="22" height="151"/>
  <staticblueskin x="515.5" y="309" cx="498" cy="227" a="0" width="35" height="164"/>
  <staticblueskin x="647.5" y="200" cx="573" cy="187" a="0" width="149" height="26"/>
  <staticskin x="465" y="77.5" cx="441" cy="57" a="0" width="48" height="41"/>
  <staticskin x="553.5" y="113.5" cx="541" cy="104" a="0" width="25" height="19"/>
  <staticskin x="304.5" y="65" cx="284" cy="51" a="0" width="41" height="28"/>
  <staticskin x="174" y="60" cx="159" cy="44" a="0" width="30" height="32"/>
  <staticskin x="46" y="76" cx="32" cy="61" a="0" width="28" height="30"/>
  <tree2 x="26" y="335" a="0" width="84.85" height="100"/>
  <tree x="168" y="330" a="0" width="78.35" height="100"/>
  <flowers1 x="262" y="363" a="0" width="60" height="58.2"/>
  <flowers1 x="305" y="367" a="0" width="60" height="58.2"/>
  <flowers1 x="346" y="362" a="0" width="60" height="58.2"/>
  <flowers2 x="398" y="354" a="0" width="60" height="33.45"/>
  <flowers2 x="433" y="361" a="0" width="60" height="33.45"/>
  <flowers2 x="472" y="366" a="0" width="60" height="33.45"/>
  <bush x="548" y="372" a="0" width="59.4" height="32.3"/>
  <bush x="570" y="372" a="0" width="59.4" height="32.3"/>
  <bush x="596" y="365" a="0" width="59.4" height="32.3"/>
  <bush x="629" y="364" a="0" width="59.4" height="32.3"/>
  <bush x="653" y="367" a="0" width="59.4" height="32.3"/>
  <bush x="697" y="373" a="0" width="59.4" height="32.3"/>
</scene>