<scene width="740" height="380">
  <timer time="60"/>
  <creator id="2"/>
  <bg id="1"/>
  <staticblueskin x="494" y="311" cx="449" cy="298" a="0" width="90" height="26"/>
  <staticredskin x="573.5" y="306.5" cx="566" cy="279" a="0" width="15" height="55"/>
  <boxskin x="444" y="272" a="0" width="50" height="50"/>
  <stone x="641" y="210" a="0" width="31.25" height="22.9"/>
  <littlemouse x="545" y="281" a="0" width="37.35" height="34.3"/>
  <minkskin x="693" y="295" a="0" width="36" height="27"/>
  <cheeseskin x="636" y="207" a="0" width="27.05" height="22"/>
</scene>