<scene width="740" height="380">
  <timer time="120"/>
  <creator id="2822227"/>
  <bg id="1"/>
  <boxskin x="182" y="249" a="0" width="50" height="50"/>
  <boxskin x="152" y="198" a="0" width="50" height="50"/>
  <boxskin x="165" y="297" a="0" width="50" height="50"/>
  <boxskin x="167" y="347" a="0" width="50" height="50"/>
  <cheeseskin x="56" y="309" a="0" width="27.05" height="22"/>
  <staticskin x="732.5" y="185" cx="720" cy="16" a="0" width="25" height="338"/>
  <staticskin x="599" y="160" cx="585" cy="33" a="0" width="28" height="254"/>
  <staticskin x="620.5" y="279" cx="598" cy="273" a="0" width="45" height="12"/>
  <staticskin x="696.5" y="323.5" cx="667" cy="318" a="0" width="59" height="11"/>
  <staticskin x="697" y="222.5" cx="662" cy="215" a="0" width="70" height="15"/>
  <staticskin x="621" y="173" cx="601" cy="168" a="0" width="40" height="10"/>
  <staticskin x="699.5" y="131" cx="662" cy="125" a="0" width="75" height="12"/>
  <staticskin x="629.5" y="76.5" cx="591" cy="70" a="0" width="77" height="13"/>
  <ground x="435" y="359" cx="-62" cy="339" a="0" width="994" height="40"/>
  <staticskin x="108.5" y="276.5" cx="94" cy="175" a="0" width="29" height="203"/>
  <staticblueskin x="12.5" y="253" cx="10" cy="171" a="0" width="5" height="164"/>
  <staticredskin x="59" y="332.5" cx="27" cy="323" a="0" width="64" height="19"/>
  <minkskin x="636" y="55" a="0" width="36" height="27"/>
  <littlemouse x="638" y="57" a="0" width="37.35" height="34.3"/>
  <boxskin x="228" y="335" a="0" width="50" height="50"/>
  <boxskin x="207" y="296" a="0" width="50" height="50"/>
</scene>