<scene width="740" height="380">
  <timer time="80"/>
  <creator id="2359973"/>
  <bg id="2"/>
  <carriervertical x="675" y="399" linewidth="50" lineheight="200" boxwidth="50" boxheight="20"/>
  <carrierhorizontal x="700" y="410" linewidth="300" lineheight="20" boxwidth="50" boxheight="20"/>
  <carriervertical x="724" y="389" linewidth="50" lineheight="200" boxwidth="50" boxheight="20"/>
  <groundred x="264.5" y="323.5" cx="-83" cy="266" a="0" width="696" height="116"/>
  <staticredskin x="559" y="40" cx="369" cy="-43" a="0" width="380" height="166"/>
  <cheeseskin x="361" y="16" a="0" width="27.05" height="22"/>
  <minkskin x="23" y="15" a="0" width="36" height="27"/>
  <flowers1 x="598" y="398" a="0" width="60" height="58.2"/>
  <flowers1 x="53" y="15" a="0" width="60" height="58.2"/>
  <tree2 x="41" y="222" a="0" width="84.85" height="100"/>
  <littlemouse x="702" y="353" a="0" width="37.35" height="34.3"/>
  <springboardskin x="697" y="375" a="0" width="51" height="10.95"/>
</scene>