<scene width="740" height="380">
  <timer time="60"/>
  <creator id="2486271"/>
  <bg id="4"/>
  <staticblueskin x="102.5" y="346" cx="57" cy="341" a="0" width="91" height="10"/>
  <staticblueskin x="153.5" y="347" cx="149" cy="311" a="0" width="9" height="72"/>
  <staticblueskin x="195.5" y="315" cx="149" cy="311" a="0" width="93" height="8"/>
  <staticblueskin x="241.5" y="292.5" cx="238" cy="255" a="0" width="7" height="75"/>
  <staticblueskin x="204" y="274.5" cx="166" cy="272" a="0" width="76" height="5"/>
  <staticblueskin x="274.5" y="260.5" cx="241" cy="256" a="0" width="67" height="9"/>
  <cheeseskin x="220" y="299" a="0" width="27.05" height="22"/>
  <ballskin x="194" y="295" a="0" width="23.8" height="26.05"/>
  <flowers2 x="125" y="325" a="0" width="60" height="33.45"/>
  <cactus x="201" y="246" a="0" width="20" height="42.55"/>
  <tree2 x="259" y="204" a="0" width="84.85" height="100"/>
  <tree x="672" y="283" a="0" width="78.35" height="100"/>
  <tree2 x="519" y="284" a="0" width="84.85" height="100"/>
  <stone x="369" y="312" a="0" width="31.25" height="22.9"/>
  <staticblueskin x="368.5" y="243.5" cx="366" cy="210" a="0" width="5" height="67"/>
  <staticblueskin x="427.5" y="208.5" cx="371" cy="203" a="0" width="113" height="11"/>
  <minkskin x="341" y="240" a="0" width="36" height="27"/>
  <springboardskin x="343" y="220" a="0" width="51" height="10.95"/>
  <staticblueskin x="311.5" y="246" cx="307" cy="222" a="0" width="9" height="48"/>
  <littlemouse x="70" y="328" a="0" width="37.35" height="34.3"/>
  <staticblueskin x="560" y="237" cx="500" cy="231" a="0" width="120" height="12"/>
  <staticblueskin x="692" y="290.5" cx="645" cy="285" a="0" width="94" height="11"/>
  <staticblueskin x="588" y="342.5" cx="542" cy="338" a="0" width="92" height="9"/>
  <staticblueskin x="440.5" y="340.5" cx="392" cy="334" a="0" width="97" height="13"/>
  <staticblueskin x="331" y="314.5" cx="305" cy="309" a="0" width="52" height="11"/>
  <cheeseskin x="718" y="273" a="0" width="27.05" height="22"/>
</scene>