<scene width="740" height="380">
  <timer time="60"/>
  <creator id="1225604"/>
  <bg id="9"/>
  <staticblueskin x="12.5" y="270.5" cx="2" cy="262" a="0" width="21" height="17"/>
  <staticskin x="75" y="230.5" cx="69" cy="222" a="0" width="12" height="17"/>
  <staticblueskin x="13.5" y="191.5" cx="6" cy="184" a="0" width="15" height="15"/>
  <staticblueskin x="71.5" y="144.5" cx="63" cy="136" a="0" width="17" height="17"/>
  <staticblueskin x="13.5" y="121.5" cx="7" cy="114" a="0" width="13" height="15"/>
  <staticblueskin x="72.5" y="85.5" cx="66" cy="78" a="0" width="13" height="15"/>
  <staticblueskin x="115.5" y="75.5" cx="99" cy="67" a="0" width="33" height="17"/>
  <staticblueskin x="48" y="368" cx="9" cy="360" a="0" width="78" height="16"/>
  <littlemouse x="48" y="344" a="0" width="37.35" height="34.3"/>
  <staticblueskin x="196.5" y="94.5" cx="189" cy="88" a="0" width="15" height="13"/>
  <staticskin x="259" y="123.5" cx="253" cy="115" a="0" width="12" height="17"/>
  <staticblueskin x="343" y="162" cx="333" cy="153" a="0" width="20" height="18"/>
  <staticblueskin x="386.5" y="71" cx="379" cy="62" a="0" width="15" height="18"/>
  <staticblueskin x="435" y="128.5" cx="427" cy="119" a="0" width="16" height="19"/>
  <staticblueskin x="501" y="165.5" cx="493" cy="159" a="0" width="16" height="13"/>
  <staticblueskin x="106" y="360" cx="100" cy="334" a="0" width="12" height="52"/>
  <staticblueskin x="476" y="302.5" cx="321" cy="293" a="0" width="310" height="19"/>
  <staticblueskin x="537.5" y="387.5" cx="448" cy="376" a="0" width="179" height="23"/>
  <heavyboxskin x="722" y="359" a="0" width="41.05" height="22"/>
  <staticskin x="312" y="317" cx="302" cy="312" a="0" width="20" height="10"/>
  <staticskin x="649" y="366" cx="641" cy="359" a="0" width="16" height="14"/>
  <staticblueskin x="561" y="119" cx="554" cy="103" a="0" width="14" height="32"/>
  <staticblueskin x="611" y="61" cx="602" cy="53" a="0" width="18" height="16"/>
  <staticblueskin x="210.5" y="310.5" cx="116" cy="303" a="0" width="189" height="15"/>
  <carrierhorizontal x="127" y="378" linewidth="300" lineheight="20" boxwidth="50" boxheight="20"/>
  <staticblueskin x="634" y="177.5" cx="626" cy="35" a="0" width="16" height="285"/>
  <boxskin x="257" y="88" a="0" width="50" height="50"/>
  <groundblue x="657.25" y="156.3" cx="646" cy="146" a="0" width="23.5" height="21.6"/>
  <staticblueskin x="730" y="49.5" cx="721" cy="30" a="0" width="18" height="39"/>
  <tree x="443" y="254" a="0" width="78.35" height="100"/>
  <rpointer x="347" y="139" a="0" width="40" height="33.7"/>
  <stone x="85" y="38" a="0" width="31.25" height="22.9"/>
  <lpointer x="268" y="292" a="0" width="40" height="33.7"/>
  <cheeseskin x="607" y="275" a="0" width="27.05" height="22"/>
  <bush x="699" y="258" a="0" width="59.4" height="32.3"/>
  <ground x="577.575" y="361.5" cx="573" cy="356" a="0" width="9.15" height="11"/>
  <ground x="503" y="317.05" cx="499" cy="311" a="0" width="8" height="12.1"/>
  <staticredskin x="735" y="170" cx="729" cy="71" a="0" width="12" height="198"/>
  <staticredskin x="426.5" y="294" cx="419" cy="285" a="0" width="15" height="18"/>
  <staticredskin x="710" y="154.5" cx="702" cy="144" a="0" width="16" height="21"/>
  <minkskin x="144" y="344" a="0" width="36" height="27"/>
  <staticblueskin x="712.5" y="280" cx="680" cy="274" a="0" width="65" height="12"/>
  <staticblueskin x="681" y="360" cx="673" cy="351" a="0" width="16" height="18"/>
  <cheeseskin x="662" y="121" a="0" width="27.05" height="22"/>
  <staticblueskin x="20" y="343.5" cx="12" cy="338" a="0" width="16" height="11"/>
  <staticblueskin x="86.5" y="178" cx="81" cy="53" a="0" width="11" height="250"/>
  <staticblueskin x="71" y="301" cx="62" cy="294" a="0" width="18" height="14"/>
</scene>