<scene width="740" height="380">
  <timer time="60"/>
  <creator id="3014608"/>
  <bg id="12"/>
  <ground x="318" y="380.6" cx="281" cy="377" a="0" width="74" height="7.2"/>
  <ground x="439.5" y="379.5" cx="403" cy="376" a="0" width="73" height="7"/>
  <carriervertical x="507" y="188" linewidth="50" lineheight="200" boxwidth="50" boxheight="20"/>
  <ground x="434.5" y="243.5" cx="428" cy="153" a="0" width="13" height="181"/>
  <ground x="497" y="105.05" cx="382" cy="101" a="0" width="230" height="8.1"/>
  <cheeseskin x="460" y="172" a="0" width="27.05" height="22"/>
  <ground x="457.5" y="191.55" cx="437" cy="188" a="0" width="41" height="7.1"/>
  <ground x="711" y="139.675" cx="699" cy="137" a="0" width="24" height="5.35"/>
  <ground x="668.5" y="183.6" cx="652" cy="180" a="0" width="33" height="7.2"/>
  <ground x="709.025" y="236" cx="694" cy="232" a="0" width="30.05" height="8"/>
  <ground x="667.025" y="283.5" cx="652" cy="279" a="0" width="30.05" height="9"/>
  <ground x="704.525" y="327" cx="691" cy="322" a="0" width="27.05" height="10"/>
  <ground x="325.5" y="236.5" cx="321" cy="145" a="0" width="9" height="183"/>
  <carriervertical x="251" y="193" linewidth="50" lineheight="200" boxwidth="50" boxheight="20"/>
  <ground x="302.525" y="195.5" cx="285" cy="192" a="0" width="35.05" height="7"/>
  <cheeseskin x="299" y="169" a="0" width="27.05" height="22"/>
  <ground x="647.5" y="193" cx="644" cy="94" a="0" width="7" height="198"/>
  <groundred x="634.55" y="286.5" cx="626" cy="278" a="0" width="18.1" height="18"/>
  <ground x="93.05" y="204.5" cx="88" cy="95" a="0" width="10.1" height="219"/>
  <groundred x="108.5" y="309.525" cx="99" cy="301" a="0" width="20" height="18.05"/>
  <ground x="658.5" y="95.05" cx="643" cy="92" a="0" width="31" height="6.1"/>
  <ground x="188" y="338.525" cx="185" cy="321" a="0" width="6" height="35.05"/>
  <ground x="553.5" y="327.525" cx="550" cy="310" a="0" width="7" height="35.05"/>
  <ground x="624.5" y="335.5" cx="621" cy="308" a="0" width="7" height="55"/>
  <ground x="115.9" y="349.5" cx="111" cy="322" a="0" width="9.8" height="55"/>
  <ground x="673" y="359.55" cx="645" cy="356" a="0" width="56" height="7.1"/>
  <minkskin x="652" y="329" a="0" width="36" height="27"/>
  <ground x="68.025" y="100.05" cx="48" cy="96" a="0" width="40.05" height="8.1"/>
  <rpointer x="464" y="130" a="0" width="40" height="33.7"/>
  <lpointer x="289" y="131" a="0" width="40" height="33.7"/>
  <ballskin x="431" y="23" a="0" width="25" height="25"/>
  <carriervertical x="35" y="123" linewidth="50" lineheight="200" boxwidth="50" boxheight="20"/>
  <ground x="61" y="371.55" cx="29" cy="368" a="0" width="64" height="7.1"/>
  <cheeseskin x="509" y="413" a="0" width="27.05" height="22"/>
  <flowers1 x="84" y="351" a="0" width="60" height="58.2"/>
  <ground x="67" y="45.05" cx="2" cy="42" a="0" width="130" height="6.1"/>
  <ground x="-3.45" y="107.5" cx="-11" cy="-30" a="0" width="15.1" height="275"/>
  <ground x="2.55" y="336.5" cx="-3" cy="288" a="0" width="11.1" height="97"/>
  <ground x="369.5" y="0" cx="57" cy="-5" a="0" width="625" height="10"/>
  <littlemouse x="678" y="27" a="0" width="37.35" height="34.3"/>
  <ground x="143.5" y="56" cx="141" cy="36" a="0" width="5" height="40"/>
  <ground x="247" y="45" cx="156" cy="42" a="0" width="182" height="6"/>
  <ground x="347.5" y="75" cx="345" cy="39" a="0" width="5" height="72"/>
  <ground x="390.5" y="76" cx="387" cy="40" a="0" width="7" height="72"/>
  <ground x="725.55" y="112.5" cx="722" cy="-6" a="0" width="7.1" height="237"/>
  <ground x="723" y="333" cx="719" cy="280" a="0" width="8" height="106"/>
  <ground x="651.5" y="48.05" cx="585" cy="44" a="0" width="133" height="8.1"/>
  <ground x="569.5" y="59" cx="566" cy="38" a="0" width="7" height="42"/>
  <ground x="479" y="45.575" cx="405" cy="41" a="0" width="148" height="9.15"/>
  <ground x="285.5" y="100.5" cx="226" cy="96" a="0" width="119" height="9"/>
  <ground x="208" y="102.5" cx="169" cy="100" a="0" width="78" height="5"/>
  <ground x="539.5" y="226.5" cx="537" cy="147" a="0" width="5" height="159"/>
  <ground x="595.5" y="296" cx="536" cy="292" a="0" width="119" height="8"/>
  <ground x="592.05" y="174" cx="586" cy="89" a="0" width="12.1" height="170"/>
  <ground x="148" y="318.05" cx="87" cy="313" a="0" width="122" height="10.1"/>
  <ground x="207.5" y="230" cx="203" cy="145" a="0" width="9" height="170"/>
  <ground x="164.05" y="186" cx="158" cy="101" a="0" width="12.1" height="170"/>
  <ground x="283.5" y="151" cx="211" cy="147" a="0" width="145" height="8"/>
  <ground x="472" y="153.05" cx="407" cy="147" a="0" width="130" height="12.1"/>
  <carriervertical x="378" y="165" linewidth="50" lineheight="200" boxwidth="50" boxheight="20"/>
</scene>