<scene width="740" height="380">
  <timer time="60"/>
  <creator id="3002336"/>
  <bg id="5"/>
  <staticredskin x="63" y="380.5" cx="40" cy="376" a="0" width="46" height="9"/>
  <staticblueskin x="95" y="157.5" cx="90" cy="-21" a="0" width="10" height="357"/>
  <staticblueskin x="410" y="377" cx="83" cy="372" a="0" width="654" height="10"/>
  <staticblueskin x="571.5" y="24" cx="566" cy="-4" a="0" width="11" height="56"/>
  <staticblueskin x="489" y="3" cx="409" cy="0" a="0" width="160" height="6"/>
  <staticblueskin x="408.5" y="55" cx="403" cy="3" a="0" width="11" height="104"/>
  <staticblueskin x="484.5" y="114" cx="404" cy="111" a="0" width="161" height="6"/>
  <staticredskin x="485.5" y="108" cx="406" cy="105" a="0" width="159" height="6"/>
  <ballskin x="424" y="82" a="0" width="25" height="25"/>
  <ballskin x="539" y="83" a="0" width="25" height="25"/>
  <minkskin x="490" y="39" a="0" width="36" height="27"/>
  <staticblueskin x="657" y="116" cx="652" cy="-68" a="0" width="10" height="368"/>
  <staticblueskin x="682.5" y="30.5" cx="664" cy="28" a="0" width="37" height="5"/>
  <staticblueskin x="681" y="298" cx="658" cy="295" a="0" width="46" height="6"/>
  <staticblueskin x="722.5" y="73" cx="708" cy="69" a="0" width="29" height="8"/>
  <staticblueskin x="728" y="154.5" cx="708" cy="151" a="0" width="40" height="7"/>
  <staticblueskin x="670" y="205.5" cx="656" cy="201" a="0" width="28" height="9"/>
  <staticblueskin x="730" y="247.5" cx="710" cy="244" a="0" width="40" height="7"/>
  <staticblueskin x="737.5" y="227" cx="734" cy="1" a="0" width="7" height="452"/>
  <staticblueskin x="575.5" y="350.5" cx="573" cy="320" a="0" width="5" height="61"/>
  <staticblueskin x="368.5" y="118.5" cx="330" cy="114" a="0" width="77" height="9"/>
  <staticblueskin x="336" y="43" cx="332" cy="-9" a="0" width="8" height="104"/>
  <cheeseskin x="382" y="62" a="0" width="27.05" height="22"/>
  <staticblueskin x="284" y="154.5" cx="258" cy="148" a="0" width="52" height="13"/>
  <staticblueskin x="358" y="185.5" cx="331" cy="178" a="0" width="54" height="15"/>
  <staticblueskin x="404.5" y="168.5" cx="400" cy="137" a="0" width="9" height="63"/>
  <staticblueskin x="442.5" y="204" cx="419" cy="201" a="0" width="47" height="6"/>
  <staticblueskin x="423.5" y="372.5" cx="419" cy="366" a="0" width="9" height="13"/>
  <staticblueskin x="325" y="371" cx="319" cy="366" a="0" width="12" height="10"/>
  <staticblueskin x="495.5" y="208.5" cx="492" cy="177" a="0" width="7" height="63"/>
  <staticblueskin x="545" y="233.5" cx="519" cy="229" a="0" width="52" height="9"/>
  <staticblueskin x="534.5" y="366" cx="531" cy="334" a="0" width="7" height="64"/>
  <staticblueskin x="66" y="3.5" cx="32" cy="0" a="0" width="68" height="7"/>
  <staticblueskin x="514" y="336" cx="488" cy="332" a="0" width="52" height="8"/>
  <cheeseskin x="16" y="271" a="0" width="27.05" height="22"/>
  <staticblueskin x="611.5" y="-1" cx="567" cy="-5" a="0" width="89" height="8"/>
  <cheeseskin x="12" y="137" a="0" width="27.05" height="22"/>
  <cheeseskin x="71" y="43" a="0" width="27.05" height="22"/>
  <staticblueskin x="449" y="315.5" cx="417" cy="311" a="0" width="64" height="9"/>
  <staticblueskin x="379" y="265" cx="349" cy="261" a="0" width="60" height="8"/>
  <staticblueskin x="405" y="294.5" cx="400" cy="262" a="0" width="10" height="65"/>
  <tree2 x="381" y="333" a="0" width="84.85" height="100"/>
  <tree x="438" y="410" a="0" width="78.35" height="100"/>
  <tree2 x="531" y="169" a="0" width="84.85" height="100"/>
  <groundred x="603.825" y="370.475" cx="578" cy="365" a="0" width="52.65" height="11.95"/>
  <staticblueskin x="351.5" y="292.5" cx="346" cy="262" a="0" width="11" height="61"/>
  <staticblueskin x="314.5" y="316.5" cx="283" cy="312" a="0" width="63" height="9"/>
  <staticblueskin x="292" y="297.5" cx="284" cy="274" a="0" width="16" height="47"/>
  <staticblueskin x="269" y="276.5" cx="238" cy="273" a="0" width="62" height="7"/>
  <staticblueskin x="200.275" y="269.65" cx="160" cy="259" a="10" width="83" height="7"/>
  <staticblueskin x="172" y="330.5" cx="150" cy="328" a="0" width="44" height="5"/>
  <staticblueskin x="115" y="298.5" cx="93" cy="295" a="0" width="44" height="7"/>
  <littlemouse x="682" y="12" a="0" width="37.35" height="34.3"/>
  <staticblueskin x="674.5" y="113.5" cx="658" cy="109" a="0" width="33" height="9"/>
  <staticblueskin x="38" y="201.5" cx="34" cy="-13" a="0" width="8" height="429"/>
</scene>