<scene width="2500" height="1200">
  <timer time="120"/>
  <creator id="1506228"/>
  <bg id="12"/>
  <staticblueskin x="1236.5" y="237" cx="1233" cy="204" a="0" width="7" height="66"/>
  <staticblueskin x="1252" y="211.5" cx="1247" cy="177" a="0" width="10" height="69"/>
  <staticblueskin x="1266" y="233" cx="1263" cy="199" a="0" width="6" height="68"/>
  <staticblueskin x="1283.5" y="217.5" cx="1280" cy="183" a="0" width="7" height="69"/>
  <staticblueskin x="1331" y="199" cx="1301" cy="194" a="0" width="60" height="10"/>
  <staticblueskin x="1407" y="231.5" cx="1367" cy="226" a="0" width="80" height="11"/>
  <staticblueskin x="1491.5" y="199.5" cx="1459" cy="195" a="0" width="65" height="9"/>
  <staticblueskin x="1561.5" y="225.5" cx="1527" cy="221" a="0" width="69" height="9"/>
  <staticblueskin x="1629.5" y="196" cx="1597" cy="192" a="0" width="65" height="8"/>
  <staticblueskin x="1690" y="290.5" cx="1686" cy="222" a="0" width="8" height="137"/>
  <staticblueskin x="1778.5" y="290.5" cx="1775" cy="216" a="0" width="7" height="149"/>
  <staticblueskin x="1716.95" y="47.275" cx="1855" cy="21" a="168" width="281" height="6"/>
  <staticblueskin x="1875" y="107.5" cx="1775" cy="104" a="0" width="200" height="7"/>
  <staticredskin x="1731" y="348.5" cx="1716" cy="346" a="0" width="30" height="5"/>
  <springboardskin x="1720" y="355" a="0" width="51" height="10.95"/>
  <springboardskin x="1751" y="356" a="0" width="51" height="10.95"/>
  <springboardskin x="1736" y="353" a="0" width="51" height="10.95"/>
  <springboardskin x="1720" y="353" a="0" width="51" height="10.95"/>
  <staticblueskin x="2075.5" y="18.5" cx="1855" cy="16" a="0" width="441" height="5"/>
  <staticblueskin x="1784" y="163.5" cx="1780" cy="127" a="0" width="8" height="73"/>
  <staticblueskin x="1842.5" y="161" cx="1790" cy="158" a="0" width="105" height="6"/>
  <heavyboxskin x="1815" y="140" a="0" width="41.05" height="22"/>
  <heavyboxskin x="1852" y="142" a="0" width="41.05" height="22"/>
  <staticblueskin x="1879.5" y="151.5" cx="1876" cy="146" a="0" width="7" height="11"/>
  <staticblueskin x="2139.5" y="107.5" cx="1984" cy="104" a="0" width="311" height="7"/>
  <staticblueskin x="2414" y="105.5" cx="2339" cy="102" a="0" width="150" height="7"/>
  <staticblueskin x="2408" y="18" cx="2296" cy="15" a="0" width="224" height="6"/>
  <staticredskin x="2484" y="63.5" cx="2478" cy="24" a="0" width="12" height="79"/>
  <boxskin x="2323" y="192" a="0" width="50" height="50"/>
  <staticblueskin x="2323.5" y="220.5" cx="2293" cy="217" a="0" width="61" height="7"/>
  <staticblueskin x="2296" y="203.5" cx="2293" cy="185" a="0" width="6" height="37"/>
  <staticblueskin x="2351" y="201.5" cx="2348" cy="181" a="0" width="6" height="41"/>
  <boxskin x="2234" y="251" a="0" width="50" height="50"/>
  <staticblueskin x="2234.5" y="281.5" cx="2203" cy="277" a="0" width="63" height="9"/>
  <staticblueskin x="2204" y="260" cx="2201" cy="241" a="0" width="6" height="38"/>
  <staticblueskin x="2263.5" y="259.5" cx="2260" cy="239" a="0" width="7" height="41"/>
  <boxskin x="2139" y="307" a="0" width="50" height="50"/>
  <staticblueskin x="2140" y="336.5" cx="2109" cy="332" a="0" width="62" height="9"/>
  <staticblueskin x="2110.5" y="315.5" cx="2107" cy="297" a="0" width="7" height="37"/>
  <staticblueskin x="2168.5" y="314" cx="2164" cy="295" a="0" width="9" height="38"/>
  <rpointer x="924" y="111" a="0" width="40" height="33.7"/>
  <rpointer x="1494" y="176" a="0" width="40" height="33.7"/>
  <rpointer x="2043" y="81" a="0" width="40" height="33.7"/>
  <lpointer x="2135" y="264" a="0" width="40" height="33.7"/>
  <carrierhorizontal x="1811" y="444" linewidth="300" lineheight="20" boxwidth="50" boxheight="20"/>
  <staticskin x="2089" y="393.5" cx="2071" cy="390" a="0" width="36" height="7"/>
  <staticskin x="2108.5" y="373.5" cx="2106" cy="350" a="0" width="5" height="47"/>
  <staticskin x="1773.5" y="481.5" cx="1750" cy="477" a="0" width="47" height="9"/>
  <staticskin x="1750.5" y="462.5" cx="1746" cy="442" a="0" width="9" height="41"/>
  <staticblueskin x="1745" y="512.5" cx="1742" cy="483" a="0" width="6" height="59"/>
  <staticblueskin x="1410.5" y="547.5" cx="1071" cy="543" a="0" width="679" height="9"/>
  <boxskin x="1715" y="517" a="0" width="50" height="50"/>
  <boxskin x="1663" y="518" a="0" width="50" height="50"/>
  <boxskin x="1613" y="518" a="0" width="50" height="50"/>
  <boxskin x="1565" y="518" a="0" width="50" height="50"/>
  <boxskin x="1514" y="519" a="0" width="50" height="50"/>
  <springboardskin x="729" y="537" a="0" width="51" height="10.95"/>
  <staticskin x="2031" y="393.5" cx="1982" cy="390" a="0" width="98" height="7"/>
  <staticblueskin x="2046.5" y="551" cx="1750" cy="547" a="0" width="593" height="8"/>
  <staticblueskin x="2337" y="405.5" cx="2333" cy="262" a="0" width="8" height="287"/>
  <staticblueskin x="1670" y="217" cx="1661" cy="210" a="0" width="18" height="14"/>
  <boxskin x="1463" y="519" a="0" width="50" height="50"/>
  <staticblueskin x="1432.5" y="532.5" cx="1429" cy="522" a="0" width="7" height="21"/>
  <heavyboxskin x="1408" y="528" a="0" width="41.05" height="22"/>
  <heavyboxskin x="1368" y="530" a="0" width="41.05" height="22"/>
  <heavyboxskin x="1323" y="530" a="0" width="41.05" height="22"/>
  <heavyboxskin x="1278" y="531" a="0" width="41.05" height="22"/>
  <heavyboxskin x="1238" y="530" a="0" width="41.05" height="22"/>
  <heavyboxskin x="1195" y="531" a="0" width="41.05" height="22"/>
  <heavyboxskin x="1158" y="529" a="0" width="41.05" height="22"/>
  <staticblueskin x="1133.5" y="535.5" cx="1131" cy="528" a="0" width="5" height="15"/>
  <staticblueskin x="764" y="547.5" cx="457" cy="543" a="0" width="614" height="9"/>
  <staticblueskin x="1130" y="504.5" cx="1125" cy="469" a="0" width="10" height="71"/>
  <springboardskin x="1161" y="518" a="0" width="51" height="10.95"/>
  <ballskin x="1106" y="531" a="0" width="25" height="25"/>
  <ballskin x="1083" y="525" a="0" width="25" height="25"/>
  <ballskin x="1053" y="530" a="0" width="25" height="25"/>
  <ballskin x="1029" y="534" a="0" width="25" height="25"/>
  <ballskin x="1010" y="517" a="0" width="25" height="25"/>
  <ballskin x="1045" y="505" a="0" width="25" height="25"/>
  <ballskin x="1081" y="500" a="0" width="25" height="25"/>
  <ballskin x="1113" y="504" a="0" width="25" height="25"/>
  <ballskin x="1066" y="506" a="0" width="25" height="25"/>
  <ballskin x="1023" y="501" a="0" width="25" height="25"/>
  <ballskin x="1100" y="485" a="0" width="25" height="25"/>
  <ballskin x="998" y="523" a="0" width="25" height="25"/>
  <ballskin x="967" y="530" a="0" width="25" height="25"/>
  <ballskin x="981" y="512" a="0" width="25" height="25"/>
  <ballskin x="987" y="521" a="0" width="25" height="25"/>
  <ballskin x="999" y="487" a="0" width="25" height="25"/>
  <ballskin x="960" y="515" a="0" width="25" height="25"/>
  <ballskin x="1049" y="491" a="0" width="25" height="25"/>
  <ballskin x="975" y="496" a="0" width="25" height="25"/>
  <ballskin x="945" y="532" a="0" width="25" height="25"/>
  <ballskin x="923" y="529" a="0" width="25" height="25"/>
  <ballskin x="938" y="511" a="0" width="25" height="25"/>
  <ballskin x="955" y="492" a="0" width="25" height="25"/>
  <ballskin x="900" y="530" a="0" width="25" height="25"/>
  <ballskin x="911" y="506" a="0" width="25" height="25"/>
  <ballskin x="931" y="491" a="0" width="25" height="25"/>
  <staticblueskin x="824" y="507.5" cx="818" cy="474" a="0" width="12" height="67"/>
  <springboardskin x="857" y="538" a="0" width="51" height="10.95"/>
  <staticblueskin x="882.5" y="523.5" cx="879" cy="502" a="0" width="7" height="43"/>
  <staticblueskin x="686.775" y="518.675" cx="695" cy="543" a="168" width="6" height="51"/>
  <staticblueskin x="619.75" y="525.1500000000001" cx="632" cy="566" a="168" width="7" height="85"/>
  <springboardskin x="655" y="538" a="0" width="51" height="10.95"/>
  <staticblueskin x="576" y="512" cx="547" cy="508" a="0" width="58" height="8"/>
  <staticblueskin x="496" y="511.5" cx="470" cy="508" a="0" width="52" height="7"/>
  <staticblueskin x="679.025" y="426.04999999999995" cx="610" cy="379" a="-54" width="5" height="167"/>
  <carriervertical x="428" y="567" linewidth="50" lineheight="200" boxwidth="50" boxheight="20"/>
  <carriervertical x="377" y="591" linewidth="50" lineheight="200" boxwidth="50" boxheight="20"/>
  <carriervertical x="326" y="615" linewidth="50" lineheight="200" boxwidth="50" boxheight="20"/>
  <carriervertical x="277" y="638" linewidth="50" lineheight="200" boxwidth="50" boxheight="20"/>
  <carriervertical x="224" y="662" linewidth="50" lineheight="200" boxwidth="50" boxheight="20"/>
  <carriervertical x="172" y="684" linewidth="50" lineheight="200" boxwidth="50" boxheight="20"/>
  <staticskin x="116" y="727" cx="95" cy="722" a="0" width="42" height="10"/>
  <staticblueskin x="100" y="902.5" cx="96" cy="733" a="0" width="8" height="339"/>
  <staticblueskin x="42" y="905" cx="37" cy="731" a="0" width="10" height="348"/>
  <staticblueskin x="327.5" y="1167.5" cx="48" cy="1162" a="0" width="559" height="11"/>
  <staticblueskin x="360" y="1070" cx="127" cy="1065" a="0" width="466" height="10"/>
  <staticredskin x="46" y="1126.5" cx="41" cy="1082" a="0" width="10" height="89"/>
  <staticskin x="670.5" y="1177.5" cx="627" cy="1174" a="0" width="87" height="7"/>
  <staticskin x="786.5" y="1179" cx="732" cy="1175" a="0" width="109" height="8"/>
  <staticskin x="917" y="1117.5" cx="847" cy="1053" a="0" width="140" height="129"/>
  <springboardskin x="821" y="1170" a="0" width="51" height="10.95"/>
  <springboardskin x="811" y="1172" a="0" width="51" height="10.95"/>
  <springboardskin x="833" y="1176" a="0" width="51" height="10.95"/>
  <cheeseskin x="916" y="1032" a="0" width="27.05" height="22"/>
  <staticskin x="1060" y="1174.5" cx="1001" cy="1171" a="0" width="118" height="7"/>
  <staticblueskin x="582.5" y="844" cx="573" cy="625" a="0" width="19" height="438"/>
  <staticskin x="1183.5" y="1173" cx="1128" cy="1170" a="0" width="111" height="6"/>
  <staticskin x="1308" y="1173" cx="1255" cy="1170" a="0" width="106" height="6"/>
  <staticredskin x="1792.125" y="1125.775" cx="1726" cy="1210" a="-54" width="214" height="8"/>
  <staticblueskin x="1501" y="1173" cx="1371" cy="1170" a="0" width="260" height="6"/>
  <staticredskin x="1372.5" y="1146" cx="1367" cy="1115" a="0" width="11" height="62"/>
  <springboardskin x="1328" y="1161" a="0" width="51" height="10.95"/>
  <lpointer x="1401" y="1157" a="0" width="40" height="33.7"/>
  <staticredskin x="1821.9" y="1005.975" cx="1767" cy="1073" a="-54" width="173" height="10"/>
  <staticredskin x="1600.8000000000002" y="1066.3" cx="1577" cy="1003" a="66" width="135" height="8"/>
  <staticredskin x="1576.1" y="867.35" cx="1522" cy="736" a="66" width="284" height="8"/>
  <staticblueskin x="2480" y="606.5" cx="2475" cy="466" a="0" width="10" height="281"/>
  <staticblueskin x="1809" y="895" cx="1722" cy="885" a="0" width="174" height="20"/>
  <tree x="1839" y="835" a="0" width="78.35" height="100"/>
  <staticredskin x="1772.9" y="807.35" cx="1705" cy="894" a="-54" width="220" height="8"/>
  <staticblueskin x="1813.5" y="683" cx="1656" cy="675" a="0" width="315" height="16"/>
  <staticblueskin x="2059" y="707.5" cx="1982" cy="697" a="0" width="154" height="21"/>
  <staticblueskin x="2231.5" y="732" cx="2138" cy="726" a="0" width="187" height="12"/>
  <staticredskin x="2405.5" y="746" cx="2334" cy="742" a="0" width="143" height="8"/>
  <staticblueskin x="114" y="1068.5" cx="111" cy="1065" a="0" width="6" height="7"/>
  <staticredskin x="115.5" y="1068" cx="111" cy="1064" a="0" width="9" height="8"/>
  <staticredskin x="1515" y="660" cx="1509" cy="568" a="0" width="12" height="184"/>
  <minkskin x="2419" y="390" a="0" width="36" height="27"/>
  <staticblueskin x="2372.5" y="167" cx="2368" cy="122" a="0" width="9" height="90"/>
  <staticredskin x="2288" y="249.5" cx="2276" cy="242" a="0" width="24" height="15"/>
  <staticredskin x="2197" y="310" cx="2186" cy="302" a="0" width="22" height="16"/>
  <staticblueskin x="240.52499999999998" y="149.89999999999998" cx="445" cy="109" a="168" width="417" height="5"/>
  <staticredskin x="39.5" y="151" cx="34" cy="110" a="0" width="11" height="82"/>
  <littlemouse x="333" y="115" a="0" width="37.35" height="34.3"/>
  <staticblueskin x="203.67499999999998" y="74.15" cx="374" cy="41" a="168" width="347" height="6"/>
  <staticblueskin x="485.5" y="116" cx="439" cy="113" a="0" width="93" height="6"/>
  <staticblueskin x="533.5" y="127" cx="485" cy="123" a="0" width="97" height="8"/>
  <staticblueskin x="577" y="140.5" cx="537" cy="137" a="0" width="80" height="7"/>
  <staticblueskin x="616" y="154.5" cx="581" cy="151" a="0" width="70" height="7"/>
  <staticblueskin x="662.5" y="167.5" cx="620" cy="164" a="0" width="85" height="7"/>
  <staticblueskin x="663" y="37" cx="372" cy="33" a="0" width="582" height="8"/>
  <staticredskin x="901" y="233.5" cx="695" cy="229" a="0" width="412" height="9"/>
  <staticblueskin x="699.5" y="201.5" cx="695" cy="172" a="0" width="9" height="59"/>
  <staticblueskin x="763" y="167.5" cx="738" cy="164" a="0" width="50" height="7"/>
  <staticblueskin x="844.5" y="154.5" cx="823" cy="151" a="0" width="43" height="7"/>
  <staticblueskin x="919" y="132.5" cx="893" cy="129" a="0" width="52" height="7"/>
  <staticblueskin x="977.5" y="157" cx="957" cy="153" a="0" width="41" height="8"/>
  <staticblueskin x="1042.5" y="176" cx="1014" cy="172" a="0" width="57" height="8"/>
  <staticblueskin x="1254" y="37" cx="953" cy="34" a="0" width="602" height="6"/>
  <staticblueskin x="1109" y="205.5" cx="1105" cy="172" a="0" width="8" height="67"/>
  <staticblueskin x="1141" y="225" cx="1138" cy="187" a="0" width="6" height="76"/>
  <staticredskin x="1158" y="242.5" cx="1105" cy="239" a="0" width="106" height="7"/>
  <staticblueskin x="1164.5" y="217" cx="1161" cy="172" a="0" width="7" height="90"/>
  <staticblueskin x="1185.5" y="225.5" cx="1182" cy="190" a="0" width="7" height="71"/>
  <staticblueskin x="1212" y="224" cx="1207" cy="186" a="0" width="10" height="76"/>
</scene>