<scene width="740" height="380">
  <timer time="80"/>
  <creator id="3030586"/>
  <bg id="5"/>
  <cheeseskin x="681" y="335" a="0" width="27.05" height="22"/>
  <flowers1 x="684" y="367" a="0" width="60" height="58.2"/>
  <cheeseskin x="697" y="53" a="0" width="27.05" height="22"/>
  <staticblueskin x="342.5" y="165" cx="308" cy="157" a="0" width="69" height="16"/>
  <groundblue x="569.25" y="160.25" cx="532" cy="147" a="0" width="75.5" height="27.5"/>
  <groundblue x="518.25" y="112.275" cx="487" cy="102" a="0" width="63.5" height="21.55"/>
  <groundblue x="668.75" y="110.25" cx="639" cy="94" a="0" width="60.5" height="33.5"/>
  <minkskin x="40" y="56" a="0" width="36" height="27"/>
  <staticskin x="188" y="145.5" cx="156" cy="141" a="0" width="64" height="9"/>
  <staticblueskin x="155.5" y="110.5" cx="135" cy="106" a="0" width="41" height="9"/>
  <staticblueskin x="113" y="143" cx="92" cy="136" a="0" width="42" height="14"/>
  <staticblueskin x="44.5" y="109" cx="26" cy="103" a="0" width="37" height="12"/>
  <flowers1 x="68" y="340" a="0" width="60" height="58.2"/>
  <flowers1 x="117" y="296" a="0" width="60" height="58.2"/>
  <flowers1 x="180" y="271" a="0" width="60" height="58.2"/>
  <flowers1 x="568" y="249" a="0" width="60" height="58.2"/>
  <flowers1 x="509" y="403" a="0" width="60" height="58.2"/>
  <flowers1 x="626" y="250" a="0" width="60" height="58.2"/>
  <flowers1 x="379" y="100" a="0" width="60" height="58.2"/>
  <flowers1 x="157" y="95" a="0" width="60" height="58.2"/>
  <flowers1 x="102" y="124" a="0" width="60" height="58.2"/>
  <flowers1 x="40" y="91" a="0" width="60" height="58.2"/>
  <flowers2 x="553" y="407" a="0" width="60" height="33.45"/>
  <flowers2 x="246" y="251" a="0" width="60" height="33.45"/>
  <flowers2 x="455" y="194" a="0" width="60" height="33.45"/>
  <flowers1 x="515" y="87" a="0" width="60" height="58.2"/>
  <flowers1 x="573" y="136" a="0" width="60" height="58.2"/>
  <flowers1 x="657" y="82" a="0" width="60" height="58.2"/>
  <littlemouse x="30" y="332" a="0" width="37.35" height="34.3"/>
  <staticskin x="373.5" y="20" cx="17" cy="1" a="0" width="713" height="38"/>
  <staticskin x="719" y="224" cx="716" cy="49" a="0" width="6" height="350"/>
  <staticskin x="14" y="228" cx="10" cy="50" a="0" width="8" height="356"/>
  <staticblueskin x="48.5" y="351.5" cx="19" cy="346" a="0" width="59" height="11"/>
  <staticblueskin x="118" y="317.5" cx="98" cy="312" a="0" width="40" height="11"/>
  <staticblueskin x="184.5" y="289" cx="166" cy="284" a="0" width="37" height="10"/>
  <staticredskin x="247" y="268.5" cx="222" cy="264" a="0" width="50" height="9"/>
  <staticblueskin x="384" y="121" cx="354" cy="115" a="0" width="60" height="12"/>
  <staticblueskin x="586.5" y="272" cx="531" cy="264" a="0" width="111" height="16"/>
  <staticredskin x="459" y="212" cx="426" cy="208" a="0" width="66" height="8"/>
  <carrierhorizontal x="574" y="407" linewidth="300" lineheight="20" boxwidth="50" boxheight="20"/>
  <staticskin x="649" y="329.5" cx="646" cy="282" a="0" width="6" height="95"/>
  <staticskin x="709.5" y="335" cx="706" cy="288" a="0" width="7" height="94"/>
  <staticskin x="662" y="373.5" cx="653" cy="369" a="0" width="18" height="9"/>
  <carrierhorizontal x="354" y="236" linewidth="300" lineheight="20" boxwidth="50" boxheight="20"/>
</scene>