<scene width="740" height="380">
  <timer time="80"/>
  <creator id="2680566"/>
  <bg id="7"/>
  <staticblueskin x="453.5" y="67" cx="438" cy="62" a="0" width="31" height="10"/>
  <staticblueskin x="489" y="113.5" cx="472" cy="108" a="0" width="34" height="11"/>
  <staticblueskin x="455.5" y="161" cx="438" cy="155" a="0" width="35" height="12"/>
  <staticblueskin x="499.5" y="206" cx="486" cy="200" a="0" width="27" height="12"/>
  <staticblueskin x="449.5" y="251.5" cx="432" cy="245" a="0" width="35" height="13"/>
  <staticskin x="306.5" y="335.5" cx="-48" cy="331" a="0" width="709" height="9"/>
  <boxskin x="33" y="303" a="0" width="50" height="50"/>
  <boxskin x="34" y="253" a="0" width="50" height="50"/>
  <boxskin x="144" y="304" a="0" width="50" height="50"/>
  <boxskin x="145" y="253" a="0" width="50" height="50"/>
  <boxskin x="250" y="304" a="0" width="50" height="50"/>
  <springboardskin x="302" y="324" a="0" width="51" height="10.95"/>
  <boxskin x="249" y="253" a="0" width="50" height="50"/>
  <staticblueskin x="357.5" y="159.5" cx="355" cy="43" a="0" width="5" height="233"/>
  <staticblueskin x="431.5" y="190" cx="427" cy="50" a="0" width="9" height="280"/>
  <staticblueskin x="501" y="294" cx="487" cy="288" a="0" width="28" height="12"/>
  <minkskin x="84" y="313" a="0" width="36" height="27"/>
  <cheeseskin x="557" y="312" a="0" width="27.05" height="22"/>
  <staticblueskin x="410" y="303" cx="391" cy="298" a="0" width="38" height="10"/>
  <staticblueskin x="377.5" y="254.5" cx="362" cy="248" a="0" width="31" height="13"/>
  <littlemouse x="38" y="51" a="0" width="37.35" height="34.3"/>
  <staticblueskin x="409" y="206.5" cx="393" cy="202" a="0" width="32" height="9"/>
  <staticblueskin x="373.5" y="162.5" cx="357" cy="157" a="0" width="33" height="11"/>
  <staticblueskin x="519.5" y="149" cx="514" cy="2" a="0" width="11" height="294"/>
  <staticblueskin x="409.5" y="111" cx="391" cy="106" a="0" width="37" height="10"/>
  <staticblueskin x="380" y="62" cx="362" cy="57" a="0" width="36" height="10"/>
</scene>