<scene width="740" height="380">
  <timer time="60"/>
  <creator id="2669355"/>
  <bg id="8"/>
  <rpointer x="124" y="42" a="0" width="40" height="33.7"/>
  <springboardskin x="56" y="79" a="0" width="51" height="10.95"/>
  <boxskin x="166" y="109" a="0" width="50" height="50"/>
  <littlemouse x="66" y="54" a="0" width="37.35" height="34.3"/>
  <cheeseskin x="648" y="66" a="0" width="27.05" height="22"/>
  <minkskin x="33" y="365" a="0" width="36" height="27"/>
  <carrierhorizontal x="141" y="145" linewidth="300" lineheight="20" boxwidth="50" boxheight="20"/>
  <carriervertical x="638" y="81" linewidth="50" lineheight="200" boxwidth="50" boxheight="20"/>
  <cheeseskin x="377" y="330" a="0" width="27.05" height="22"/>
  <springboardskin x="580" y="409" a="0" width="51" height="10.95"/>
  <carrierhorizontal x="344" y="232" linewidth="300" lineheight="20" boxwidth="50" boxheight="20"/>
  <boxskin x="52" y="50" a="0" width="50" height="50"/>
  <rpointer x="290" y="405" a="0" width="40" height="33.7"/>
  <rpointer x="246" y="402" a="0" width="40" height="33.7"/>
  <lpointer x="593" y="198" a="0" width="40" height="33.7"/>
  <tree2 x="317" y="306" a="0" width="84.85" height="100"/>
  <tree x="691" y="52" a="0" width="78.35" height="100"/>
  <springboardskin x="273" y="258" a="0" width="51" height="10.95"/>
  <heavyboxskin x="274" y="234" a="0" width="41.05" height="22"/>
  <springboardskin x="147" y="199" a="0" width="51" height="10.95"/>
</scene>