<scene width="740" height="380">
  <timer time="80"/>
  <creator id="3012369"/>
  <bg id="7"/>
  <carrierhorizontal x="572" y="417" linewidth="300" lineheight="20" boxwidth="50" boxheight="20"/>
  <groundred x="373.5" y="373.025" cx="10" cy="360" a="0" width="727" height="26.05"/>
  <groundblue x="79.5" y="112.025" cx="36" cy="101" a="0" width="87" height="22.05"/>
  <minkskin x="71" y="84" a="0" width="36" height="27"/>
  <cheeseskin x="668" y="81" a="0" width="27.05" height="22"/>
  <littlemouse x="96" y="82" a="0" width="37.35" height="34.3"/>
  <springboardskin x="178" y="190" a="0" width="51" height="10.95"/>
  <springboardskin x="334" y="286" a="0" width="51" height="10.95"/>
  <springboardskin x="472" y="221" a="0" width="51" height="10.95"/>
  <springboardskin x="606" y="144" a="0" width="51" height="10.95"/>
  <springboardskin x="660" y="113" a="0" width="51" height="10.95"/>
</scene>