<scene width="740" height="380">
  <timer time="60"/>
  <creator id="2529593"/>
  <bg id="2"/>
  <cheeseskin x="283" y="248" a="0" width="27.05" height="22"/>
  <staticredskin x="281.5" y="184" cx="268" cy="180" a="0" width="27" height="8"/>
  <staticskin x="355.5" y="-3" cx="0" cy="-9" a="0" width="711" height="12"/>
  <staticskin x="419" y="100" cx="399" cy="95" a="0" width="40" height="10"/>
  <littlemouse x="12" y="41" a="0" width="37.35" height="34.3"/>
  <staticskin x="28" y="75" cx="8" cy="71" a="0" width="40" height="8"/>
  <staticblueskin x="54.8" y="172.025" cx="94" cy="75" a="25" width="11" height="209"/>
  <staticblueskin x="9" y="166" cx="1" cy="58" a="0" width="16" height="216"/>
  <staticblueskin x="104.5" y="175" cx="96" cy="73" a="0" width="17" height="204"/>
  <staticskin x="401.5" y="192.5" cx="394" cy="94" a="0" width="15" height="197"/>
  <staticskin x="447.5" y="182" cx="406" cy="175" a="0" width="83" height="14"/>
  <staticskin x="568.075" y="254.1" cx="551" cy="226" a="50" width="65" height="10"/>
  <staticskin x="508" y="231" cx="501" cy="178" a="0" width="14" height="106"/>
  <staticskin x="20.525" y="307.625" cx="-2" cy="273" a="50" width="82" height="10"/>
  <staticskin x="463.32500000000005" y="135.525" cx="435" cy="94" a="50" width="100" height="10"/>
  <staticskin x="553" y="279" cx="515" cy="274" a="0" width="76" height="10"/>
  <staticskin x="536.5" y="232" cx="514" cy="228" a="0" width="45" height="8"/>
  <rpointer x="107" y="56" a="0" width="40" height="33.7"/>
  <flowers1 x="535" y="213" a="0" width="60" height="58.2"/>
  <minkskin x="65" y="265" a="0" width="36" height="27"/>
  <staticskin x="138.5" y="191" cx="131" cy="92" a="0" width="15" height="198"/>
  <staticskin x="185" y="94.5" cx="131" cy="88" a="0" width="108" height="13"/>
  <staticskin x="241.5" y="102" cx="237" cy="88" a="0" width="9" height="28"/>
  <staticskin x="261" y="171" cx="254" cy="74" a="0" width="14" height="194"/>
  <staticskin x="333.5" y="91" cx="301" cy="85" a="0" width="65" height="12"/>
  <staticskin x="308" y="265.5" cx="254" cy="260" a="0" width="108" height="11"/>
  <staticredskin x="644.5" y="73" cx="632" cy="70" a="0" width="25" height="6"/>
  <staticblueskin x="315.5" y="249" cx="304" cy="245" a="0" width="23" height="8"/>
  <staticblueskin x="321.5" y="236.5" cx="311" cy="231" a="0" width="21" height="11"/>
  <staticblueskin x="332.5" y="226" cx="321" cy="222" a="0" width="23" height="8"/>
  <staticblueskin x="344" y="217.5" cx="330" cy="214" a="0" width="28" height="7"/>
  <staticblueskin x="350.5" y="208.5" cx="336" cy="205" a="0" width="29" height="7"/>
  <staticskin x="361" y="179" cx="356" cy="87" a="0" width="10" height="184"/>
  <staticskin x="412" y="347" cx="407" cy="343" a="0" width="10" height="8"/>
  <groundred x="65" y="341.6" cx="42" cy="338" a="0" width="47" height="8.2"/>
  <staticskin x="684" y="130.5" cx="648" cy="123" a="0" width="72" height="15"/>
  <staticblueskin x="628.5" y="52" cx="626" cy="29" a="0" width="5" height="46"/>
  <staticblueskin x="659.5" y="56" cx="656" cy="38" a="0" width="7" height="36"/>
  <staticblueskin x="644.475" y="37.25" cx="628" cy="27" a="20" width="38" height="8"/>
  <ballskin x="644" y="57" a="0" width="23.8" height="26.05"/>
  <tree2 x="698" y="315" a="0" width="84.85" height="100"/>
  <ground x="627" y="372.55" cx="512" cy="366" a="0" width="230" height="13.1"/>
  <carrierhorizontal x="116" y="363" linewidth="300" lineheight="20" boxwidth="50" boxheight="20"/>
  <staticblueskin x="447.5" y="357" cx="432" cy="352" a="0" width="31" height="10"/>
  <staticblueskin x="481" y="364.5" cx="477" cy="361" a="0" width="8" height="7"/>
  <lpointer x="526" y="349" a="0" width="40" height="33.7"/>
  <flowers1 x="549" y="408" a="0" width="60" height="58.2"/>
  <flowers2 x="681" y="108" a="0" width="60" height="33.45"/>
  <flowers1 x="434" y="160" a="0" width="60" height="58.2"/>
</scene>