<scene width="740" height="380">
  <timer time="60"/>
  <creator id="794663"/>
  <bg id="3"/>
  <cheeseskin x="210" y="142" a="0" width="27.05" height="22"/>
  <staticredskin x="179" y="371.5" cx="34" cy="361" a="0" width="290" height="21"/>
  <carrierhorizontal x="298" y="43" linewidth="300" lineheight="20" boxwidth="50" boxheight="20"/>
  <carriervertical x="370" y="144" linewidth="50" lineheight="200" boxwidth="50" boxheight="20"/>
  <boxskin x="439" y="363" a="0" width="50" height="50"/>
  <boxskin x="478" y="317" a="0" width="50" height="50"/>
  <boxskin x="515" y="279" a="0" width="50" height="50"/>
  <boxskin x="552" y="235" a="0" width="50" height="50"/>
  <boxskin x="599" y="236" a="0" width="50" height="50"/>
  <boxskin x="646" y="235" a="0" width="50" height="50"/>
  <minkskin x="568" y="305" a="0" width="36" height="27"/>
  <littlemouse x="252" y="16" a="0" width="37.35" height="34.3"/>
  <cactus x="605" y="192" a="0" width="20" height="42.55"/>
  <springboardskin x="251" y="158" a="0" width="51" height="10.95"/>
  <springboardskin x="211" y="155" a="0" width="51" height="10.95"/>
  <staticblueskin x="402" y="-7" cx="313" cy="-19" a="0" width="178" height="24"/>
  <staticblueskin x="580" y="6" cx="539" cy="1" a="0" width="82" height="10"/>
  <staticblueskin x="617" y="378.5" cx="564" cy="367" a="0" width="106" height="23"/>
  <boxskin x="644" y="359" a="0" width="50" height="50"/>
  <boxskin x="597" y="358" a="0" width="50" height="50"/>
  <ballskin x="256" y="317" a="0" width="25" height="25"/>
  <ballskin x="134" y="319" a="0" width="25" height="25"/>
  <ballskin x="197" y="247" a="0" width="25" height="25"/>
  <springboardskin x="444" y="335" a="0" width="51" height="10.95"/>
  <springboardskin x="475" y="288" a="0" width="51" height="10.95"/>
  <springboardskin x="510" y="246" a="0" width="51" height="10.95"/>
  <staticskin x="42" y="211" cx="29" cy="42" a="0" width="26" height="338"/>
  <staticblueskin x="163.5" y="45.5" cx="29" cy="35" a="0" width="269" height="21"/>
  <staticskin x="284.5" y="112" cx="272" cy="52" a="0" width="25" height="120"/>
  <staticblueskin x="221" y="173.5" cx="167" cy="162" a="0" width="108" height="23"/>
  <staticskin x="166.5" y="151" cx="156" cy="99" a="0" width="21" height="104"/>
  <cheeseskin x="239" y="143" a="0" width="27.05" height="22"/>
  <cheeseskin x="223" y="124" a="0" width="27.05" height="22"/>
</scene>