<scene width="740" height="380">
  <timer time="60"/>
  <creator id="731798"/>
  <bg id="7"/>
  <ground x="511" y="261" cx="548" cy="255" a="90" width="12" height="74"/>
  <ground x="627" y="288.5" cx="587" cy="280" a="0" width="80" height="17"/>
  <groundblue x="474.875" y="426.42499999999995" cx="397" cy="383" a="10" width="169.5" height="59.5"/>
  <staticblueskin x="348.5" y="348.5" cx="271" cy="327" a="0" width="155" height="43"/>
  <staticskin x="447.5" y="261.5" cx="443" cy="258" a="0" width="9" height="7"/>
  <staticskin x="416.5" y="254.5" cx="411" cy="251" a="0" width="11" height="7"/>
  <ground x="282.5" y="357" cx="269" cy="327" a="0" width="27" height="60"/>
  <ground x="370" y="333.55" cx="270" cy="328" a="0" width="200" height="11.1"/>
  <littlemouse x="403" y="66" a="0" width="37.35" height="34.3"/>
  <tree2 x="436" y="39" a="0" width="84.85" height="100"/>
  <tree2 x="352" y="39" a="0" width="84.85" height="100"/>
  <stone x="576" y="75" a="0" width="31.25" height="22.9"/>
  <flowers2 x="528" y="408" a="0" width="60" height="33.45"/>
  <cheeseskin x="303" y="216" a="0" width="27.05" height="22"/>
  <bush x="389" y="311" a="0" width="59.4" height="32.3"/>
  <bush x="296" y="210" a="0" width="59.4" height="32.3"/>
  <bush x="722" y="47" a="0" width="59.4" height="32.3"/>
  <bush x="722" y="66" a="0" width="59.4" height="32.3"/>
  <bush x="693" y="53" a="0" width="59.4" height="32.3"/>
  <flowers1 x="97" y="136" a="0" width="60" height="58.2"/>
  <flowers1 x="120" y="112" a="0" width="60" height="58.2"/>
  <flowers1 x="130" y="139" a="0" width="60" height="58.2"/>
  <bush x="644" y="313" a="0" width="59.4" height="32.3"/>
  <ground x="461" y="137.5" cx="254" cy="86" a="0" width="414" height="103"/>
  <ground x="262" y="207.525" cx="254" cy="190" a="0" width="16" height="35.05"/>
  <minkskin x="165" y="328" a="0" width="36" height="27"/>
  <staticredskin x="129" y="380.5" cx="81" cy="372" a="0" width="96" height="17"/>
  <ground x="321" y="253.5" cx="255" cy="225" a="0" width="132" height="57"/>
  <ground x="548" y="387" cx="429" cy="327" a="0" width="238" height="120"/>
  <ground x="719" y="240" cx="694" cy="87" a="0" width="50" height="306"/>
  <ground x="680.5" y="332" cx="668" cy="281" a="0" width="25" height="102"/>
  <groundblue x="686.75" y="225.8" cx="680" cy="219" a="0" width="14.5" height="14.6"/>
  <bush x="361" y="413" a="0" width="59.4" height="32.3"/>
  <cactus x="680" y="260" a="0" width="20" height="42.55"/>
</scene>