<scene width="740" height="380">
  <timer time="120"/>
  <creator id="2527606"/>
  <bg id="5"/>
  <staticblueskin x="125.5" y="185.5" cx="120" cy="181" a="0" width="11" height="9"/>
  <staticblueskin x="164.5" y="160.5" cx="158" cy="156" a="0" width="13" height="9"/>
  <staticblueskin x="207" y="137.5" cx="201" cy="133" a="0" width="12" height="9"/>
  <staticredskin x="322.5" y="119" cx="236" cy="110" a="0" width="173" height="18"/>
  <carriervertical x="550" y="35" linewidth="50" lineheight="200" boxwidth="50" boxheight="20"/>
  <ballskin x="178" y="337" a="0" width="23.8" height="26.05"/>
  <ballskin x="398" y="341" a="0" width="23.8" height="26.05"/>
  <ballskin x="505" y="327" a="0" width="23.8" height="26.05"/>
  <groundblue x="677.25" y="328.75" cx="650" cy="322" a="0" width="55.5" height="14.5"/>
  <groundblue x="585.75" y="330.25" cx="561" cy="326" a="0" width="50.5" height="9.5"/>
  <ballskin x="577" y="315" a="0" width="23.8" height="26.05"/>
  <boxskin x="46" y="331" a="0" width="50" height="50"/>
  <littlemouse x="41" y="289" a="0" width="37.35" height="34.3"/>
  <ground x="125.075" y="360.5" cx="110" cy="355" a="0" width="30.15" height="11"/>
  <groundblue x="656.025" y="247.5" cx="639" cy="241" a="0" width="35.05" height="14"/>
  <ground x="730.05" y="291.775" cx="725" cy="286" a="0" width="10.1" height="11.55"/>
  <staticblueskin x="455.5" y="139" cx="448" cy="43" a="0" width="15" height="192"/>
  <staticredskin x="99.5" y="199.5" cx="96" cy="197" a="0" width="7" height="5"/>
  <staticredskin x="143.5" y="172" cx="140" cy="168" a="0" width="7" height="8"/>
  <staticredskin x="180.5" y="148" cx="176" cy="142" a="0" width="9" height="12"/>
  <staticredskin x="220" y="131.5" cx="216" cy="127" a="0" width="8" height="9"/>
  <springboardskin x="423" y="118" a="0" width="51" height="10.95"/>
  <cheeseskin x="29" y="224" a="0" width="27.05" height="22"/>
  <minkskin x="275" y="339" a="0" width="36" height="27"/>
  <groundblue x="370.25" y="104.35" cx="361" cy="100" a="0" width="19.5" height="9.7"/>
  <groundblue x="296.3" y="103.25" cx="288" cy="99" a="0" width="17.6" height="9.5"/>
  <bush x="455" y="27" a="0" width="59.4" height="32.3"/>
  <groundblue x="73.75" y="364.775" cx="53" cy="358" a="0" width="42.5" height="14.55"/>
  <groundblue x="327.75" y="101.3" cx="320" cy="96" a="0" width="16.5" height="11.6"/>
  <groundblue x="250.75" y="99.875" cx="243" cy="94" a="0" width="16.5" height="12.75"/>
  <groundblue x="177.25" y="364.3" cx="153" cy="359" a="0" width="49.5" height="11.6"/>
  <groundblue x="277.75" y="361.25" cx="256" cy="355" a="0" width="44.5" height="13.5"/>
  <groundblue x="390.25" y="361.8" cx="367" cy="356" a="0" width="47.5" height="12.6"/>
  <groundblue x="503.75" y="357.25" cx="481" cy="350" a="0" width="46.5" height="15.5"/>
  <staticblueskin x="330" y="252" cx="21" cy="236" a="0" width="618" height="32"/>
  <staticblueskin x="80.5" y="214.5" cx="75" cy="210" a="0" width="11" height="9"/>
</scene>