<scene width="740" height="380">
  <timer time="120"/>
  <creator id="3009091"/>
  <bg id="4"/>
  <minkskin x="25" y="324" a="0" width="36" height="27"/>
  <springboardskin x="367" y="142" a="0" width="51" height="10.95"/>
  <springboardskin x="363" y="254" a="0" width="51" height="10.95"/>
  <springboardskin x="463" y="195" a="0" width="51" height="10.95"/>
  <springboardskin x="281" y="202" a="0" width="51" height="10.95"/>
  <carriervertical x="676" y="110" linewidth="50" lineheight="200" boxwidth="50" boxheight="20"/>
  <staticredskin x="594.5" y="159.5" cx="582" cy="152" a="0" width="25" height="15"/>
  <staticredskin x="544.5" y="194.5" cx="531" cy="189" a="0" width="27" height="11"/>
  <staticblueskin x="125" y="84" cx="19" cy="79" a="0" width="212" height="10"/>
  <groundred x="23.65" y="245.5" cx="15" cy="217" a="0" width="18.3" height="58"/>
  <groundred x="77.525" y="324" cx="66" cy="294" a="0" width="24.05" height="61"/>
  <groundblue x="429" y="338.5" cx="119" cy="328" a="0" width="621" height="22"/>
  <cheeseskin x="43" y="67" a="0" width="27.05" height="22"/>
  <boxskin x="43" y="28" a="0" width="50" height="50"/>
  <ballskin x="514" y="71" a="0" width="25" height="25"/>
  <ballskin x="472" y="70" a="0" width="25" height="25"/>
  <ballskin x="550" y="67" a="0" width="25" height="25"/>
  <ballskin x="523" y="113" a="0" width="25" height="25"/>
  <ballskin x="486" y="117" a="0" width="25" height="25"/>
  <ballskin x="505" y="152" a="0" width="25" height="25"/>
  <springboardskin x="178" y="319" a="0" width="51" height="10.95"/>
  <springboardskin x="126" y="251" a="0" width="51" height="10.95"/>
  <springboardskin x="231" y="258" a="0" width="51" height="10.95"/>
  <springboardskin x="443" y="304" a="0" width="51" height="10.95"/>
  <springboardskin x="610" y="262" a="0" width="51" height="10.95"/>
  <springboardskin x="346" y="54" a="0" width="51" height="10.95"/>
  <springboardskin x="246" y="127" a="0" width="51" height="10.95"/>
  <springboardskin x="138" y="176" a="0" width="51" height="10.95"/>
  <cheeseskin x="368" y="204" a="0" width="27.05" height="22"/>
  <littlemouse x="675" y="59" a="0" width="37.35" height="34.3"/>
</scene>