<scene width="740" height="380">
  <timer time="80"/>
  <creator id="1994116"/>
  <bg id="5"/>
  <heavyboxskin x="570" y="76" a="0" width="41" height="22"/>
  <heavyboxskin x="568" y="18" a="0" width="41" height="22"/>
  <staticblueskin x="325" y="135" cx="93" cy="129" a="0" width="464" height="12"/>
  <staticblueskin x="179.5" y="182" cx="-1" cy="176" a="0" width="361" height="12"/>
  <staticblueskin x="464" y="172.5" cx="403" cy="168" a="0" width="122" height="9"/>
  <staticblueskin x="456.5" y="212.5" cx="347" cy="210" a="0" width="219" height="5"/>
  <staticblueskin x="608.5" y="186" cx="567" cy="182" a="0" width="83" height="8"/>
  <staticblueskin x="649" y="153.5" cx="608" cy="151" a="0" width="82" height="5"/>
  <staticblueskin x="769.5" y="356.5" cx="735" cy="-6" a="0" width="69" height="725"/>
  <staticblueskin x="683.5" y="230" cx="681" cy="161" a="0" width="5" height="138"/>
  <tree x="650" y="314" a="0" width="78.35" height="100"/>
  <flowers1 x="24" y="353" a="0" width="60" height="58.2"/>
  <flowers1 x="30" y="274" a="0" width="60" height="58.2"/>
  <cheeseskin x="704" y="20" a="0" width="27.05" height="22"/>
  <cheeseskin x="704" y="74" a="0" width="27.05" height="22"/>
  <staticblueskin x="222" y="232.5" cx="129" cy="228" a="0" width="186" height="9"/>
  <staticblueskin x="607" y="374" cx="421" cy="364" a="0" width="372" height="20"/>
  <staticblueskin x="526.5" y="339" cx="430" cy="336" a="0" width="193" height="6"/>
  <staticblueskin x="490.5" y="299" cx="415" cy="295" a="0" width="151" height="8"/>
  <staticblueskin x="605.5" y="236" cx="600" cy="191" a="0" width="11" height="90"/>
  <staticblueskin x="456.5" y="272.5" cx="392" cy="270" a="0" width="129" height="5"/>
  <staticblueskin x="560.5" y="236.5" cx="556" cy="225" a="0" width="9" height="23"/>
  <staticblueskin x="80.5" y="298" cx="1" cy="295" a="0" width="159" height="6"/>
  <staticblueskin x="239" y="256" cx="66" cy="251" a="0" width="346" height="10"/>
  <staticblueskin x="154.5" y="315" cx="70" cy="311" a="0" width="169" height="8"/>
  <staticblueskin x="271" y="330" cx="225" cy="327" a="0" width="92" height="6"/>
  <staticblueskin x="325.5" y="322" cx="299" cy="318" a="0" width="53" height="8"/>
  <staticblueskin x="407.5" y="304.5" cx="403" cy="277" a="0" width="9" height="55"/>
  <staticblueskin x="378.5" y="375.5" cx="360" cy="372" a="0" width="37" height="7"/>
  <carrierhorizontal x="54" y="374" linewidth="300" lineheight="20" boxwidth="50" boxheight="20"/>
  <staticredskin x="25" y="375" cx="7" cy="371" a="0" width="36" height="8"/>
  <cheeseskin x="25" y="349" a="0" width="27.05" height="22"/>
  <littlemouse x="34" y="52" a="0" width="37.35" height="34.3"/>
  <staticblueskin x="77" y="-31" cx="73" cy="-96" a="0" width="8" height="130"/>
  <minkskin x="26" y="20" a="0" width="36" height="27"/>
  <groundred x="785.25" y="383.75" cx="695" cy="362" a="0" width="181.5" height="44.5"/>
  <staticblueskin x="122" y="78" cx="-1" cy="73" a="0" width="246" height="10"/>
  <staticblueskin x="-10" y="367" cx="-22" cy="-7" a="0" width="24" height="748"/>
  <staticblueskin x="273" y="55.5" cx="143" cy="51" a="0" width="260" height="9"/>
  <staticblueskin x="453.5" y="-10" cx="-24" cy="-22" a="0" width="955" height="24"/>
  <staticblueskin x="631.5" y="96" cx="315" cy="91" a="0" width="633" height="10"/>
  <staticblueskin x="782.5" y="45.5" cx="472" cy="37" a="0" width="621" height="17"/>
  <staticblueskin x="596.5" y="98" cx="593" cy="87" a="0" width="7" height="22"/>
  <staticblueskin x="592" y="-7" cx="588" cy="-21" a="0" width="8" height="28"/>
</scene>