<scene width="740" height="380">
  <timer time="60"/>
  <creator id="2362666"/>
  <bg id="1"/>
  <staticblueskin x="562.5" y="37.5" cx="448" cy="34" a="0" width="229" height="7"/>
  <staticblueskin x="552.5" y="89" cx="443" cy="84" a="0" width="219" height="10"/>
  <staticblueskin x="697" y="177" cx="692" cy="47" a="0" width="10" height="260"/>
  <staticblueskin x="603" y="185" cx="599" cy="162" a="0" width="8" height="46"/>
  <staticblueskin x="591.5" y="257.5" cx="536" cy="251" a="0" width="111" height="13"/>
  <staticredskin x="40.7" y="295.625" cx="17" cy="267" a="45" width="74" height="7"/>
  <staticredskin x="189.4" y="195.10000000000002" cx="220" cy="174" a="140" width="74" height="7"/>
  <staticblueskin x="656.5" y="173" cx="651" cy="89" a="0" width="11" height="168"/>
  <staticblueskin x="624.5" y="305.5" cx="514" cy="301" a="0" width="221" height="9"/>
  <staticblueskin x="476.5" y="211" cx="472" cy="112" a="0" width="9" height="198"/>
  <staticblueskin x="555" y="111" cx="479" cy="106" a="0" width="152" height="10"/>
  <staticblueskin x="638.5" y="179" cx="633" cy="110" a="0" width="11" height="138"/>
  <staticblueskin x="565" y="156" cx="521" cy="151" a="0" width="88" height="10"/>
  <staticredskin x="499" y="308" cx="486" cy="305" a="0" width="26" height="6"/>
  <staticblueskin x="530.5" y="213.5" cx="526" cy="167" a="0" width="9" height="93"/>
  <staticblueskin x="590" y="214.5" cx="573" cy="210" a="0" width="34" height="9"/>
  <minkskin x="563" y="178" a="0" width="36" height="27"/>
  <flowers2 x="288" y="99" a="0" width="60" height="33.45"/>
  <flowers1 x="397" y="61" a="0" width="60" height="58.2"/>
  <bush x="381" y="155" a="0" width="59.4" height="32.3"/>
  <flowers2 x="377" y="240" a="0" width="60" height="33.45"/>
  <flowers1 x="280" y="193" a="0" width="60" height="58.2"/>
  <bush x="265" y="290" a="0" width="59.4" height="32.3"/>
  <cactus x="553" y="416" a="0" width="20" height="42.55"/>
  <flowers2 x="96" y="77" a="0" width="60" height="33.45"/>
  <flowers1 x="719" y="349" a="0" width="60" height="58.2"/>
  <bush x="25" y="349" a="0" width="59.4" height="32.3"/>
  <littlemouse x="63" y="351" a="0" width="37.35" height="34.3"/>
  <staticblueskin x="165.5" y="324" cx="-13" cy="321" a="0" width="357" height="6"/>
  <staticskin x="30.5" y="370" cx="-24" cy="366" a="0" width="109" height="8"/>
  <staticblueskin x="585" y="323.5" cx="436" cy="320" a="0" width="298" height="7"/>
  <staticskin x="716.5" y="369" cx="694" cy="366" a="0" width="45" height="6"/>
  <carrierhorizontal x="89" y="369" linewidth="600" lineheight="20" boxwidth="50" boxheight="20"/>
  <staticblueskin x="310.5" y="16.5" cx="1" cy="9" a="0" width="619" height="15"/>
  <staticblueskin x="668.5" y="16.5" cx="594" cy="10" a="0" width="149" height="13"/>
  <staticblueskin x="7.5" y="174.5" cx="2" cy="23" a="0" width="11" height="303"/>
  <staticblueskin x="724.5" y="172.5" cx="720" cy="30" a="0" width="9" height="285"/>
  <staticblueskin x="521" y="219" cx="518" cy="177" a="0" width="6" height="84"/>
  <staticblueskin x="521" y="165" cx="518" cy="153" a="0" width="6" height="24"/>
  <staticblueskin x="219" y="96" cx="216" cy="19" a="0" width="6" height="154"/>
  <staticblueskin x="57" y="157" cx="15" cy="152" a="0" width="84" height="10"/>
  <staticblueskin x="95.5" y="124.5" cx="91" cy="88" a="0" width="9" height="73"/>
  <cheeseskin x="57" y="126" a="0" width="27.05" height="22"/>
  <springboardskin x="55" y="147" a="0" width="51" height="10.95"/>
  <staticblueskin x="366" y="264" cx="308" cy="258" a="0" width="116" height="12"/>
  <staticblueskin x="263.5" y="316.5" cx="242" cy="306" a="0" width="43" height="21"/>
  <staticblueskin x="278" y="217" cx="234" cy="211" a="0" width="88" height="12"/>
  <staticblueskin x="447" y="216.5" cx="441" cy="111" a="0" width="12" height="211"/>
  <staticblueskin x="382.5" y="175.5" cx="343" cy="170" a="0" width="79" height="11"/>
  <staticblueskin x="290.5" y="124" cx="253" cy="117" a="0" width="75" height="14"/>
  <staticblueskin x="399" y="85.5" cx="366" cy="78" a="0" width="66" height="15"/>
</scene>