<scene width="740" height="380">
  <timer time="60"/>
  <creator id="2765087"/>
  <bg id="1"/>
  <tree2 x="86" y="121" a="0" width="84.85" height="100"/>
  <cheeseskin x="683" y="36" a="0" width="27.05" height="22"/>
  <flowers1 x="682" y="47" a="0" width="60" height="58.2"/>
  <staticredskin x="156.5" y="276" cx="154" cy="213" a="0" width="5" height="126"/>
  <staticredskin x="374.5" y="343.5" cx="151" cy="340" a="0" width="447" height="7"/>
  <staticredskin x="241" y="249" cx="238" cy="208" a="0" width="6" height="82"/>
  <staticredskin x="292" y="289.5" cx="203" cy="286" a="0" width="178" height="7"/>
  <staticredskin x="376.5" y="248" cx="371" cy="207" a="0" width="11" height="82"/>
  <staticredskin x="414.5" y="222" cx="375" cy="218" a="0" width="79" height="8"/>
  <staticredskin x="462" y="246.5" cx="456" cy="204" a="0" width="12" height="85"/>
  <staticredskin x="543" y="295" cx="447" cy="291" a="0" width="192" height="8"/>
  <minkskin x="602" y="338" a="0" width="36" height="27"/>
  <bush x="563" y="365" a="0" width="59.4" height="32.3"/>
  <bush x="700" y="362" a="0" width="59.4" height="32.3"/>
  <staticredskin x="599" y="152.5" cx="594" cy="150" a="0" width="10" height="5"/>
  <tree2 x="658" y="329" a="0" width="84.85" height="100"/>
  <tree x="47" y="329" a="0" width="78.35" height="100"/>
  <cactus x="298" y="276" a="0" width="20" height="42.55"/>
  <bush x="522" y="278" a="0" width="59.4" height="32.3"/>
  <flowers1 x="422" y="202" a="0" width="60" height="58.2"/>
  <staticredskin x="407" y="336" cx="403" cy="329" a="0" width="8" height="14"/>
  <littlemouse x="85" y="155" a="0" width="37.35" height="34.3"/>
  <cheeseskin x="28" y="364" a="0" width="27.05" height="22"/>
  <bush x="311" y="364" a="0" width="59.4" height="32.3"/>
  <staticblueskin x="208.5" y="288" cx="192" cy="284" a="0" width="33" height="8"/>
  <staticblueskin x="116" y="177" cx="74" cy="170" a="0" width="84" height="14"/>
  <staticblueskin x="241.5" y="171" cx="223" cy="168" a="0" width="37" height="6"/>
  <staticblueskin x="286.5" y="147.5" cx="273" cy="145" a="0" width="27" height="5"/>
  <staticblueskin x="345.5" y="130.5" cx="333" cy="128" a="0" width="25" height="5"/>
  <staticblueskin x="398.5" y="112" cx="386" cy="109" a="0" width="25" height="6"/>
  <bush x="240" y="167" a="0" width="59.4" height="32.3"/>
  <staticblueskin x="176.5" y="219" cx="171" cy="214" a="0" width="11" height="10"/>
  <staticblueskin x="210" y="256" cx="203" cy="251" a="0" width="14" height="10"/>
  <staticblueskin x="205" y="179.5" cx="199" cy="138" a="0" width="12" height="83"/>
  <staticblueskin x="431.5" y="124.5" cx="428" cy="87" a="0" width="7" height="75"/>
  <staticblueskin x="619.5" y="105" cx="615" cy="69" a="0" width="9" height="72"/>
  <staticblueskin x="722.5" y="162.5" cx="717" cy="44" a="0" width="11" height="237"/>
  <bush x="284" y="139" a="0" width="59.4" height="32.3"/>
  <bush x="339" y="118" a="0" width="59.4" height="32.3"/>
  <bush x="401" y="100" a="0" width="59.4" height="32.3"/>
  <staticblueskin x="464.5" y="144.5" cx="433" cy="142" a="0" width="63" height="5"/>
  <staticblueskin x="547" y="145" cx="516" cy="142" a="0" width="62" height="6"/>
  <staticblueskin x="626.5" y="142" cx="605" cy="139" a="0" width="43" height="6"/>
  <staticblueskin x="681" y="61.5" cx="662" cy="55" a="0" width="38" height="13"/>
  <staticredskin x="647.5" y="121.5" cx="643" cy="119" a="0" width="9" height="5"/>
  <bush x="489" y="130" a="0" width="59.4" height="32.3"/>
  <bush x="564" y="130" a="0" width="59.4" height="32.3"/>
  <bush x="627" y="128" a="0" width="59.4" height="32.3"/>
</scene>