<scene width="740" height="1200">
  <timer time="180"/>
  <creator id="2563366"/>
  <bg id="6"/>
  <staticredskin x="571" y="211.5" cx="564" cy="112" a="0" width="14" height="199"/>
  <staticredskin x="670.95" y="185.05" cx="696" cy="36" a="12" width="13" height="302"/>
  <staticskin x="609.5" y="357.5" cx="492" cy="352" a="0" width="235" height="11"/>
  <cheeseskin x="679" y="307" a="0" width="27.05" height="22"/>
  <cheeseskin x="677" y="269" a="0" width="27.05" height="22"/>
  <cheeseskin x="684" y="233" a="0" width="27.05" height="22"/>
  <staticskin x="7" y="185" cx="0" cy="-1" a="0" width="14" height="372"/>
  <staticskin x="261.5" y="103.5" cx="24" cy="98" a="0" width="475" height="11"/>
  <staticblueskin x="262.5" y="7.5" cx="21" cy="0" a="0" width="483" height="15"/>
  <staticskin x="181.5" y="304" cx="176" cy="232" a="0" width="11" height="144"/>
  <staticblueskin x="233" y="272.5" cx="229" cy="199" a="0" width="8" height="147"/>
  <staticskin x="276" y="233.5" cx="270" cy="151" a="0" width="12" height="165"/>
  <staticblueskin x="313.5" y="268" cx="308" cy="192" a="0" width="11" height="152"/>
  <staticskin x="378.5" y="300.5" cx="373" cy="225" a="0" width="11" height="151"/>
  <staticredskin x="434" y="299.5" cx="430" cy="290" a="0" width="8" height="19"/>
  <lpointer x="518" y="330" a="0" width="40" height="33.7"/>
  <rpointer x="413" y="339" a="0" width="40" height="33.7"/>
  <staticblueskin x="504.85" y="228.85" cx="514" cy="207" a="30" width="6" height="47"/>
  <staticblueskin x="491.5" y="230" cx="489" cy="215" a="0" width="5" height="30"/>
  <staticblueskin x="506.5" y="247.5" cx="492" cy="245" a="0" width="29" height="5"/>
  <staticblueskin x="598.7" y="706.725" cx="738" cy="554" a="45" width="19" height="413"/>
  <cheeseskin x="653" y="567" a="0" width="27.05" height="22"/>
  <cheeseskin x="576" y="640" a="0" width="27.05" height="22"/>
  <cheeseskin x="473" y="652" a="0" width="27.05" height="22"/>
  <staticblueskin x="127.60000000000001" y="741.0999999999999" cx="263" cy="924" a="145" width="12" height="455"/>
  <tree x="706" y="683" a="0" width="78.35" height="100"/>
  <staticskin x="272" y="941.5" cx="263" cy="931" a="0" width="18" height="21"/>
  <staticskin x="442" y="847" cx="350" cy="841" a="0" width="184" height="12"/>
  <staticskin x="360" y="963.5" cx="261" cy="960" a="0" width="198" height="7"/>
  <cheeseskin x="156" y="722" a="0" width="27.05" height="22"/>
  <cheeseskin x="215" y="796" a="0" width="27.05" height="22"/>
  <cheeseskin x="52" y="53" a="0" width="27.05" height="22"/>
  <cheeseskin x="106" y="49" a="0" width="27.05" height="22"/>
  <rpointer x="277" y="133" a="0" width="40" height="33.7"/>
  <staticskin x="722.5" y="41" cx="711" cy="36" a="0" width="23" height="10"/>
  <staticskin x="232" y="346.5" cx="220" cy="343" a="0" width="24" height="7"/>
  <staticskin x="313" y="344.5" cx="302" cy="341" a="0" width="22" height="7"/>
  <flowers2 x="466" y="81" a="0" width="60" height="33.45"/>
  <heavyboxskin x="321" y="330" a="0" width="41" height="22"/>
  <ballskin x="230" y="333" a="0" width="23.8" height="26.05"/>
  <bush x="192" y="81" a="0" width="59.4" height="32.3"/>
  <cactus x="608" y="330" a="0" width="20" height="42.55"/>
  <tree2 x="715" y="300" a="0" width="84.85" height="100"/>
  <cheeseskin x="185" y="39" a="0" width="27.05" height="22"/>
  <staticblueskin x="485.5" y="964.5" cx="480" cy="962" a="0" width="11" height="5"/>
  <carrierhorizontal x="583" y="1227" linewidth="300" lineheight="20" boxwidth="50" boxheight="20"/>
  <carrierhorizontal x="609" y="1221" linewidth="300" lineheight="20" boxwidth="50" boxheight="20"/>
  <carriervertical x="533" y="956" linewidth="50" lineheight="200" boxwidth="50" boxheight="20"/>
  <carrierhorizontal x="71" y="1172" linewidth="300" lineheight="20" boxwidth="50" boxheight="20"/>
  <staticblueskin x="452" y="1172" cx="396" cy="1168" a="0" width="112" height="8"/>
  <staticskin x="394.5" y="1167" cx="392" cy="1158" a="0" width="5" height="18"/>
  <staticskin x="508.5" y="1164.5" cx="506" cy="1155" a="0" width="5" height="19"/>
  <staticredskin x="451.5" y="1169.5" cx="445" cy="1163" a="0" width="13" height="13"/>
  <staticredskin x="335" y="1061" cx="321" cy="1053" a="0" width="28" height="16"/>
  <staticredskin x="218.5" y="1053.5" cx="186" cy="1045" a="0" width="65" height="17"/>
  <staticredskin x="31" y="1043.5" cx="17" cy="1030" a="0" width="28" height="27"/>
  <staticskin x="154.5" y="1120" cx="116" cy="1115" a="0" width="77" height="10"/>
  <staticskin x="39.5" y="1138" cx="10" cy="1134" a="0" width="59" height="8"/>
  <staticblueskin x="55" y="1073.5" cx="13" cy="1068" a="0" width="84" height="11"/>
  <staticskin x="55.5" y="1058.5" cx="50" cy="1053" a="0" width="11" height="11"/>
  <staticblueskin x="173" y="1069.5" cx="160" cy="1064" a="0" width="26" height="11"/>
  <staticskin x="86.5" y="887" cx="4" cy="882" a="0" width="165" height="10"/>
  <staticskin x="26.5" y="741.5" cx="19" cy="606" a="0" width="15" height="271"/>
  <staticblueskin x="91.2" y="746.45" cx="105" cy="727" a="45" width="8" height="47"/>
  <staticblueskin x="48.8" y="787" cx="67" cy="806" a="145" width="8" height="52"/>
  <staticskin x="154" y="834" cx="109" cy="830" a="0" width="90" height="8"/>
  <staticskin x="169.5" y="273" cx="158" cy="269" a="0" width="23" height="8"/>
  <staticskin x="221.5" y="862" cx="205" cy="858" a="0" width="33" height="8"/>
  <staticskin x="55.975" y="327.375" cx="69" cy="339" a="145" width="8" height="34"/>
  <staticskin x="137.275" y="324.375" cx="144" cy="312" a="45" width="8" height="27"/>
  <staticskin x="93.5" y="335" cx="57" cy="330" a="0" width="73" height="10"/>
  <springboardskin x="96" y="332" a="0" width="51" height="10.95"/>
  <littlemouse x="102" y="297" a="0" width="37.35" height="34.3"/>
  <minkskin x="62" y="695" a="45" width="36" height="27"/>
</scene>