<scene width="740" height="380">
  <timer time="40"/>
  <creator id="2928211"/>
  <bg id="3"/>
  <heavyboxskin x="61" y="217" a="0" width="41" height="22"/>
  <heavyboxskin x="169" y="333" a="0" width="41" height="22"/>
  <heavyboxskin x="21" y="217" a="0" width="41" height="22"/>
  <minkskin x="39" y="290" a="0" width="36" height="27"/>
  <cheeseskin x="638" y="95" a="0" width="27.05" height="22"/>
  <staticblueskin x="128.5" y="66" cx="0" cy="62" a="0" width="257" height="8"/>
  <staticblueskin x="211" y="123" cx="87" cy="117" a="0" width="248" height="12"/>
  <staticblueskin x="366" y="366" cx="-3" cy="345" a="0" width="738" height="42"/>
  <staticblueskin x="41" y="236" cx="-1" cy="231" a="0" width="84" height="10"/>
  <staticblueskin x="101.5" y="323.5" cx="94" cy="300" a="0" width="15" height="47"/>
  <staticblueskin x="115.5" y="188" cx="-10" cy="177" a="0" width="251" height="22"/>
  <staticblueskin x="230.5" y="248" cx="221" cy="203" a="0" width="19" height="90"/>
  <littlemouse x="70" y="41" a="0" width="37.35" height="34.3"/>
  <carriervertical x="638" y="126" linewidth="50" lineheight="200" boxwidth="50" boxheight="20"/>
  <staticblueskin x="538" y="174.5" cx="532" cy="58" a="0" width="12" height="233"/>
  <staticblueskin x="343.5" y="138" cx="336" cy="5" a="0" width="15" height="266"/>
  <staticblueskin x="411.5" y="262.5" cx="353" cy="254" a="0" width="117" height="17"/>
  <springboardskin x="508" y="339" a="0" width="51" height="10.95"/>
  <staticblueskin x="485.5" y="195" cx="440" cy="187" a="0" width="91" height="16"/>
  <staticblueskin x="398.5" y="129.5" cx="354" cy="121" a="0" width="89" height="17"/>
  <staticblueskin x="493" y="66.5" cx="457" cy="58" a="0" width="72" height="17"/>
  <bush x="500" y="171" a="0" width="59.4" height="32.3"/>
  <bush x="380" y="238" a="0" width="59.4" height="32.3"/>
  <bush x="378" y="103" a="0" width="59.4" height="32.3"/>
  <bush x="524" y="41" a="0" width="59.4" height="32.3"/>
  <ballskin x="15" y="165" a="0" width="23.8" height="26.05"/>
  <ballskin x="317" y="100" a="0" width="23.8" height="26.05"/>
  <flowers1 x="555" y="406" a="0" width="60" height="58.2"/>
  <heavyboxskin x="129" y="332" a="0" width="41" height="22"/>
</scene>