<scene width="740" height="380">
  <timer time="60"/>
  <creator id="2939962"/>
  <bg id="1"/>
  <littlemouse x="62" y="44" a="0" width="37.35" height="34.3"/>
  <cactus x="20" y="317" a="0" width="20" height="42.55"/>
  <tree x="190" y="53" a="0" width="78.35" height="100"/>
  <tree2 x="10" y="117" a="0" width="84.85" height="100"/>
  <flowers2 x="189" y="195" a="0" width="60" height="33.45"/>
  <flowers1 x="138" y="255" a="0" width="60" height="58.2"/>
  <groundblue x="672.275" y="396.25" cx="603" cy="360" a="0" width="139.55" height="73.5"/>
  <cheeseskin x="726" y="351" a="0" width="27.05" height="22"/>
  <carriervertical x="271" y="147" linewidth="50" lineheight="200" boxwidth="50" boxheight="20"/>
  <ground x="314" y="295.5" cx="304" cy="201" a="0" width="20" height="189"/>
  <ground x="610.5" y="228" cx="604" cy="98" a="0" width="13" height="260"/>
  <groundblue x="692.75" y="312.25" cx="649" cy="304" a="0" width="88.5" height="17.5"/>
  <ground x="662" y="263" cx="618" cy="253" a="0" width="88" height="20"/>
  <groundblue x="694.75" y="203.25" cx="652" cy="193" a="0" width="86.5" height="21.5"/>
  <ground x="659" y="144.525" cx="616" cy="135" a="0" width="86" height="19.05"/>
  <carrierhorizontal x="327" y="357" linewidth="300" lineheight="20" boxwidth="50" boxheight="20"/>
  <springboardskin x="521" y="313" a="0" width="51" height="10.95"/>
  <springboardskin x="582" y="196" a="0" width="51" height="10.95"/>
  <boxskin x="641" y="111" a="0" width="50" height="50"/>
  <rpointer x="325" y="52" a="0" width="40" height="33.7"/>
  <minkskin x="33" y="43" a="0" width="36" height="27"/>
  <ground x="77.5" y="66.5" cx="2" cy="61" a="0" width="151" height="11"/>
  <ground x="217.5" y="49" cx="209" cy="-155" a="0" width="17" height="408"/>
  <groundblue x="112.25" y="363.75" cx="-4" cy="347" a="0" width="233.5" height="34.5"/>
  <groundred x="114.75" y="342.25" cx="-1" cy="335" a="0" width="232.5" height="15.5"/>
  <groundblue x="125.75" y="107.75" cx="44" cy="102" a="0" width="164.5" height="12.5"/>
  <groundred x="79.75" y="162.3" cx="2" cy="157" a="0" width="156.5" height="11.6"/>
  <ground x="129" y="216" cx="48" cy="209" a="0" width="162" height="14"/>
  <ground x="54.5" y="249.05" cx="48" cy="221" a="0" width="13" height="56.1"/>
  <ground x="113.5" y="273.05" cx="61" cy="268" a="0" width="105" height="10.1"/>
  <cheeseskin x="100" y="243" a="0" width="27.05" height="22"/>
  <ground x="313.5" y="228.5" cx="302" cy="66" a="0" width="23" height="325"/>
  <springboardskin x="230" y="117" a="0" width="51" height="10.95"/>
  <groundblue x="79.5" y="171" cx="1" cy="167" a="0" width="157" height="8"/>
  <groundred x="186.5" y="234.525" cx="165" cy="223" a="0" width="43" height="23.05"/>
</scene>