<scene width="740" height="380">
  <timer time="120"/>
  <creator id="2717336"/>
  <bg id="7"/>
  <tree2 x="612" y="328" a="0" width="84.85" height="100"/>
  <tree x="173" y="327" a="0" width="78.35" height="100"/>
  <staticskin x="183.5" y="173.5" cx="164" cy="168" a="0" width="39" height="11"/>
  <staticskin x="81" y="128" cx="34" cy="122" a="0" width="94" height="12"/>
  <cheeseskin x="74" y="111" a="0" width="27.05" height="22"/>
  <littlemouse x="113" y="240" a="0" width="37.35" height="34.3"/>
  <staticskin x="138.5" y="256.5" cx="81" cy="252" a="0" width="115" height="9"/>
  <staticblueskin x="278.5" y="300.5" cx="255" cy="297" a="0" width="47" height="7"/>
  <staticskin x="388.5" y="323" cx="357" cy="319" a="0" width="63" height="8"/>
  <staticredskin x="516.5" y="282.5" cx="494" cy="279" a="0" width="45" height="7"/>
  <staticskin x="592" y="189.5" cx="573" cy="185" a="0" width="38" height="9"/>
  <staticskin x="687" y="91.5" cx="659" cy="86" a="0" width="56" height="11"/>
  <minkskin x="687" y="71" a="0" width="36" height="27"/>
  <stone x="279" y="286" a="0" width="31.25" height="22.9"/>
  <staticskin x="280" y="202" cx="244" cy="196" a="0" width="72" height="12"/>
  <staticskin x="417" y="258" cx="390" cy="253" a="0" width="54" height="10"/>
  <staticskin x="634" y="142.5" cx="626" cy="138" a="0" width="16" height="9"/>
  <ballskin x="272" y="81" a="0" width="23.8" height="26.05"/>
  <ballskin x="305" y="82" a="0" width="23.8" height="26.05"/>
</scene>