<scene width="740" height="380">
  <timer time="60"/>
  <creator id="2859264"/>
  <bg id="0"/>
  <staticblueskin x="25.5" y="189.5" cx="9" cy="6" a="0" width="33" height="367"/>
  <staticblueskin x="83.5" y="66" cx="41" cy="60" a="0" width="85" height="12"/>
  <staticblueskin x="170.5" y="134.5" cx="121" cy="126" a="0" width="99" height="17"/>
  <staticblueskin x="88" y="221" cx="42" cy="218" a="0" width="92" height="6"/>
  <staticblueskin x="172.5" y="315.5" cx="123" cy="308" a="0" width="99" height="15"/>
  <staticblueskin x="383.5" y="366" cx="34" cy="360" a="0" width="699" height="12"/>
  <staticblueskin x="304.5" y="150.5" cx="292" cy="-8" a="0" width="25" height="317"/>
  <groundblue x="397.5" y="65" cx="279" cy="60" a="0" width="237" height="10"/>
  <cheeseskin x="358" y="29" a="0" width="27.05" height="22"/>
  <groundblue x="420.5" y="123.55" cx="271" cy="117" a="0" width="299" height="13.1"/>
  <cheeseskin x="355" y="94" a="0" width="27.05" height="22"/>
  <groundblue x="430" y="182.1" cx="248" cy="175" a="0" width="364" height="14.2"/>
  <groundblue x="450.5" y="228.05" cx="265" cy="223" a="0" width="371" height="10.1"/>
  <groundblue x="671.1" y="311" cx="659" cy="307" a="0" width="24.2" height="8"/>
  <staticblueskin x="696" y="278.5" cx="681" cy="274" a="0" width="30" height="9"/>
  <ground x="675.05" y="229" cx="661" cy="225" a="0" width="28.1" height="8"/>
  <staticblueskin x="723.5" y="278" cx="715" cy="273" a="0" width="17" height="10"/>
  <tree x="391" y="304" a="0" width="78.35" height="100"/>
  <ground x="664.5" y="176.325" cx="652" cy="171" a="0" width="25" height="10.65"/>
  <ground x="709.025" y="139.6" cx="694" cy="131" a="0" width="30.05" height="17.2"/>
  <minkskin x="703" y="61" a="0" width="36" height="27"/>
  <littlemouse x="88" y="30" a="0" width="37.35" height="34.3"/>
</scene>