<scene width="740" height="380">
  <timer time="60"/>
  <creator id="2057964"/>
  <bg id="10"/>
  <ballskin x="209" y="342" a="0" width="25" height="25"/>
  <ballskin x="198" y="178" a="0" width="25" height="25"/>
  <ballskin x="119" y="177" a="0" width="25" height="25"/>
  <ballskin x="284" y="174" a="0" width="25" height="25"/>
  <ballskin x="41" y="176" a="0" width="25" height="25"/>
  <ballskin x="552" y="174" a="0" width="25" height="25"/>
  <staticredskin x="144" y="174.5" cx="139" cy="96" a="0" width="10" height="157"/>
  <staticredskin x="695" y="367" cx="663" cy="362" a="0" width="64" height="10"/>
  <staticblueskin x="152.5" y="23" cx="103" cy="20" a="0" width="99" height="6"/>
  <staticblueskin x="289.5" y="189" cx="237" cy="186" a="0" width="105" height="6"/>
  <staticblueskin x="501" y="24" cx="451" cy="21" a="0" width="100" height="6"/>
  <staticblueskin x="616" y="187" cx="569" cy="184" a="0" width="94" height="6"/>
  <groundblue x="614" y="352.5" cx="592" cy="340" a="0" width="45" height="26"/>
  <ballskin x="94" y="178" a="0" width="25" height="25"/>
  <ballskin x="182" y="345" a="0" width="25" height="25"/>
  <ballskin x="655" y="352" a="0" width="25" height="25"/>
  <staticredskin x="321.5" y="198.5" cx="-3" cy="194" a="0" width="649" height="9"/>
  <staticredskin x="4.5" y="148.5" cx="-2" cy="-7" a="0" width="13" height="311"/>
  <staticredskin x="734" y="225.5" cx="729" cy="67" a="0" width="10" height="317"/>
  <staticredskin x="330.5" y="367" cx="5" cy="362" a="0" width="651" height="10"/>
  <ballskin x="148" y="347" a="0" width="25" height="25"/>
  <ballskin x="301" y="345" a="0" width="25" height="25"/>
  <ballskin x="448" y="348" a="0" width="25" height="25"/>
  <ballskin x="569" y="348" a="0" width="25" height="25"/>
  <littlemouse x="89" y="323" a="0" width="37.35" height="34.3"/>
  <minkskin x="57" y="35" a="0" width="36" height="27"/>
  <cheeseskin x="370" y="35" a="0" width="27.05" height="22"/>
  <staticredskin x="374.5" y="12.5" cx="19" cy="8" a="0" width="711" height="9"/>
  <ballskin x="70" y="176" a="0" width="25" height="25"/>
  <ballskin x="169" y="179" a="0" width="25" height="25"/>
  <ballskin x="510" y="347" a="0" width="25" height="25"/>
  <ballskin x="384" y="179" a="0" width="25" height="25"/>
  <ballskin x="417" y="179" a="0" width="25" height="25"/>
  <ballskin x="483" y="175" a="0" width="25" height="25"/>
  <ballskin x="450" y="176" a="0" width="25" height="25"/>
  <ballskin x="479" y="346" a="0" width="25" height="25"/>
  <ballskin x="517" y="174" a="0" width="25" height="25"/>
  <groundblue x="369" y="349.025" cx="341" cy="338" a="0" width="57" height="23.05"/>
  <groundblue x="82.5" y="349" cx="55" cy="337" a="0" width="56" height="25"/>
  <ballskin x="538" y="348" a="0" width="25" height="25"/>
  <ballskin x="271" y="347" a="0" width="25" height="25"/>
  <ballskin x="238" y="344" a="0" width="25" height="25"/>
  <ballskin x="413" y="347" a="0" width="25" height="25"/>
  <ballskin x="318" y="173" a="0" width="25" height="25"/>
  <ballskin x="246" y="169" a="0" width="25" height="25"/>
</scene>