<scene width="740" height="380">
  <timer time="60"/>
  <creator id="3000600"/>
  <bg id="4"/>
  <carrierhorizontal x="445" y="313" linewidth="300" lineheight="20" boxwidth="50" boxheight="20"/>
  <carrierhorizontal x="367" y="360" linewidth="300" lineheight="20" boxwidth="50" boxheight="20"/>
  <littlemouse x="697" y="353" a="0" width="37.35" height="34.3"/>
  <carrierhorizontal x="29" y="308" linewidth="300" lineheight="20" boxwidth="50" boxheight="20"/>
  <carrierhorizontal x="52" y="211" linewidth="300" lineheight="20" boxwidth="50" boxheight="20"/>
  <carrierhorizontal x="328" y="250" linewidth="300" lineheight="20" boxwidth="50" boxheight="20"/>
  <cheeseskin x="133" y="190" a="0" width="27.05" height="22"/>
  <boxskin x="96" y="350" a="0" width="50" height="50"/>
  <cheeseskin x="20" y="357" a="0" width="27.05" height="22"/>
  <staticredskin x="679.5" y="235" cx="660" cy="158" a="0" width="39" height="154"/>
  <cheeseskin x="716" y="275" a="0" width="27.05" height="22"/>
  <carrierhorizontal x="423" y="121" linewidth="300" lineheight="20" boxwidth="50" boxheight="20"/>
  <carrierhorizontal x="599" y="405" linewidth="300" lineheight="20" boxwidth="50" boxheight="20"/>
  <carrierhorizontal x="364" y="161" linewidth="300" lineheight="20" boxwidth="50" boxheight="20"/>
  <minkskin x="660" y="105" a="0" width="36" height="27"/>
</scene>