<scene width="740" height="380">
  <timer time="60"/>
  <creator id="2496026"/>
  <bg id="4"/>
  <staticskin x="526" y="2" cx="411" cy="-1" a="0" width="230" height="6"/>
  <staticskin x="563" y="109" cx="529" cy="106" a="0" width="68" height="6"/>
  <staticskin x="632" y="284" cx="613" cy="280" a="0" width="38" height="8"/>
  <staticskin x="645.5" y="24.5" cx="641" cy="4" a="0" width="9" height="41"/>
  <littlemouse x="38" y="349" a="0" width="37.35" height="34.3"/>
  <staticskin x="631.5" y="227" cx="616" cy="223" a="0" width="31" height="8"/>
  <staticskin x="553.5" y="281.5" cx="551" cy="224" a="0" width="5" height="115"/>
  <staticskin x="692" y="28" cx="689" cy="7" a="0" width="6" height="42"/>
  <staticskin x="572.5" y="258" cx="556" cy="254" a="0" width="33" height="8"/>
  <carrierhorizontal x="177" y="202" linewidth="300" lineheight="20" boxwidth="50" boxheight="20"/>
  <staticblueskin x="148" y="152.5" cx="115" cy="148" a="0" width="66" height="9"/>
  <carrierhorizontal x="233" y="99" linewidth="300" lineheight="20" boxwidth="50" boxheight="20"/>
  <staticskin x="536" y="224.5" cx="515" cy="220" a="0" width="42" height="9"/>
  <staticskin x="601.5" y="375.5" cx="563" cy="371" a="0" width="77" height="9"/>
  <staticblueskin x="52.5" y="123.5" cx="18" cy="119" a="0" width="69" height="9"/>
  <staticblueskin x="152.5" y="89" cx="117" cy="84" a="0" width="71" height="10"/>
  <cheeseskin x="160" y="73" a="0" width="27.05" height="22"/>
  <staticskin x="740" y="151" cx="733" cy="-20" a="0" width="14" height="342"/>
  <staticredskin x="665.5" y="160" cx="603" cy="156" a="0" width="125" height="8"/>
  <minkskin x="669" y="28" a="0" width="36" height="27"/>
  <staticskin x="669.5" y="7" cx="644" cy="4" a="0" width="51" height="6"/>
  <staticskin x="1.5" y="157" cx="-2" cy="-1" a="0" width="7" height="316"/>
  <staticblueskin x="279.5" y="376.5" cx="-8" cy="371" a="0" width="575" height="11"/>
  <staticskin x="651" y="278.5" cx="647" cy="185" a="0" width="8" height="187"/>
  <staticskin x="633.5" y="345" cx="618" cy="341" a="0" width="31" height="8"/>
  <staticskin x="572" y="313" cx="556" cy="310" a="0" width="32" height="6"/>
</scene>