<scene width="740" height="380">
  <timer time="60"/>
  <creator id="2924311"/>
  <bg id="8"/>
  <staticblueskin x="417.05" y="72.30000000000001" cx="95.3" cy="68.2" a="0" width="643.5" height="8.2"/>
  <staticblueskin x="31.75" y="31.150000000000002" cx="25.9" cy="-1.2" a="0" width="11.7" height="64.7"/>
  <ground x="365.87500000000006" y="367.05" cx="43.55" cy="355.3" a="0" width="644.65" height="23.5"/>
  <tree2 x="299.85" y="25.4" a="0" width="84.85" height="100"/>
  <boxskin x="661.25" y="329.7" a="0" width="50" height="50"/>
  <ballskin x="596.5" y="40" a="0" width="25" height="25"/>
  <ballskin x="543.55" y="48.2" a="0" width="25" height="25"/>
  <ballskin x="484.7" y="36.45" a="0" width="25" height="25"/>
  <ballskin x="401.2" y="41.15" a="0" width="25" height="25"/>
  <ballskin x="314.15" y="45.85" a="0" width="25" height="25"/>
  <ballskin x="269.4" y="44.7" a="0" width="25" height="25"/>
  <ballskin x="192.95" y="48.2" a="0" width="25" height="25"/>
  <ballskin x="223.55" y="47.05" a="0" width="25" height="25"/>
  <ballskin x="125.9" y="43.5" a="0" width="25" height="25"/>
  <springboardskin x="178.85" y="249.4" a="0" width="51" height="10.95"/>
  <springboardskin x="77.65" y="187.05" a="0" width="51" height="10.95"/>
  <carrierhorizontal x="45" y="339.6" linewidth="300" lineheight="20" boxwidth="50" boxheight="20"/>
  <carrierhorizontal x="3" y="219.35" linewidth="600" lineheight="20" boxwidth="50" boxheight="20"/>
  <cheeseskin x="711.8" y="44.75" a="0" width="27.05" height="22"/>
  <staticblueskin x="689.35" y="5.725000000000001" cx="690.1" cy="-18" a="9" width="5.9" height="47.1"/>
  <heavyboxskin x="601.35" y="342.7" a="0" width="41.05" height="22"/>
  <heavyboxskin x="556.4" y="343.45" a="0" width="41.05" height="22"/>
  <heavyboxskin x="577.75" y="320.1" a="0" width="41.05" height="22"/>
  <staticskin x="524.15" y="323.525" cx="514.15" cy="294.1" a="0" width="20" height="58.85"/>
  <staticskin x="566.9749999999999" y="291.125" cx="514.05" cy="284.65" a="0" width="105.85" height="12.95"/>
  <staticskin x="627.725" y="319.9" cx="620.1" cy="286.95" a="0" width="15.25" height="65.9"/>
  <cactus x="429.45" y="334.35" a="0" width="20" height="42.55"/>
  <tree x="564.55" y="232.75" a="0" width="78.35" height="100"/>
  <springboardskin x="705.9" y="239.95" a="0" width="51" height="10.95"/>
  <minkskin x="709.4" y="118.75" a="0" width="36" height="27"/>
  <littlemouse x="488.25" y="328.2" a="0" width="37.35" height="34.3"/>
</scene>