<scene width="740" height="380">
  <timer time="60"/>
  <creator id="2581929"/>
  <bg id="6"/>
  <carriervertical x="642" y="90" linewidth="50" lineheight="200" boxwidth="50" boxheight="20"/>
  <minkskin x="593" y="292" a="0" width="36" height="27"/>
  <heavyboxskin x="593" y="318" a="0" width="41.05" height="22"/>
  <springboardskin x="346" y="96" a="0" width="51" height="10.95"/>
  <springboardskin x="397" y="96" a="0" width="51" height="10.95"/>
  <springboardskin x="449" y="96" a="0" width="51" height="10.95"/>
  <springboardskin x="502" y="96" a="0" width="51" height="10.95"/>
  <springboardskin x="555" y="95" a="0" width="51" height="10.95"/>
  <springboardskin x="298" y="96" a="0" width="51" height="10.95"/>
  <cheeseskin x="567" y="73" a="0" width="27.05" height="22"/>
  <littlemouse x="305" y="78" a="0" width="37.35" height="34.3"/>
</scene>