<scene width="740" height="380">
  <timer time="60"/>
  <creator id="237459"/>
  <bg id="7"/>
  <cactus x="726" y="242" a="0" width="20" height="42.55"/>
  <staticblueskin x="343.325" y="168.275" cx="338" cy="142" a="70" width="53" height="8"/>
  <staticblueskin x="366.525" y="169.25" cx="384" cy="147" a="120" width="56" height="8"/>
  <staticblueskin x="389.475" y="167.75" cx="384" cy="141" a="70" width="54" height="8"/>
  <staticblueskin x="411.775" y="167.35" cx="427" cy="149" a="120" width="47" height="8"/>
  <staticredskin x="163" y="378" cx="-4" cy="375" a="0" width="334" height="6"/>
  <staticredskin x="1.5" y="305.5" cx="-2" cy="234" a="0" width="7" height="143"/>
  <staticredskin x="641.5" y="380.5" cx="548" cy="377" a="0" width="187" height="7"/>
  <ballskin x="673" y="353" a="0" width="23.8" height="26.05"/>
  <ballskin x="103" y="332" a="0" width="23.8" height="26.05"/>
  <staticredskin x="439" y="379" cx="340" cy="375" a="0" width="198" height="8"/>
  <staticblueskin x="369" y="192.5" cx="284" cy="189" a="0" width="170" height="7"/>
  <ballskin x="446" y="337" a="0" width="23.8" height="26.05"/>
  <ballskin x="379" y="336" a="0" width="23.8" height="26.05"/>
  <heavyboxskin x="415" y="252" a="0" width="41" height="22"/>
  <rpointer x="260" y="160" a="0" width="40" height="33.7"/>
  <staticblueskin x="491.5" y="4.5" cx="226" cy="-1" a="0" width="531" height="11"/>
  <lpointer x="657" y="285" a="0" width="40" height="33.7"/>
  <staticredskin x="606.5" y="193" cx="571" cy="190" a="0" width="71" height="6"/>
  <staticblueskin x="432.375" y="168.6" cx="428" cy="142" a="70" width="53" height="10"/>
  <staticblueskin x="321.525" y="167.775" cx="337" cy="149" a="120" width="48" height="8"/>
  <staticblueskin x="265" y="183.5" cx="217" cy="178" a="0" width="96" height="11"/>
  <littlemouse x="261" y="163" a="0" width="37.35" height="34.3"/>
  <staticblueskin x="220" y="85" cx="215" cy="-18" a="0" width="10" height="206"/>
  <staticblueskin x="510.5" y="192.5" cx="436" cy="190" a="0" width="149" height="5"/>
  <staticblueskin x="742" y="189.5" cx="716" cy="185" a="0" width="52" height="9"/>
  <staticblueskin x="634.075" y="48.625" cx="755" cy="11" a="160" width="253" height="12"/>
  <staticblueskin x="741" y="215.5" cx="737" cy="7" a="0" width="8" height="417"/>
  <cheeseskin x="730" y="174" a="0" width="27.05" height="22"/>
  <staticblueskin x="638.45" y="318.6" cx="768" cy="249" a="150" width="294" height="9"/>
  <staticredskin x="160" y="2.5" cx="94" cy="-2" a="0" width="132" height="9"/>
  <staticredskin x="20.675000000000004" y="190.75" cx="-7" cy="150" a="50" width="98" height="10"/>
  <staticblueskin x="184" y="183.5" cx="142" cy="178" a="0" width="84" height="11"/>
  <staticblueskin x="21.5" y="229.5" cx="-12" cy="225" a="0" width="67" height="9"/>
  <bush x="250" y="67" a="0" width="59.4" height="32.3"/>
  <flowers2 x="488" y="69" a="0" width="60" height="33.45"/>
  <flowers1 x="364" y="69" a="0" width="60" height="58.2"/>
  <cactus x="428" y="62" a="0" width="20" height="42.55"/>
  <cactus x="306" y="60" a="0" width="20" height="42.55"/>
  <staticblueskin x="371" y="92" cx="222" cy="87" a="0" width="298" height="10"/>
  <minkskin x="197" y="162" a="0" width="36" height="27"/>
  <staticblueskin x="11" y="2.5" cx="-72" cy="-3" a="0" width="166" height="11"/>
  <staticblueskin x="2" y="68" cx="-2" cy="-27" a="0" width="8" height="190"/>
  <staticblueskin x="99.975" y="256.2" cx="40" cy="228" a="20" width="132" height="12"/>
  <staticblueskin x="252" y="328.575" cx="164" cy="272" a="30" width="209" height="10"/>
  <cheeseskin x="627" y="29" a="0" width="27.05" height="22"/>
  <staticredskin x="517" y="74" cx="513" cy="10" a="0" width="8" height="128"/>
  <staticblueskin x="184" y="128" cx="141" cy="121" a="0" width="86" height="14"/>
  <staticredskin x="145.5" y="39" cx="141" cy="-43" a="0" width="9" height="164"/>
  <cheeseskin x="186" y="74" a="0" width="27.05" height="22"/>
  <staticblueskin x="92" y="127.5" cx="-12" cy="121" a="0" width="208" height="13"/>
  <bush x="38" y="103" a="0" width="59.4" height="32.3"/>
  <flowers1 x="109" y="106" a="0" width="60" height="58.2"/>
</scene>