<scene width="740" height="380">
  <timer time="60"/>
  <creator id="237459"/>
  <bg id="7"/>
  <springboardskin x="598" y="335" a="0" width="51" height="10.95"/>
  <staticblueskin x="426.575" y="94.15" cx="361" cy="142" a="-40" width="162" height="11"/>
  <cheeseskin x="625" y="128" a="0" width="27.05" height="22"/>
  <staticblueskin x="2.5" y="228" cx="-2" cy="60" a="0" width="9" height="336"/>
  <staticblueskin x="507.85" y="237.475" cx="469" cy="199" a="40" width="109" height="9"/>
  <staticblueskin x="542.95" y="198.75" cx="503" cy="160" a="40" width="111" height="8"/>
  <staticblueskin x="320.5" y="163" cx="141" cy="159" a="0" width="359" height="8"/>
  <staticblueskin x="145" y="182.5" cx="142" cy="170" a="0" width="6" height="25"/>
  <staticblueskin x="666" y="224" cx="661" cy="157" a="0" width="10" height="134"/>
  <staticblueskin x="630" y="346.5" cx="501" cy="340" a="0" width="258" height="13"/>
  <staticblueskin x="737" y="219" cx="730" cy="142" a="0" width="14" height="154"/>
  <staticblueskin x="234.5" y="366" cx="-33" cy="354" a="0" width="535" height="24"/>
  <tree2 x="420" y="305" a="0" width="84.85" height="100"/>
  <tree x="49" y="297" a="0" width="78.35" height="100"/>
  <stone x="233" y="343" a="0" width="31.25" height="22.9"/>
  <rpointer x="301" y="334" a="0" width="40" height="33.7"/>
  <rpointer x="10" y="37" a="0" width="40" height="33.7"/>
  <staticredskin x="709.5" y="336.5" cx="681" cy="334" a="0" width="57" height="5"/>
  <carrierhorizontal x="581" y="407" linewidth="300" lineheight="20" boxwidth="50" boxheight="20"/>
  <minkskin x="171" y="183" a="0" width="36" height="27"/>
  <cheeseskin x="489" y="119" a="0" width="27.05" height="22"/>
  <cheeseskin x="252" y="116" a="0" width="27.05" height="22"/>
  <littlemouse x="30" y="52" a="0" width="37.35" height="34.3"/>
  <staticredskin x="367.5" y="103" cx="325" cy="100" a="0" width="85" height="6"/>
  <staticredskin x="119" y="110" cx="76" cy="107" a="0" width="86" height="6"/>
  <staticblueskin x="54.05000000000001" y="97.575" cx="-6" cy="40" a="40" width="166" height="11"/>
  <staticblueskin x="393" y="152" cx="115" cy="146" a="0" width="556" height="12"/>
  <staticblueskin x="186.725" y="93.275" cx="109" cy="150" a="-40" width="192" height="13"/>
  <staticblueskin x="313.1" y="86.225" cx="266" cy="20" a="50" width="162" height="13"/>
  <staticblueskin x="537.925" y="95.7" cx="494" cy="34" a="50" width="151" height="12"/>
  <staticblueskin x="305.5" y="204.5" cx="143" cy="199" a="0" width="325" height="11"/>
</scene>