<scene width="740" height="380">
  <timer time="60"/>
  <creator id="2871761"/>
  <bg id="6"/>
  <staticskin x="615" y="270" cx="586" cy="261" a="0" width="58" height="18"/>
  <staticskin x="637" y="249" cx="608" cy="240" a="0" width="58" height="18"/>
  <staticskin x="411" y="183" cx="198" cy="173" a="0" width="426" height="20"/>
  <staticskin x="220.5" y="163.5" cx="189" cy="155" a="0" width="63" height="17"/>
  <staticskin x="189.5" y="139.5" cx="164" cy="124" a="0" width="51" height="31"/>
  <staticskin x="150" y="113.5" cx="125" cy="102" a="0" width="50" height="23"/>
  <staticskin x="116" y="88.5" cx="96" cy="76" a="0" width="40" height="25"/>
  <staticskin x="55" y="57" cx="1" cy="41" a="0" width="108" height="32"/>
  <cheeseskin x="57" y="30" a="0" width="27.05" height="22"/>
  <heavyboxskin x="475" y="268" a="0" width="41" height="22"/>
  <heavyboxskin x="437" y="265" a="0" width="41" height="22"/>
  <staticskin x="511" y="375.5" cx="484" cy="366" a="0" width="54" height="19"/>
  <minkskin x="691" y="326" a="0" width="36" height="27"/>
  <flowers2 x="554" y="403" a="0" width="60" height="33.45"/>
  <cactus x="319" y="411" a="0" width="20" height="42.55"/>
  <bush x="321" y="396" a="0" width="59.4" height="32.3"/>
  <rpointer x="597" y="153" a="0" width="40" height="33.7"/>
  <lpointer x="250" y="395" a="0" width="40" height="33.7"/>
  <lpointer x="558" y="152" a="0" width="40" height="33.7"/>
  <staticskin x="18" y="366" cx="-8" cy="353" a="0" width="52" height="26"/>
  <heavyboxskin x="337" y="271" a="0" width="41" height="22"/>
  <heavyboxskin x="257" y="270" a="0" width="41" height="22"/>
  <staticskin x="699.5" y="368.5" cx="661" cy="341" a="0" width="77" height="55"/>
  <springboardskin x="650" y="234" a="0" width="51" height="10.95"/>
  <littlemouse x="23" y="336" a="0" width="37.35" height="34.3"/>
  <staticskin x="357" y="292.5" cx="90" cy="280" a="0" width="534" height="25"/>
  <staticskin x="50.5" y="364.5" cx="44" cy="351" a="0" width="13" height="27"/>
  <staticskin x="64.5" y="336" cx="56" cy="322" a="0" width="17" height="28"/>
  <staticskin x="80" y="312.5" cx="71" cy="301" a="0" width="18" height="23"/>
</scene>