<scene width="740" height="380">
  <timer time="120"/>
  <creator id="2667072"/>
  <bg id="3"/>
  <ballskin x="142" y="363" a="0" width="25" height="25"/>
  <ballskin x="190" y="362" a="0" width="25" height="25"/>
  <ballskin x="226" y="362" a="0" width="25" height="25"/>
  <cheeseskin x="721" y="361" a="0" width="27.05" height="22"/>
  <staticblueskin x="307" y="254.5" cx="290" cy="213" a="0" width="34" height="83"/>
  <staticblueskin x="643.5" y="339.5" cx="433" cy="336" a="0" width="421" height="7"/>
  <staticredskin x="21.5" y="370.5" cx="4" cy="366" a="0" width="35" height="9"/>
  <minkskin x="23" y="26" a="0" width="36" height="27"/>
  <staticblueskin x="372.5" y="237" cx="370" cy="177" a="0" width="5" height="120"/>
  <staticblueskin x="233" y="273.5" cx="217" cy="253" a="0" width="32" height="41"/>
  <staticblueskin x="573" y="239" cx="442" cy="236" a="0" width="262" height="6"/>
  <staticblueskin x="502.5" y="156.5" cx="499" cy="77" a="0" width="7" height="159"/>
  <cheeseskin x="474" y="214" a="0" width="27.05" height="22"/>
  <cheeseskin x="349" y="268" a="0" width="27.05" height="22"/>
  <staticredskin x="409" y="234" cx="381" cy="231" a="0" width="56" height="6"/>
  <littlemouse x="63" y="28" a="0" width="37.35" height="34.3"/>
  <staticblueskin x="259.5" y="295.5" cx="143" cy="292" a="0" width="233" height="7"/>
  <staticblueskin x="533.5" y="284" cx="503" cy="281" a="0" width="61" height="6"/>
  <staticblueskin x="530.5" y="295" cx="471" cy="292" a="0" width="119" height="6"/>
  <staticblueskin x="529" y="307" cx="442" cy="304" a="0" width="174" height="6"/>
  <staticblueskin x="530" y="320" cx="415" cy="317" a="0" width="230" height="6"/>
  <staticblueskin x="672.5" y="303.5" cx="646" cy="299" a="0" width="53" height="9"/>
  <staticblueskin x="701.5" y="285" cx="670" cy="282" a="0" width="63" height="6"/>
  <staticblueskin x="643.5" y="197" cx="546" cy="194" a="0" width="195" height="6"/>
  <staticblueskin x="598" y="158.5" cx="502" cy="155" a="0" width="192" height="7"/>
  <staticblueskin x="645.5" y="119.5" cx="542" cy="116" a="0" width="207" height="7"/>
  <staticblueskin x="598" y="81.5" cx="499" cy="78" a="0" width="198" height="7"/>
  <staticblueskin x="327" y="45" cx="178" cy="42" a="0" width="298" height="6"/>
  <staticblueskin x="293.5" y="95.5" cx="143" cy="92" a="0" width="301" height="7"/>
  <staticblueskin x="345" y="134.5" cx="191" cy="131" a="0" width="308" height="7"/>
  <staticblueskin x="499" y="59" cx="495" cy="55" a="0" width="8" height="8"/>
  <staticblueskin x="444.5" y="206.5" cx="441" cy="172" a="0" width="7" height="69"/>
  <staticblueskin x="1.5" y="258" cx="-1" cy="-6" a="0" width="5" height="528"/>
  <staticredskin x="473" y="233" cx="462" cy="230" a="0" width="22" height="6"/>
  <staticblueskin x="83" y="49" cx="80" cy="39" a="0" width="6" height="20"/>
  <staticblueskin x="85.5" y="148.5" cx="82" cy="138" a="0" width="7" height="21"/>
  <staticblueskin x="84" y="242.5" cx="81" cy="232" a="0" width="6" height="21"/>
  <staticblueskin x="673" y="373" cx="667" cy="370" a="0" width="12" height="6"/>
  <staticblueskin x="439" y="377.5" cx="-36" cy="375" a="0" width="950" height="5"/>
  <staticblueskin x="741" y="279.5" cx="738" cy="1" a="0" width="6" height="557"/>
  <staticblueskin x="444.5" y="-1" cx="-82" cy="-5" a="0" width="1053" height="8"/>
  <staticblueskin x="141.5" y="163" cx="138" cy="2" a="0" width="7" height="322"/>
  <staticblueskin x="42" y="49.5" cx="3" cy="46" a="0" width="78" height="7"/>
  <staticblueskin x="93.5" y="95.5" cx="48" cy="92" a="0" width="91" height="7"/>
  <staticblueskin x="244" y="89" cx="240" cy="86" a="0" width="8" height="6"/>
  <staticblueskin x="323.5" y="89" cx="319" cy="86" a="0" width="9" height="6"/>
  <staticblueskin x="403" y="89" cx="399" cy="86" a="0" width="8" height="6"/>
  <staticblueskin x="276.5" y="176" cx="178" cy="173" a="0" width="197" height="6"/>
  <staticblueskin x="43" y="147.5" cx="1" cy="144" a="0" width="84" height="7"/>
  <staticblueskin x="96" y="197" cx="54" cy="194" a="0" width="84" height="6"/>
  <staticblueskin x="41.5" y="243.5" cx="-1" cy="240" a="0" width="85" height="7"/>
  <staticblueskin x="95" y="294.5" cx="49" cy="291" a="0" width="92" height="7"/>
</scene>