<scene width="740" height="380">
  <timer time="60"/>
  <creator id="2948983"/>
  <bg id="12"/>
  <springboardskin x="387" y="257" a="0" width="51" height="10.95"/>
  <springboardskin x="493" y="203" a="0" width="51" height="10.95"/>
  <ground x="650" y="114.5" cx="561" cy="73" a="0" width="178" height="83"/>
  <springboardskin x="556" y="128" a="0" width="51" height="10.95"/>
  <springboardskin x="294" y="238" a="0" width="51" height="10.95"/>
  <springboardskin x="185" y="182" a="0" width="51" height="10.95"/>
  <staticskin x="29" y="328.5" cx="2" cy="318" a="0" width="54" height="21"/>
  <carrierhorizontal x="58" y="330" linewidth="300" lineheight="20" boxwidth="50" boxheight="20"/>
  <carriervertical x="540" y="336" linewidth="50" lineheight="200" boxwidth="50" boxheight="20"/>
  <carriervertical x="602" y="394" linewidth="50" lineheight="200" boxwidth="50" boxheight="20"/>
  <carrierhorizontal x="576" y="411" linewidth="300" lineheight="20" boxwidth="50" boxheight="20"/>
  <carrierhorizontal x="566" y="400" linewidth="300" lineheight="20" boxwidth="50" boxheight="20"/>
  <carrierhorizontal x="358" y="330" linewidth="300" lineheight="20" boxwidth="50" boxheight="20"/>
  <minkskin x="717" y="362" a="0" width="36" height="27"/>
  <cheeseskin x="697" y="66" a="0" width="27.05" height="22"/>
  <groundblue x="73.5" y="101.025" cx="21" cy="87" a="0" width="105" height="28.05"/>
  <littlemouse x="50" y="72" a="0" width="37.35" height="34.3"/>
  <rpointer x="35" y="302" a="0" width="40" height="33.7"/>
  <tree x="315" y="412" a="0" width="78.35" height="100"/>
  <bush x="365" y="411" a="0" width="59.4" height="32.3"/>
  <cactus x="40" y="308" a="0" width="20" height="42.55"/>
  <cactus x="30" y="304" a="0" width="20" height="42.55"/>
  <bush x="38" y="306" a="0" width="59.4" height="32.3"/>
  <heavyboxskin x="393" y="76" a="0" width="41" height="22"/>
</scene>