<scene width="800" height="390">
  <timer time="120"/>
  <creator id="2880829"/>
  <bg id="10"/>
  <groundred x="607.525" y="171" cx="590" cy="83" a="0" width="36.05" height="177"/>
  <carriervertical x="410" y="35" linewidth="50" lineheight="50" boxwidth="50" boxheight="20"/>
  <carriervertical x="471" y="35" linewidth="50" lineheight="50" boxwidth="50" boxheight="20"/>
  <carriervertical x="529" y="37" linewidth="50" lineheight="50" boxwidth="50" boxheight="20"/>
  <staticskin x="319.5" y="65" cx="317" cy="40" a="0" width="5" height="50"/>
  <staticskin x="381" y="65" cx="378" cy="41" a="0" width="6" height="48"/>
  <staticskin x="441" y="62.5" cx="438" cy="40" a="0" width="6" height="45"/>
  <staticskin x="500" y="71" cx="497" cy="43" a="0" width="6" height="56"/>
  <staticblueskin x="229.875" y="306.6" cx="255" cy="356" a="-130" width="108" height="25"/>
  <staticredskin x="333.3" y="307.525" cx="378" cy="255" a="50" width="23" height="136"/>
  <tree2 x="444" y="314" a="0" width="84.85" height="100"/>
  <bush x="652" y="71" a="0" width="59.4" height="32.3"/>
  <cheeseskin x="177" y="316" a="0" width="27.05" height="22"/>
  <staticredskin x="696" y="37" cx="692" cy="33" a="0" width="8" height="8"/>
  <staticblueskin x="426.5" y="-19.5" cx="267" cy="-44" a="0" width="319" height="49"/>
  <staticblueskin x="758.5" y="53" cx="737" cy="50" a="0" width="43" height="6"/>
  <carriervertical x="604" y="14" linewidth="50" lineheight="50" boxwidth="50" boxheight="20"/>
  <minkskin x="756" y="22" a="0" width="36" height="27"/>
  <cheeseskin x="23" y="39" a="0" width="27.05" height="22"/>
  <staticredskin x="156.5" y="366.5" cx="21" cy="352" a="0" width="271" height="29"/>
  <staticredskin x="132.5" y="14" cx="0" cy="2" a="0" width="265" height="24"/>
  <littlemouse x="296" y="19" a="0" width="37.35" height="34.3"/>
  <staticredskin x="529.95" y="338.875" cx="514" cy="302" a="50" width="77" height="23"/>
  <carriervertical x="290" y="34" linewidth="50" lineheight="50" boxwidth="50" boxheight="20"/>
  <carriervertical x="351" y="178" linewidth="50" lineheight="50" boxwidth="50" boxheight="20"/>
  <carriervertical x="411" y="177" linewidth="50" lineheight="50" boxwidth="50" boxheight="20"/>
  <carriervertical x="291" y="179" linewidth="50" lineheight="50" boxwidth="50" boxheight="20"/>
  <carriervertical x="533" y="176" linewidth="50" lineheight="50" boxwidth="50" boxheight="20"/>
  <carriervertical x="472" y="176" linewidth="50" lineheight="50" boxwidth="50" boxheight="20"/>
  <staticskin x="396.5" y="131.5" cx="268" cy="128" a="0" width="257" height="7"/>
  <staticskin x="414.5" y="97.5" cx="268" cy="95" a="0" width="293" height="5"/>
  <staticskin x="321" y="216.5" cx="318" cy="202" a="0" width="6" height="29"/>
  <staticskin x="382.5" y="211" cx="380" cy="192" a="0" width="5" height="38"/>
  <staticskin x="441.5" y="215.5" cx="439" cy="200" a="0" width="5" height="31"/>
  <staticskin x="504.5" y="216.5" cx="502" cy="198" a="0" width="5" height="37"/>
  <staticredskin x="679.5" y="371" cx="566" cy="350" a="0" width="227" height="42"/>
  <staticredskin x="686.5" y="-2.5" cx="589" cy="-12" a="0" width="195" height="19"/>
  <staticblueskin x="671.5" y="93" cx="621" cy="88" a="0" width="101" height="10"/>
  <staticredskin x="647.925" y="213.55" cx="673" cy="206" a="150" width="51" height="12"/>
  <staticredskin x="757.45" y="148.95" cx="780" cy="144" a="150" width="44" height="14"/>
  <staticredskin x="749.675" y="177.025" cx="726" cy="157" a="30" width="61" height="11"/>
  <staticblueskin x="649.9" y="120.925" cx="684" cy="107" a="150" width="73" height="10"/>
  <staticskin x="407" y="235.5" cx="253" cy="232" a="0" width="308" height="7"/>
  <carriervertical x="350" y="34" linewidth="50" lineheight="50" boxwidth="50" boxheight="20"/>
  <staticskin x="404" y="311" cx="399" cy="262" a="0" width="10" height="98"/>
  <staticskin x="488" y="313" cx="483" cy="264" a="0" width="10" height="98"/>
  <cheeseskin x="237" y="41" a="0" width="27.05" height="22"/>
  <staticblueskin x="622.5" y="195.5" cx="618" cy="168" a="0" width="9" height="55"/>
  <ballskin x="698" y="331" a="0" width="23.8" height="26.05"/>
  <heavyboxskin x="706" y="74" a="0" width="41" height="22"/>
  <cheeseskin x="137" y="41" a="0" width="27.05" height="22"/>
  <staticblueskin x="256.5" y="39.5" cx="250" cy="26" a="0" width="13" height="27"/>
  <carrierhorizontal x="268" y="111" linewidth="150" lineheight="20" boxwidth="50" boxheight="20"/>
  <carrierhorizontal x="421" y="111" linewidth="150" lineheight="20" boxwidth="50" boxheight="20"/>
  <carrierhorizontal x="269" y="154" linewidth="150" lineheight="20" boxwidth="50" boxheight="20"/>
  <carrierhorizontal x="422" y="153" linewidth="150" lineheight="20" boxwidth="50" boxheight="20"/>
  <ballskin x="183" y="260" a="0" width="23.8" height="26.05"/>
  <staticredskin x="791.5" y="184.5" cx="780" cy="0" a="0" width="23" height="369"/>
  <stone x="597" y="73" a="0" width="31.25" height="22.9"/>
  <staticskin x="445" y="367.5" cx="383" cy="362" a="0" width="124" height="11"/>
  <staticredskin x="4.074999999999996" y="302.975" cx="37" cy="344" a="150" width="16" height="104"/>
  <staticblueskin x="105.80000000000001" y="306.15" cx="175" cy="276" a="150" width="150" height="17"/>
</scene>