<scene width="740" height="380">
  <timer time="80"/>
  <creator id="3024998"/>
  <bg id="12"/>
  <cheeseskin x="455" y="187" a="0" width="27.05" height="22"/>
  <groundblue x="367" y="189.5" cx="346" cy="170" a="0" width="43" height="40"/>
  <groundblue x="428.05" y="112.5" cx="403" cy="84" a="0" width="51.1" height="58"/>
  <littlemouse x="372" y="142" a="0" width="37.35" height="34.3"/>
  <springboardskin x="492" y="320" a="0" width="51" height="10.95"/>
  <lpointer x="291" y="41" a="0" width="40" height="33.7"/>
  <rpointer x="576" y="51" a="0" width="40" height="33.7"/>
  <springboardskin x="594" y="311" a="0" width="51" height="10.95"/>
  <springboardskin x="682" y="245" a="0" width="51" height="10.95"/>
  <springboardskin x="592" y="168" a="0" width="51" height="10.95"/>
  <springboardskin x="667" y="104" a="0" width="51" height="10.95"/>
  <rpointer x="243" y="407" a="0" width="40" height="33.7"/>
  <minkskin x="663" y="37" a="0" width="36" height="27"/>
  <rpointer x="103" y="307" a="0" width="40" height="33.7"/>
  <ground x="364" y="364.5" cx="1" cy="332" a="0" width="726" height="65"/>
  <cheeseskin x="44" y="32" a="0" width="27.05" height="22"/>
  <groundblue x="170.5" y="194.5" cx="1" cy="65" a="0" width="340" height="260"/>
  <groundblue x="396" y="269.5" cx="350" cy="219" a="0" width="93" height="102"/>
  <bush x="540" y="321" a="0" width="59.4" height="32.3"/>
  <ballskin x="687" y="320" a="0" width="25" height="25"/>
  <cheeseskin x="645" y="318" a="0" width="27.05" height="22"/>
  <cheeseskin x="550" y="223" a="0" width="27.05" height="22"/>
  <cheeseskin x="535" y="161" a="0" width="27.05" height="22"/>
</scene>