<scene width="740" height="380">
  <timer time="60"/>
  <creator id="2318296"/>
  <bg id="1"/>
  <cheeseskin x="725" y="264" a="0" width="27.05" height="22"/>
  <cheeseskin x="722" y="241" a="0" width="27.05" height="22"/>
  <cheeseskin x="721" y="237" a="0" width="27.05" height="22"/>
  <groundblue x="738.5" y="252.05" cx="733" cy="224" a="0" width="12" height="57.1"/>
  <minkskin x="447" y="206" a="0" width="36" height="27"/>
  <groundblue x="722.275" y="280.25" cx="703" cy="272" a="0" width="39.55" height="17.5"/>
  <littlemouse x="231" y="92" a="0" width="37.35" height="34.3"/>
  <staticblueskin x="321.5" y="51.5" cx="315" cy="45" a="0" width="13" height="13"/>
  <staticblueskin x="328" y="69.5" cx="320" cy="61" a="0" width="16" height="17"/>
  <staticblueskin x="364" y="157.5" cx="354" cy="149" a="0" width="20" height="17"/>
  <staticblueskin x="340.5" y="114.5" cx="330" cy="105" a="0" width="21" height="19"/>
  <staticblueskin x="330.5" y="91.5" cx="320" cy="84" a="0" width="21" height="15"/>
  <staticblueskin x="77" y="368.5" cx="52" cy="357" a="0" width="50" height="23"/>
  <staticblueskin x="27.5" y="370.5" cx="-10" cy="357" a="0" width="75" height="27"/>
  <ground x="20" y="77.6" cx="16" cy="66" a="0" width="8" height="23.2"/>
  <ground x="35.525" y="66" cx="17" cy="63" a="0" width="37.05" height="6"/>
  <ground x="52" y="77.525" cx="48" cy="68" a="0" width="8" height="19.05"/>
  <staticblueskin x="279.5" y="50.5" cx="270" cy="46" a="0" width="19" height="9"/>
  <ground x="29" y="49.1" cx="25" cy="36" a="0" width="8" height="26.2"/>
  <ground x="43.5" y="52.575" cx="40" cy="37" a="0" width="7" height="31.15"/>
  <ground x="36.05" y="39" cx="29" cy="36" a="0" width="14.1" height="6"/>
  <ground x="66.5" y="66.525" cx="63" cy="50" a="0" width="7" height="33.05"/>
  <ground x="90.5" y="67.575" cx="87" cy="50" a="0" width="7" height="35.15"/>
  <ground x="76.525" y="49.575" cx="64" cy="45" a="0" width="25.05" height="9.15"/>
  <ground x="79.525" y="84.5" cx="67" cy="80" a="0" width="25.05" height="9"/>
  <ground x="114.55" y="66.5" cx="109" cy="44" a="0" width="11.1" height="45"/>
  <ground x="129.025" y="85" cx="119" cy="82" a="0" width="20.05" height="6"/>
  <ground x="137.55" y="73.525" cx="134" cy="60" a="0" width="7.1" height="27.05"/>
  <ground x="125" y="66.05" cx="115" cy="60" a="0" width="20" height="12.1"/>
  <ground x="126.525" y="45.55" cx="115" cy="42" a="0" width="23.05" height="7.1"/>
  <ground x="151.675" y="63.5" cx="149" cy="45" a="0" width="5.35" height="37"/>
  <ground x="163.025" y="42.5" cx="149" cy="40" a="0" width="28.05" height="5"/>
  <ground x="165.575" y="62" cx="150" cy="59" a="0" width="31.15" height="6"/>
  <ground x="164" y="80.05" cx="151" cy="77" a="0" width="26" height="6.1"/>
  <ground x="202" y="31.075" cx="192" cy="27" a="0" width="20" height="8.15"/>
  <ground x="203.525" y="58" cx="186" cy="55" a="0" width="35.05" height="6"/>
  <ground x="217.05" y="44" cx="212" cy="29" a="0" width="10.1" height="30"/>
  <ground x="190" y="60" cx="187" cy="32" a="0" width="6" height="56"/>
  <cheeseskin x="707" y="246" a="0" width="27.05" height="22"/>
  <cheeseskin x="724" y="247" a="0" width="27.05" height="22"/>
  <ground x="247.975" y="332.9" cx="170" cy="249" a="35" width="224" height="48"/>
  <staticblueskin x="165.47500000000002" y="242.55" cx="283" cy="50" a="120" width="451" height="11"/>
  <groundred x="270" y="311.875" cx="178" cy="238" a="35" width="236.5" height="16.5"/>
  <staticredskin x="47.800000000000004" y="328.95" cx="0" cy="290" a="35" width="123" height="9"/>
  <staticblueskin x="425" y="-0.5" cx="95" cy="-6" a="0" width="660" height="11"/>
  <staticblueskin x="60.5" y="4.5" cx="-16" cy="1" a="0" width="153" height="7"/>
  <staticblueskin x="4" y="208.5" cx="10" cy="1" a="90" width="415" height="12"/>
  <staticblueskin x="351.5" y="137" cx="342" cy="126" a="0" width="19" height="22"/>
  <staticredskin x="659.5" y="341.5" cx="599" cy="336" a="0" width="121" height="11"/>
  <staticblueskin x="428.5" y="173.5" cx="360" cy="167" a="0" width="137" height="13"/>
  <staticblueskin x="550.65" y="205.575" cx="493" cy="167" a="28" width="138" height="14"/>
  <staticblueskin x="647.5" y="233.5" cx="597" cy="227" a="0" width="101" height="13"/>
  <staticblueskin x="700.5" y="292" cx="694" cy="272" a="0" width="13" height="40"/>
  <staticblueskin x="662.6" y="321.5" cx="715" cy="312" a="160" width="105" height="18"/>
  <staticblueskin x="662.5" y="355" cx="604" cy="346" a="0" width="117" height="18"/>
  <staticblueskin x="529" y="368.5" cx="337" cy="363" a="0" width="384" height="11"/>
  <cheeseskin x="706" y="264" a="0" width="27.05" height="22"/>
</scene>