<scene width="740" height="380">
  <timer time="120"/>
  <creator id="2128722"/>
  <bg id="1"/>
  <staticblueskin x="391" y="374" cx="33" cy="368" a="0" width="716" height="12"/>
  <staticskin x="578" y="362" cx="568" cy="355" a="0" width="20" height="14"/>
  <staticskin x="640" y="318" cx="629" cy="311" a="0" width="22" height="14"/>
  <staticredskin x="14.5" y="350" cx="4" cy="314" a="0" width="21" height="72"/>
  <staticredskin x="703" y="365" cx="668" cy="359" a="0" width="70" height="12"/>
  <staticskin x="737.5" y="179" cx="729" cy="2" a="0" width="17" height="354"/>
  <staticblueskin x="343" y="300" cx="33" cy="290" a="0" width="620" height="20"/>
  <staticblueskin x="340.5" y="234.5" cx="34" cy="225" a="0" width="613" height="19"/>
  <staticblueskin x="339" y="166" cx="38" cy="158" a="0" width="602" height="16"/>
  <staticblueskin x="335" y="111.5" cx="35" cy="101" a="0" width="600" height="21"/>
  <staticredskin x="345" y="287" cx="40" cy="282" a="0" width="610" height="10"/>
  <staticredskin x="340" y="220.5" cx="38" cy="215" a="0" width="604" height="11"/>
  <staticredskin x="339.5" y="151" cx="39" cy="148" a="0" width="601" height="6"/>
  <staticredskin x="336.5" y="98.5" cx="41" cy="95" a="0" width="591" height="7"/>
  <carrierhorizontal x="162" y="197" linewidth="300" lineheight="20" boxwidth="50" boxheight="20"/>
  <carrierhorizontal x="170" y="258" linewidth="300" lineheight="20" boxwidth="50" boxheight="20"/>
  <cheeseskin x="80" y="262" a="0" width="27.05" height="22"/>
  <cheeseskin x="83" y="193" a="0" width="27.05" height="22"/>
  <cheeseskin x="72" y="70" a="0" width="27.05" height="22"/>
  <cheeseskin x="79" y="133" a="0" width="27.05" height="22"/>
  <carrierhorizontal x="165" y="135" linewidth="300" lineheight="20" boxwidth="50" boxheight="20"/>
  <littlemouse x="94" y="353" a="0" width="37.35" height="34.3"/>
  <minkskin x="56" y="355" a="0" width="36" height="27"/>
  <staticblueskin x="36.5" y="287" cx="34" cy="283" a="0" width="5" height="8"/>
  <staticblueskin x="24.5" y="120.5" cx="18" cy="3" a="0" width="13" height="235"/>
  <staticblueskin x="26" y="268.5" cx="21" cy="238" a="0" width="10" height="61"/>
  <bush x="630" y="351" a="0" width="59.4" height="32.3"/>
  <staticblueskin x="238.5" y="11" cx="35" cy="3" a="0" width="407" height="16"/>
  <staticblueskin x="584" y="10.5" cx="435" cy="4" a="0" width="298" height="13"/>
  <ballskin x="175" y="63" a="0" width="23.8" height="26.05"/>
  <ballskin x="269" y="61" a="0" width="23.8" height="26.05"/>
  <ballskin x="582" y="64" a="0" width="23.8" height="26.05"/>
  <ballskin x="465" y="64" a="0" width="23.8" height="26.05"/>
  <ballskin x="369" y="59" a="0" width="23.8" height="26.05"/>
  <staticskin x="184" y="361.5" cx="177" cy="355" a="0" width="14" height="13"/>
  <staticskin x="250.5" y="313" cx="243" cy="308" a="0" width="15" height="10"/>
  <staticskin x="300.5" y="362.5" cx="290" cy="355" a="0" width="21" height="15"/>
  <staticskin x="138.5" y="315.5" cx="129" cy="311" a="0" width="19" height="9"/>
  <staticskin x="345" y="316" cx="337" cy="312" a="0" width="16" height="8"/>
  <staticskin x="379.5" y="362" cx="373" cy="356" a="0" width="13" height="12"/>
  <staticskin x="433" y="317" cx="425" cy="310" a="0" width="16" height="14"/>
  <staticskin x="477" y="360" cx="469" cy="352" a="0" width="16" height="16"/>
  <staticskin x="538.5" y="316" cx="531" cy="310" a="0" width="15" height="12"/>
</scene>