<scene width="740" height="380">
  <timer time="60"/>
  <creator id="2532213"/>
  <bg id="5"/>
  <springboardskin x="578" y="126" a="0" width="51" height="10.95"/>
  <springboardskin x="476" y="126" a="0" width="51" height="10.95"/>
  <springboardskin x="425" y="127" a="0" width="51" height="10.95"/>
  <springboardskin x="374" y="125" a="0" width="51" height="10.95"/>
  <minkskin x="459" y="12" a="-179" width="36" height="27"/>
  <staticblueskin x="174.5" y="1" cx="10" cy="-3" a="0" width="329" height="8"/>
  <staticblueskin x="343" y="157" cx="338" cy="-2" a="0" width="10" height="318"/>
  <staticblueskin x="287" y="64" cx="236" cy="60" a="0" width="102" height="8"/>
  <staticblueskin x="231.5" y="52" cx="227" cy="37" a="0" width="9" height="30"/>
  <staticblueskin x="152.5" y="43" cx="78" cy="39" a="0" width="149" height="8"/>
  <staticredskin x="2.5" y="149" cx="-1" cy="23" a="0" width="7" height="252"/>
  <staticblueskin x="81" y="84.5" cx="7" cy="79" a="0" width="148" height="11"/>
  <staticblueskin x="195" y="132.5" cx="49" cy="128" a="0" width="292" height="9"/>
  <staticblueskin x="45.5" y="138" cx="42" cy="128" a="0" width="7" height="20"/>
  <staticblueskin x="308.5" y="183" cx="281" cy="180" a="0" width="55" height="6"/>
  <staticblueskin x="187" y="183.5" cx="163" cy="180" a="0" width="48" height="7"/>
  <staticblueskin x="29.5" y="190.5" cx="1" cy="187" a="0" width="57" height="7"/>
  <ballskin x="310" y="165" a="0" width="23.8" height="26.05"/>
  <ballskin x="185" y="165" a="0" width="23.8" height="26.05"/>
  <staticblueskin x="226.5" y="193" cx="114" cy="189" a="0" width="225" height="8"/>
  <staticblueskin x="333.5" y="236.5" cx="328" cy="224" a="0" width="11" height="25"/>
  <staticblueskin x="331.5" y="293.5" cx="325" cy="279" a="0" width="13" height="29"/>
  <staticblueskin x="69" y="267" cx="0" cy="264" a="0" width="138" height="6"/>
  <staticblueskin x="139.5" y="274" cx="137" cy="266" a="0" width="5" height="16"/>
  <staticblueskin x="388" y="375" cx="40" cy="372" a="0" width="696" height="6"/>
  <staticblueskin x="102.5" y="328.5" cx="100" cy="297" a="0" width="5" height="63"/>
  <cheeseskin x="22" y="369" a="0" width="27.05" height="22"/>
  <staticblueskin x="155.5" y="367" cx="149" cy="364" a="0" width="13" height="6"/>
  <staticblueskin x="266" y="367.5" cx="258" cy="364" a="0" width="16" height="7"/>
  <staticblueskin x="517.5" y="368" cx="357" cy="365" a="0" width="321" height="6"/>
  <staticblueskin x="515.5" y="320" cx="339" cy="317" a="0" width="353" height="6"/>
  <ballskin x="318" y="44" a="0" width="23.8" height="26.05"/>
  <carrierhorizontal x="585" y="414" linewidth="300" lineheight="20" boxwidth="50" boxheight="20"/>
  <carriervertical x="643" y="405" linewidth="50" lineheight="200" boxwidth="50" boxheight="20"/>
  <carriervertical x="605" y="398" linewidth="50" lineheight="200" boxwidth="50" boxheight="20"/>
  <carrierhorizontal x="580" y="408" linewidth="300" lineheight="20" boxwidth="50" boxheight="20"/>
  <carriervertical x="639" y="402" linewidth="50" lineheight="200" boxwidth="50" boxheight="20"/>
  <carriervertical x="679" y="92" linewidth="50" lineheight="200" boxwidth="50" boxheight="20"/>
  <staticblueskin x="414.5" y="291.5" cx="398" cy="289" a="0" width="33" height="5"/>
  <staticblueskin x="454.5" y="250.5" cx="439" cy="248" a="0" width="31" height="5"/>
  <cheeseskin x="466" y="301" a="0" width="27.05" height="22"/>
  <staticblueskin x="495" y="217.5" cx="478" cy="214" a="0" width="34" height="7"/>
  <staticblueskin x="526" y="245.5" cx="506" cy="242" a="0" width="40" height="7"/>
  <staticblueskin x="554" y="273" cx="532" cy="270" a="0" width="44" height="6"/>
  <staticblueskin x="570.5" y="299.5" cx="548" cy="297" a="0" width="45" height="5"/>
  <littlemouse x="276" y="42" a="0" width="37.35" height="34.3"/>
  <stone x="406" y="408" a="0" width="31.25" height="22.9"/>
  <stone x="406" y="408" a="0" width="31.25" height="22.9"/>
  <stone x="406" y="416" a="0" width="31.25" height="22.9"/>
  <stone x="319" y="117" a="0" width="31.25" height="22.9"/>
  <staticblueskin x="474" y="136" cx="347" cy="132" a="0" width="254" height="8"/>
  <springboardskin x="529" y="127" a="0" width="51" height="10.95"/>
</scene>