<scene width="740" height="380">
  <timer time="60"/>
  <creator id="2733744"/>
  <bg id="2"/>
  <ballskin x="492" y="331" a="0" width="23.8" height="26.05"/>
  <staticblueskin x="262.5" y="156" cx="111" cy="149" a="0" width="303" height="14"/>
  <staticblueskin x="251.5" y="55.5" cx="104" cy="48" a="0" width="295" height="15"/>
  <staticblueskin x="137.5" y="129.5" cx="134" cy="112" a="0" width="7" height="35"/>
  <staticblueskin x="185" y="80" cx="180" cy="59" a="0" width="10" height="42"/>
  <staticblueskin x="232" y="129.5" cx="228" cy="110" a="0" width="8" height="39"/>
  <staticblueskin x="283.5" y="82.5" cx="278" cy="61" a="0" width="11" height="43"/>
  <staticblueskin x="339" y="127.5" cx="334" cy="106" a="0" width="10" height="43"/>
  <staticskin x="534.5" y="369" cx="322" cy="357" a="0" width="425" height="24"/>
  <littlemouse x="715" y="340" a="0" width="37.35" height="34.3"/>
  <staticredskin x="575" y="351.5" cx="477" cy="347" a="0" width="196" height="9"/>
  <staticskin x="597.5" y="84" cx="464" cy="78" a="0" width="267" height="12"/>
  <staticredskin x="574" y="96" cx="470" cy="92" a="0" width="208" height="8"/>
  <staticskin x="465" y="167" cx="461" cy="93" a="0" width="8" height="148"/>
  <tree2 x="658" y="27" a="0" width="84.85" height="100"/>
  <staticskin x="469" y="327.5" cx="461" cy="286" a="0" width="16" height="83"/>
  <springboardskin x="432" y="141" a="0" width="51" height="10.95"/>
  <staticskin x="678.5" y="165" cx="675" cy="89" a="0" width="7" height="152"/>
  <staticskin x="678" y="330.5" cx="672" cy="298" a="0" width="12" height="65"/>
  <staticskin x="270" y="334" cx="232" cy="326" a="0" width="76" height="16"/>
  <lpointer x="419" y="340" a="0" width="40" height="33.7"/>
  <ballskin x="634" y="333" a="0" width="23.8" height="26.05"/>
  <ballskin x="526" y="333" a="0" width="23.8" height="26.05"/>
  <staticblueskin x="182" y="307.5" cx="141" cy="298" a="0" width="82" height="19"/>
  <staticskin x="65" y="207.5" cx="14" cy="203" a="0" width="102" height="9"/>
  <staticskin x="157" y="259" cx="134" cy="252" a="0" width="46" height="14"/>
  <staticskin x="133.5" y="233" cx="122" cy="229" a="0" width="23" height="8"/>
  <cheeseskin x="62" y="185" a="0" width="27.05" height="22"/>
  <minkskin x="616" y="64" a="0" width="36" height="27"/>
  <ballskin x="581" y="332" a="0" width="23.8" height="26.05"/>
  <heavyboxskin x="238" y="316" a="0" width="41" height="22"/>
</scene>