<scene width="740" height="380">
  <timer time="120"/>
  <creator id="2863908"/>
  <bg id="4"/>
  <staticredskin x="624.5" y="103" cx="524" cy="98" a="0" width="201" height="10"/>
  <ground x="626" y="3" cx="527" cy="-1" a="0" width="198" height="8"/>
  <staticskin x="513.5" y="130.5" cx="475" cy="127" a="0" width="77" height="7"/>
  <littlemouse x="38" y="340" a="0" width="37.35" height="34.3"/>
  <staticblueskin x="436" y="279.5" cx="310" cy="277" a="0" width="252" height="5"/>
  <ground x="376.5" y="370" cx="10" cy="359" a="0" width="733" height="22"/>
  <ground x="739.5" y="174" cx="725" cy="-12" a="0" width="29" height="372"/>
  <ground x="1.5" y="190" cx="-8" cy="0" a="0" width="19" height="380"/>
  <staticredskin x="157.5" y="359.5" cx="11" cy="356" a="0" width="293" height="7"/>
  <staticredskin x="306" y="323" cx="303" cy="286" a="0" width="6" height="74"/>
  <ground x="454.1" y="283" cx="311" cy="279" a="0" width="286.2" height="8"/>
  <ground x="477.5" y="228.05" cx="443" cy="225" a="0" width="69" height="6.1"/>
  <ground x="440" y="198" cx="436" cy="166" a="0" width="8" height="64"/>
  <ground x="392.5" y="175.5" cx="350" cy="172" a="0" width="85" height="7"/>
  <staticredskin x="181" y="148" cx="12" cy="119" a="0" width="338" height="58"/>
  <ballskin x="365" y="154" a="0" width="23.8" height="26.05"/>
  <ballskin x="387" y="155" a="0" width="23.8" height="26.05"/>
  <ballskin x="413" y="157" a="0" width="23.8" height="26.05"/>
  <ballskin x="363" y="129" a="0" width="23.8" height="26.05"/>
  <ballskin x="385" y="133" a="0" width="23.8" height="26.05"/>
  <ballskin x="406" y="132" a="0" width="23.8" height="26.05"/>
  <ballskin x="366" y="99" a="0" width="23.8" height="26.05"/>
  <ballskin x="383" y="111" a="0" width="23.8" height="26.05"/>
  <ballskin x="401" y="106" a="0" width="23.8" height="26.05"/>
  <staticskin x="190.5" y="2" cx="14" cy="-3" a="0" width="353" height="10"/>
  <springboardskin x="549" y="273" a="0" width="51" height="10.95"/>
  <boxskin x="580" y="77" a="0" width="50" height="50"/>
  <ballskin x="82" y="346" a="0" width="23.8" height="26.05"/>
  <ballskin x="126" y="338" a="0" width="23.8" height="26.05"/>
  <ballskin x="218" y="337" a="0" width="23.8" height="26.05"/>
  <rpointer x="347" y="259" a="0" width="40" height="33.7"/>
  <rpointer x="247" y="406" a="0" width="40" height="33.7"/>
  <lpointer x="475" y="208" a="0" width="40" height="33.7"/>
  <cactus x="669" y="333" a="0" width="20" height="42.55"/>
  <cheeseskin x="41" y="41" a="0" width="27.05" height="22"/>
  <minkskin x="681" y="34" a="0" width="36" height="27"/>
</scene>