<scene width="740" height="380">
  <timer time="80"/>
  <creator id="3023668"/>
  <bg id="3"/>
  <springboardskin x="136" y="254" a="0" width="51" height="10.95"/>
  <springboardskin x="243" y="307" a="0" width="51" height="10.95"/>
  <staticblueskin x="455.5" y="348.5" cx="268" cy="344" a="0" width="375" height="9"/>
  <cheeseskin x="685" y="352" a="0" width="27.05" height="22"/>
  <staticredskin x="688.5" y="197" cx="643" cy="188" a="0" width="91" height="18"/>
  <staticredskin x="682.5" y="371" cx="636" cy="366" a="0" width="93" height="10"/>
  <staticredskin x="458.5" y="335.5" cx="453" cy="319" a="0" width="11" height="33"/>
  <staticredskin x="500" y="320" cx="486" cy="286" a="0" width="28" height="68"/>
  <staticredskin x="555.5" y="328.5" cx="547" cy="310" a="0" width="17" height="37"/>
  <staticblueskin x="320" y="57" cx="-21" cy="54" a="0" width="682" height="6"/>
  <littlemouse x="28" y="29" a="0" width="37.35" height="34.3"/>
  <minkskin x="99" y="28" a="0" width="36" height="27"/>
  <staticblueskin x="367" y="-1" cx="5" cy="-4" a="0" width="724" height="6"/>
  <staticredskin x="189.5" y="46.5" cx="185" cy="39" a="0" width="9" height="15"/>
  <staticredskin x="333" y="48" cx="329" cy="41" a="0" width="8" height="14"/>
  <staticredskin x="479" y="48" cx="474" cy="38" a="0" width="10" height="20"/>
  <staticredskin x="416.5" y="7" cx="412" cy="-5" a="0" width="9" height="24"/>
  <staticredskin x="261" y="10" cx="257" cy="2" a="0" width="8" height="16"/>
  <staticredskin x="723" y="29.5" cx="717" cy="18" a="0" width="12" height="23"/>
  <staticredskin x="389.5" y="62" cx="115" cy="59" a="0" width="549" height="6"/>
  <staticredskin x="402.5" y="115.5" cx="56" cy="111" a="0" width="693" height="9"/>
  <springboardskin x="37" y="199" a="0" width="51" height="10.95"/>
</scene>