<scene width="740" height="380">
  <timer time="80"/>
  <creator id="237459"/>
  <bg id="3"/>
  <littlemouse x="37" y="352" a="0" width="37.35" height="34.3"/>
  <staticblueskin x="117.5" y="374" cx="-76" cy="368" a="0" width="387" height="12"/>
  <staticblueskin x="0" y="184" cx="-5" cy="-2" a="0" width="10" height="372"/>
  <staticblueskin x="403.7" y="287.45" cx="507" cy="206" a="140" width="263" height="8"/>
  <minkskin x="27" y="141" a="0" width="36" height="27"/>
  <staticredskin x="8" y="336" cx="4" cy="304" a="0" width="8" height="64"/>
  <staticredskin x="528" y="384" cx="311" cy="373" a="0" width="434" height="22"/>
  <staticredskin x="376.5" y="3" cx="-27" cy="-3" a="0" width="807" height="12"/>
  <staticredskin x="272" y="117" cx="267" cy="62" a="0" width="10" height="110"/>
  <staticredskin x="392.7" y="306.7" cx="511" cy="212" a="140" width="303" height="7"/>
  <ballskin x="604" y="263" a="0" width="23.8" height="26.05"/>
  <ballskin x="580" y="268" a="0" width="23.8" height="26.05"/>
  <ballskin x="456" y="278" a="0" width="23.8" height="26.05"/>
  <cheeseskin x="304" y="133" a="0" width="27.05" height="22"/>
  <ballskin x="141" y="110" a="0" width="23.8" height="26.05"/>
  <staticredskin x="340.35" y="240.925" cx="418" cy="181" a="140" width="196" height="8"/>
  <staticredskin x="130" y="306" cx="-9" cy="301" a="0" width="278" height="10"/>
  <staticblueskin x="199.5" y="178" cx="-7" cy="172" a="0" width="413" height="12"/>
  <staticredskin x="198.5" y="169" cx="0" cy="164" a="0" width="397" height="10"/>
  <staticblueskin x="342.17499999999995" y="119.875" cx="271" cy="53" a="40" width="195" height="11"/>
  <staticredskin x="606" y="208.5" cx="568" cy="203" a="0" width="76" height="11"/>
  <staticblueskin x="630.125" y="69.075" cx="517" cy="-2" a="30" width="267" height="10"/>
  <lpointer x="477" y="290" a="0" width="40" height="33.7"/>
  <lpointer x="269" y="39" a="0" width="40" height="33.7"/>
  <staticblueskin x="606" y="198" cx="568" cy="193" a="0" width="76" height="10"/>
  <ballskin x="40" y="269" a="0" width="23.8" height="26.05"/>
  <ballskin x="180" y="280" a="0" width="23.8" height="26.05"/>
  <heavyboxskin x="111" y="288" a="0" width="41" height="22"/>
  <springboardskin x="621" y="408" a="0" width="51" height="10.95"/>
  <cheeseskin x="607" y="232" a="0" width="27.05" height="22"/>
  <staticredskin x="737" y="221" cx="732" cy="5" a="0" width="10" height="432"/>
  <rpointer x="212" y="350" a="0" width="40" height="33.7"/>
  <heavyboxskin x="186" y="74" a="0" width="41" height="22"/>
</scene>