<scene width="740" height="380">
  <timer time="120"/>
  <creator id="1908470"/>
  <bg id="1"/>
  <ballskin x="536" y="136" a="0" width="23.8" height="26.05"/>
  <ground x="612.525" y="316" cx="603" cy="310" a="0" width="19.05" height="12"/>
  <ballskin x="593" y="163" a="0" width="23.8" height="26.05"/>
  <ballskin x="555" y="221" a="0" width="23.8" height="26.05"/>
  <ballskin x="623" y="219" a="0" width="23.8" height="26.05"/>
  <ballskin x="682" y="281" a="0" width="23.8" height="26.05"/>
  <groundblue x="21" y="220" cx="13" cy="83" a="0" width="17" height="275"/>
  <littlemouse x="24" y="76" a="0" width="37.35" height="34.3"/>
  <groundblue x="110.5" y="352.5" cx="12" cy="348" a="0" width="198" height="10"/>
  <groundblue x="215.5" y="252.025" cx="208" cy="146" a="0" width="16" height="213.05"/>
  <ground x="264.5" y="138.5" cx="159" cy="132" a="0" width="211" height="13"/>
  <cheeseskin x="235" y="159" a="0" width="27.05" height="22"/>
  <cheeseskin x="270" y="161" a="0" width="27.05" height="22"/>
  <cheeseskin x="230" y="184" a="0" width="27.05" height="22"/>
  <cheeseskin x="265" y="182" a="0" width="27.05" height="22"/>
  <groundred x="247.025" y="346.5" cx="237" cy="337" a="0" width="21.05" height="20"/>
  <groundred x="335.525" y="345.5" cx="305" cy="337" a="0" width="62.05" height="18"/>
  <staticblueskin x="408.5" y="301.5" cx="389" cy="286" a="0" width="39" height="31"/>
  <groundblue x="450.025" y="257.025" cx="435" cy="244" a="0" width="31.05" height="27.05"/>
  <groundblue x="493.025" y="214.5" cx="476" cy="199" a="0" width="35.05" height="32"/>
  <groundblue x="537.525" y="169" cx="519" cy="152" a="0" width="38.05" height="35"/>
  <groundblue x="582.525" y="194.025" cx="565" cy="179" a="0" width="36.05" height="31.05"/>
  <minkskin x="192" y="336" a="0" width="36" height="27"/>
  <groundblue x="245.5" y="202.5" cx="210" cy="196" a="0" width="72" height="14"/>
  <groundblue x="290.025" y="187.5" cx="282" cy="167" a="0" width="17.05" height="42"/>
  <ground x="620.075" y="235.525" cx="605" cy="221" a="0" width="30.15" height="29.05"/>
  <ground x="680.025" y="308.5" cx="665" cy="293" a="0" width="30.05" height="31"/>
  <ground x="609.525" y="353.5" cx="591" cy="346" a="0" width="37.05" height="15"/>
  <groundred x="447.35" y="238.25" cx="434" cy="234" a="0" width="27.7" height="9.5"/>
  <springboardskin x="524" y="335" a="0" width="51" height="10.95"/>
  <springboardskin x="567" y="245" a="0" width="51" height="10.95"/>
  <cheeseskin x="565" y="218" a="0" width="27.05" height="22"/>
  <rpointer x="533" y="135" a="0" width="40" height="33.7"/>
  <ballskin x="488" y="191" a="0" width="23.8" height="26.05"/>
  <ballskin x="349" y="324" a="0" width="23.8" height="26.05"/>
  <ballskin x="311" y="330" a="0" width="23.8" height="26.05"/>
  <ballskin x="325" y="314" a="0" width="23.8" height="26.05"/>
  <ballskin x="340" y="288" a="0" width="23.8" height="26.05"/>
  <ballskin x="314" y="280" a="0" width="23.8" height="26.05"/>
  <ballskin x="430" y="240" a="0" width="23.8" height="26.05"/>
  <ballskin x="402" y="278" a="0" width="23.8" height="26.05"/>
</scene>