<scene width="740" height="380">
  <timer time="60"/>
  <creator id="2651658"/>
  <bg id="10"/>
  <boxskin x="374" y="171" a="0" width="50" height="50"/>
  <staticskin x="23" y="364" cx="2" cy="361" a="0" width="42" height="6"/>
  <groundred x="17.825" y="357.25" cx="-8" cy="353" a="0" width="52.65" height="9.5"/>
  <staticskin x="37.5" y="297.5" cx="31" cy="259" a="0" width="13" height="77"/>
  <cheeseskin x="15" y="325" a="0" width="27.05" height="22"/>
  <littlemouse x="657" y="343" a="0" width="37.35" height="34.3"/>
  <minkskin x="290" y="21" a="0" width="36" height="27"/>
  <staticblueskin x="78.5" y="155.5" cx="76" cy="108" a="0" width="5" height="95"/>
  <staticblueskin x="-7" y="84" cx="-37" cy="81" a="0" width="60" height="6"/>
  <cheeseskin x="13" y="68" a="0" width="27.05" height="22"/>
  <tree x="13" y="150" a="0" width="78.35" height="100"/>
  <flowers1 x="74" y="188" a="0" width="60" height="58.2"/>
  <springboardskin x="105" y="167" a="0" width="51" height="10.95"/>
  <groundblue x="150.75" y="204.75" cx="-2" cy="200" a="0" width="306.5" height="10.5"/>
  <groundblue x="364.25" y="173.75" cx="330" cy="168" a="0" width="69.5" height="12.5"/>
  <groundblue x="459.25" y="145.25" cx="424" cy="138" a="0" width="71.5" height="15.5"/>
  <carriervertical x="543" y="125" linewidth="50" lineheight="200" boxwidth="50" boxheight="20"/>
  <carrierhorizontal x="267" y="57" linewidth="300" lineheight="20" boxwidth="50" boxheight="20"/>
  <ground x="646.5" y="101" cx="585" cy="96" a="0" width="123" height="10"/>
  <groundblue x="658.25" y="367.3" cx="577" cy="359" a="0" width="163.5" height="17.6"/>
  <groundblue x="403.25" y="369.25" cx="352" cy="363" a="0" width="103.5" height="13.5"/>
  <groundblue x="134.75" y="373.3" cx="42" cy="367" a="0" width="186.5" height="13.6"/>
  <boxskin x="132" y="237" a="0" width="50" height="50"/>
</scene>