<scene width="740" height="380">
  <timer time="80"/>
  <creator id="237459"/>
  <bg id="3"/>
  <staticblueskin x="255.5" y="380.5" cx="224" cy="377" a="0" width="63" height="7"/>
  <staticblueskin x="595.5" y="380" cx="275" cy="377" a="0" width="641" height="6"/>
  <staticblueskin x="433" y="191.5" cx="282" cy="187" a="0" width="302" height="9"/>
  <staticblueskin x="413.5" y="144" cx="282" cy="139" a="0" width="263" height="10"/>
  <staticblueskin x="454.5" y="91" cx="321" cy="86" a="0" width="267" height="10"/>
  <staticblueskin x="408.5" y="42" cx="282" cy="38" a="0" width="253" height="8"/>
  <staticblueskin x="286" y="290" cx="282" cy="187" a="0" width="8" height="206"/>
  <staticblueskin x="584.5" y="59" cx="581" cy="-24" a="0" width="7" height="166"/>
  <staticblueskin x="126.5" y="147" cx="-30" cy="143" a="0" width="313" height="8"/>
  <staticblueskin x="1" y="282" cx="-3" cy="145" a="0" width="8" height="274"/>
  <staticblueskin x="206.5" y="320.5" cx="203" cy="216" a="0" width="7" height="209"/>
  <staticblueskin x="245.5" y="238.5" cx="241" cy="146" a="0" width="9" height="185"/>
  <staticredskin x="257" y="375.5" cx="232" cy="373" a="0" width="50" height="5"/>
  <staticskin x="290.5" y="-1" cx="-6" cy="-7" a="0" width="593" height="12"/>
  <staticblueskin x="581.5" y="325.5" cx="578" cy="187" a="0" width="7" height="277"/>
  <staticskin x="77" y="95" cx="73" cy="43" a="0" width="8" height="104"/>
  <staticredskin x="114" y="138.5" cx="-54" cy="135" a="0" width="336" height="7"/>
  <staticskin x="2" y="40.5" cx="-2" cy="-55" a="0" width="8" height="191"/>
  <stone x="488" y="351" a="0" width="31.25" height="22.9"/>
  <staticskin x="128.5" y="36" cx="124" cy="-17" a="0" width="9" height="106"/>
  <staticskin x="181.5" y="92.5" cx="176" cy="39" a="0" width="11" height="107"/>
  <staticskin x="239" y="34.5" cx="233" cy="-20" a="0" width="12" height="109"/>
  <staticskin x="7" y="48" cx="-15" cy="43" a="0" width="44" height="10"/>
  <cheeseskin x="38" y="106" a="0" width="27.05" height="22"/>
  <staticblueskin x="664.5" y="3" cx="577" cy="-1" a="0" width="175" height="8"/>
  <staticblueskin x="742.5" y="215.5" cx="738" cy="2" a="0" width="9" height="427"/>
  <staticblueskin x="663" y="135" cx="582" cy="130" a="0" width="162" height="10"/>
  <cheeseskin x="666" y="82" a="0" width="27.05" height="22"/>
  <staticskin x="632" y="191.5" cx="583" cy="187" a="0" width="98" height="9"/>
  <staticskin x="684" y="244" cx="626" cy="239" a="0" width="116" height="10"/>
  <staticskin x="632" y="302" cx="582" cy="297" a="0" width="100" height="10"/>
  <staticskin x="686.5" y="353.5" cx="627" cy="349" a="0" width="119" height="9"/>
  <minkskin x="605" y="332" a="0" width="36" height="27"/>
  <staticblueskin x="334" y="284" cx="329" cy="190" a="0" width="10" height="188"/>
  <staticblueskin x="392" y="290" cx="386" cy="190" a="0" width="12" height="200"/>
  <staticblueskin x="457" y="288" cx="451" cy="187" a="0" width="12" height="202"/>
  <staticblueskin x="522" y="293" cx="517" cy="189" a="0" width="10" height="208"/>
  <stone x="425" y="357" a="0" width="31.25" height="22.9"/>
  <stone x="362" y="357" a="0" width="31.25" height="22.9"/>
  <stone x="309" y="357" a="0" width="31.25" height="22.9"/>
  <staticblueskin x="285.5" y="91.5" cx="281" cy="40" a="0" width="9" height="103"/>
  <staticblueskin x="104" y="381" cx="0" cy="376" a="0" width="208" height="10"/>
  <stone x="552" y="352" a="0" width="31.25" height="22.9"/>
  <littlemouse x="118" y="320" a="0" width="37.35" height="34.3"/>
  <staticredskin x="27.675" y="362.275" cx="3" cy="344" a="30" width="61" height="7"/>
</scene>