<scene width="740" height="380">
  <timer time="60"/>
  <creator id="2969509"/>
  <bg id="1"/>
  <staticblueskin x="656.5" y="186.5" cx="558" cy="179" a="0" width="197" height="15"/>
  <staticblueskin x="581" y="245" cx="479" cy="237" a="0" width="204" height="16"/>
  <staticblueskin x="668" y="292" cx="597" cy="284" a="0" width="142" height="16"/>
  <cheeseskin x="479" y="67" a="0" width="27.05" height="22"/>
  <cheeseskin x="500" y="114" a="0" width="27.05" height="22"/>
  <cheeseskin x="428" y="334" a="0" width="27.05" height="22"/>
  <groundred x="337" y="166" cx="331" cy="19" a="0" width="12" height="294"/>
  <minkskin x="724" y="354" a="0" width="36" height="27"/>
  <groundblue x="359.5" y="377" cx="-20" cy="369" a="0" width="759" height="16"/>
  <staticskin x="186.5" y="369" cx="86" cy="340" a="0" width="201" height="58"/>
  <littlemouse x="20" y="11" a="0" width="37.35" height="34.3"/>
  <staticredskin x="410" y="442" cx="345" cy="362" a="0" width="130" height="160"/>
  <groundred x="469.625" y="234" cx="463" cy="94" a="0" width="13.25" height="280"/>
  <staticblueskin x="581" y="129.5" cx="491" cy="123" a="0" width="180" height="13"/>
</scene>