<scene width="740" height="380">
  <timer time="40"/>
  <creator id="2948106"/>
  <bg id="1"/>
  <springboardskin x="343" y="173" a="0" width="51" height="10.95"/>
  <littlemouse x="34" y="352" a="0" width="37.35" height="34.3"/>
  <cheeseskin x="551" y="315" a="0" width="27.05" height="22"/>
  <staticskin x="100" y="63.5" cx="62" cy="58" a="0" width="76" height="11"/>
  <staticblueskin x="586" y="306.5" cx="581" cy="263" a="0" width="10" height="87"/>
  <staticblueskin x="548.5" y="277" cx="517" cy="270" a="0" width="63" height="14"/>
  <staticblueskin x="514" y="328" cx="507" cy="287" a="0" width="14" height="82"/>
  <cactus x="551" y="237" a="0" width="20" height="42.55"/>
  <staticredskin x="111" y="48.5" cx="108" cy="46" a="0" width="6" height="5"/>
  <springboardskin x="169" y="116" a="0" width="51" height="10.95"/>
  <springboardskin x="26" y="117" a="0" width="51" height="10.95"/>
  <flowers2 x="359" y="348" a="0" width="60" height="33.45"/>
  <staticblueskin x="408.5" y="-25" cx="405" cy="-83" a="0" width="7" height="116"/>
  <staticblueskin x="407" y="81.5" cx="371" cy="78" a="0" width="72" height="7"/>
  <staticredskin x="90.5" y="52" cx="84" cy="45" a="0" width="13" height="14"/>
  <staticredskin x="123" y="52.5" cx="115" cy="46" a="0" width="16" height="13"/>
  <staticredskin x="75" y="52" cx="67" cy="46" a="0" width="16" height="12"/>
  <staticredskin x="105" y="51" cx="98" cy="45" a="0" width="14" height="12"/>
  <staticredskin x="138" y="119" cx="132" cy="114" a="0" width="12" height="10"/>
  <staticredskin x="59" y="119" cx="55" cy="114" a="0" width="8" height="10"/>
  <cheeseskin x="101" y="33" a="0" width="27.05" height="22"/>
  <ballskin x="275" y="405" a="0" width="23.8" height="26.05"/>
  <rpointer x="30" y="112" a="0" width="40" height="33.7"/>
  <staticskin x="155" y="374" cx="4" cy="369" a="0" width="302" height="10"/>
  <lpointer x="165" y="111" a="0" width="40" height="33.7"/>
  <tree x="81" y="317" a="0" width="78.35" height="100"/>
  <tree x="208" y="317" a="0" width="78.35" height="100"/>
  <groundblue x="102.5" y="137" cx="20" cy="128" a="0" width="166" height="19"/>
  <minkskin x="652" y="314" a="0" width="36" height="27"/>
  <groundblue x="657.025" y="351" cx="583" cy="346" a="0" width="149.05" height="11"/>
  <springboardskin x="299" y="305" a="0" width="51" height="10.95"/>
  <springboardskin x="446" y="263" a="0" width="51" height="10.95"/>
  <staticblueskin x="414" y="375" cx="307" cy="369" a="0" width="214" height="12"/>
  <springboardskin x="213" y="166" a="0" width="51" height="10.95"/>
  <cheeseskin x="411" y="55" a="0" width="27.05" height="22"/>
  <boxskin x="407" y="49" a="0" width="50" height="50"/>
</scene>