<scene width="740" height="380">
  <timer time="60"/>
  <creator id="2677061"/>
  <bg id="0"/>
  <groundblue x="346.375" y="277.75" cx="343" cy="179" a="0" width="7.75" height="198.5"/>
  <groundblue x="499.3" y="289.75" cx="496" cy="194" a="0" width="7.6" height="192.5"/>
  <springboardskin x="497" y="182" a="0" width="51" height="10.95"/>
  <springboardskin x="654" y="92" a="0" width="51" height="10.95"/>
  <groundblue x="411.775" y="316.25" cx="395" cy="250" a="0" width="34.55" height="133.5"/>
  <littlemouse x="42" y="32" a="0" width="37.35" height="34.3"/>
  <groundblue x="694.525" y="228" cx="685" cy="78" a="0" width="20.05" height="301"/>
  <groundred x="258" y="369" cx="210" cy="359" a="0" width="97" height="21"/>
  <groundred x="166.25" y="342.425" cx="125" cy="339" a="0" width="83.5" height="7.85"/>
  <staticblueskin x="81.5" y="137.5" cx="79" cy="74" a="0" width="5" height="127"/>
  <staticblueskin x="145.5" y="211" cx="141" cy="132" a="0" width="9" height="158"/>
  <staticblueskin x="212" y="219" cx="208" cy="81" a="0" width="8" height="276"/>
  <springboardskin x="273" y="337" a="0" width="51" height="10.95"/>
  <springboardskin x="303" y="227" a="0" width="51" height="10.95"/>
  <springboardskin x="461" y="268" a="0" width="51" height="10.95"/>
  <springboardskin x="563" y="88" a="0" width="51" height="10.95"/>
  <ballskin x="39" y="34" a="0" width="23.8" height="26.05"/>
  <ballskin x="145" y="116" a="0" width="23.8" height="26.05"/>
  <ballskin x="343" y="38" a="0" width="23.8" height="26.05"/>
  <cheeseskin x="96" y="296" a="0" width="27.05" height="22"/>
  <springboardskin x="88" y="346" a="0" width="51" height="10.95"/>
  <minkskin x="724" y="364" a="0" width="36" height="27"/>
  <staticskin x="41.5" y="59" cx="15" cy="48" a="0" width="53" height="22"/>
  <tree x="714" y="331" a="0" width="78.35" height="100"/>
  <carriervertical x="621" y="401" linewidth="50" lineheight="200" boxwidth="50" boxheight="20"/>
</scene>