<scene width="740" height="380">
  <timer time="180"/>
  <creator id="2730061"/>
  <bg id="4"/>
  <staticblueskin x="380.5" y="361.5" cx="18" cy="357" a="0" width="725" height="9"/>
  <littlemouse x="55" y="325" a="0" width="37.35" height="34.3"/>
  <carrierhorizontal x="109" y="307" linewidth="300" lineheight="20" boxwidth="50" boxheight="20"/>
  <carrierhorizontal x="210" y="266" linewidth="300" lineheight="20" boxwidth="50" boxheight="20"/>
  <carrierhorizontal x="290" y="300" linewidth="300" lineheight="20" boxwidth="50" boxheight="20"/>
  <staticredskin x="552.5" y="234" cx="384" cy="127" a="0" width="337" height="214"/>
  <minkskin x="680" y="93" a="0" width="36" height="27"/>
  <cheeseskin x="348" y="409" a="0" width="27.05" height="22"/>
  <cactus x="356" y="327" a="0" width="20" height="42.55"/>
  <carrierhorizontal x="110" y="227" linewidth="300" lineheight="20" boxwidth="50" boxheight="20"/>
  <carrierhorizontal x="32" y="137" linewidth="300" lineheight="20" boxwidth="50" boxheight="20"/>
  <carrierhorizontal x="63" y="192" linewidth="300" lineheight="20" boxwidth="50" boxheight="20"/>
  <cheeseskin x="55" y="90" a="0" width="27.05" height="22"/>
</scene>