<scene width="740" height="380">
  <timer time="60"/>
  <creator id="237459"/>
  <bg id="1"/>
  <staticblueskin x="447.225" y="187.55" cx="462" cy="128" a="20" width="13" height="122"/>
  <staticblueskin x="464.5" y="208" cx="443" cy="205" a="0" width="43" height="6"/>
  <staticblueskin x="313.5" y="257.5" cx="-28" cy="253" a="0" width="683" height="9"/>
  <cheeseskin x="389" y="281" a="0" width="27.05" height="22"/>
  <staticblueskin x="610" y="373" cx="477" cy="367" a="0" width="266" height="12"/>
  <springboardskin x="432" y="371" a="0" width="51" height="10.95"/>
  <springboardskin x="362" y="372" a="0" width="51" height="10.95"/>
  <springboardskin x="294" y="373" a="0" width="51" height="10.95"/>
  <staticredskin x="709.5" y="367" cx="681" cy="364" a="0" width="57" height="6"/>
  <minkskin x="388" y="224" a="0" width="36" height="27"/>
  <staticblueskin x="260.5" y="327.5" cx="255" cy="261" a="0" width="11" height="133"/>
  <cheeseskin x="126" y="321" a="0" width="27.05" height="22"/>
  <staticblueskin x="124" y="375.5" cx="-16" cy="371" a="0" width="280" height="9"/>
  <staticblueskin x="1" y="319" cx="-5" cy="261" a="0" width="12" height="116"/>
  <littlemouse x="18" y="41" a="0" width="37.35" height="34.3"/>
  <staticblueskin x="16" y="148.5" cx="10" cy="60" a="0" width="12" height="177"/>
  <staticblueskin x="43.349999999999994" y="103.25" cx="23" cy="59" a="60" width="97" height="9"/>
  <staticblueskin x="92.775" y="102.875" cx="121" cy="62" a="120" width="99" height="8"/>
  <staticblueskin x="118.5" y="149.5" cx="113" cy="61" a="0" width="11" height="177"/>
  <staticblueskin x="136" y="181" cx="131" cy="126" a="0" width="10" height="110"/>
  <staticblueskin x="157.15" y="184.85000000000002" cx="179" cy="138" a="110" width="103" height="9"/>
  <staticblueskin x="554.45" y="193.525" cx="465" cy="126" a="35" width="224" height="8"/>
  <staticblueskin x="179.5" y="179.5" cx="176" cy="124" a="0" width="7" height="111"/>
  <staticblueskin x="228.85" y="182.8" cx="244" cy="237" a="170" width="11" height="112"/>
  <staticblueskin x="209.7" y="182.1" cx="214" cy="126" a="10" width="11" height="112"/>
  <staticblueskin x="312.35" y="188.075" cx="338" cy="241" a="160" width="12" height="117"/>
  <staticblueskin x="273.35" y="184.375" cx="288" cy="128" a="20" width="11" height="116"/>
  <staticblueskin x="292.5" y="199" cx="269" cy="195" a="0" width="47" height="8"/>
  <staticblueskin x="363.5" y="185.5" cx="358" cy="128" a="0" width="11" height="115"/>
  <staticblueskin x="385" y="241.5" cx="358" cy="238" a="0" width="54" height="7"/>
  <staticblueskin x="410" y="185" cx="405" cy="126" a="0" width="10" height="118"/>
  <staticblueskin x="411" y="272.5" cx="406" cy="242" a="0" width="10" height="61"/>
  <staticblueskin x="378.5" y="303.5" cx="341" cy="298" a="0" width="75" height="11"/>
  <staticblueskin x="486.2" y="191.375" cx="513" cy="246" a="160" width="13" height="121"/>
</scene>