<scene width="740" height="380">
  <timer time="60"/>
  <creator id="2490418"/>
  <bg id="4"/>
  <groundred x="664" y="78.675" cx="654" cy="75" a="0" width="21" height="8.35"/>
  <groundred x="350.525" y="93" cx="339" cy="88" a="0" width="24.05" height="11"/>
  <groundred x="53.55" y="69.125" cx="46" cy="65" a="0" width="16.1" height="9.25"/>
  <groundblue x="318.175" y="342.875" cx="313" cy="328" a="0" width="11.35" height="30.75"/>
  <groundblue x="362.5" y="352.5" cx="42" cy="347" a="0" width="642" height="12"/>
  <cheeseskin x="319" y="367" a="0" width="27.05" height="22"/>
  <cheeseskin x="665" y="63" a="0" width="27.05" height="22"/>
  <cheeseskin x="52" y="49" a="0" width="27.05" height="22"/>
  <staticblueskin x="577" y="268.5" cx="493" cy="263" a="0" width="168" height="11"/>
  <staticblueskin x="132" y="261" cx="60" cy="254" a="0" width="144" height="14"/>
  <staticskin x="479.5" y="297" cx="464" cy="274" a="0" width="31" height="46"/>
  <staticskin x="226" y="292.5" cx="205" cy="267" a="0" width="42" height="51"/>
  <groundblue x="465" y="309.025" cx="444" cy="297" a="0" width="43" height="25.05"/>
  <groundblue x="268" y="307.525" cx="247" cy="296" a="0" width="43" height="24.05"/>
  <staticblueskin x="405" y="221" cx="346" cy="208" a="0" width="118" height="26"/>
  <staticblueskin x="288.5" y="214.5" cx="226" cy="200" a="0" width="125" height="29"/>
  <staticblueskin x="124.5" y="185" cx="70" cy="174" a="0" width="109" height="22"/>
  <staticblueskin x="583" y="185" cx="524" cy="168" a="0" width="118" height="34"/>
  <staticblueskin x="416.5" y="133.5" cx="358" cy="116" a="0" width="117" height="35"/>
  <staticblueskin x="99" y="105" cx="81" cy="89" a="0" width="36" height="32"/>
  <ground x="357" y="374" cx="-68" cy="363" a="0" width="850" height="22"/>
  <groundred x="382.5" y="373.5" cx="-11" cy="370" a="0" width="788" height="8"/>
  <groundblue x="356.025" y="186" cx="349" cy="98" a="0" width="15.05" height="177"/>
  <cheeseskin x="350" y="67" a="0" width="27.05" height="22"/>
  <groundblue x="57.5" y="180.5" cx="49" cy="92" a="0" width="18" height="178"/>
  <groundblue x="666.5" y="185" cx="655" cy="96" a="0" width="24" height="179"/>
  <ground x="370" y="339.5" cx="-12" cy="315" a="0" width="764" height="49"/>
  <carriervertical x="725" y="89" linewidth="50" lineheight="200" boxwidth="50" boxheight="20"/>
  <carriervertical x="12" y="93" linewidth="50" lineheight="200" boxwidth="50" boxheight="20"/>
  <tree2 x="667" y="262" a="0" width="84.85" height="100"/>
  <tree2 x="387" y="261" a="0" width="84.85" height="100"/>
  <tree2 x="313" y="258" a="0" width="84.85" height="100"/>
  <tree2 x="56" y="259" a="0" width="84.85" height="100"/>
  <cheeseskin x="336" y="353" a="0" width="27.05" height="22"/>
  <flowers1 x="509" y="300" a="0" width="60" height="58.2"/>
  <flowers1 x="529" y="404" a="0" width="60" height="58.2"/>
  <flowers1 x="529" y="404" a="0" width="60" height="58.2"/>
  <flowers1 x="642" y="299" a="0" width="60" height="58.2"/>
  <flowers1 x="526" y="405" a="0" width="60" height="58.2"/>
  <flowers1 x="526" y="405" a="0" width="60" height="58.2"/>
  <flowers1 x="86" y="299" a="0" width="60" height="58.2"/>
  <flowers1 x="515" y="407" a="0" width="60" height="58.2"/>
  <flowers1 x="187" y="301" a="0" width="60" height="58.2"/>
  <springboardskin x="350" y="104" a="0" width="51" height="10.95"/>
  <springboardskin x="664" y="88" a="0" width="51" height="10.95"/>
  <springboardskin x="51" y="83" a="0" width="51" height="10.95"/>
  <minkskin x="353" y="298" a="0" width="36" height="27"/>
  <staticblueskin x="258.5" y="122" cx="185" cy="114" a="0" width="147" height="16"/>
  <staticblueskin x="628" y="99" cx="571" cy="94" a="0" width="114" height="10"/>
  <littlemouse x="352" y="302" a="0" width="37.35" height="34.3"/>
</scene>