<scene width="740" height="380">
  <timer time="60"/>
  <creator id="2843130"/>
  <bg id="2"/>
  <groundblue x="294.25" y="326.75" cx="254" cy="315" a="0" width="81.5" height="24.5"/>
  <ground x="365" y="192" cx="352" cy="46" a="0" width="26" height="292"/>
  <ground x="396.5" y="324.5" cx="353" cy="312" a="0" width="87" height="25"/>
  <groundred x="520.25" y="324.275" cx="478" cy="313" a="0" width="85.5" height="23.55"/>
  <groundred x="515.75" y="48.75" cx="474" cy="39" a="0" width="84.5" height="20.5"/>
  <groundred x="471.775" y="188.75" cx="456" cy="54" a="0" width="32.55" height="270.5"/>
  <groundred x="566.775" y="192.75" cx="553" cy="62" a="0" width="28.55" height="262.5"/>
  <ballskin x="524" y="218" a="0" width="23.8" height="26.05"/>
  <ballskin x="513" y="112" a="0" width="23.8" height="26.05"/>
  <ballskin x="503" y="289" a="0" width="23.8" height="26.05"/>
  <ballskin x="521" y="271" a="0" width="23.8" height="26.05"/>
  <ballskin x="529" y="186" a="0" width="23.8" height="26.05"/>
  <ballskin x="499" y="186" a="0" width="23.8" height="26.05"/>
  <ballskin x="536" y="137" a="0" width="23.8" height="26.05"/>
  <staticblueskin x="39" y="323" cx="28" cy="317" a="0" width="22" height="12"/>
  <ballskin x="500" y="242" a="0" width="23.8" height="26.05"/>
  <cactus x="407" y="293" a="0" width="20" height="42.55"/>
  <cactus x="305" y="296" a="0" width="20" height="42.55"/>
  <staticblueskin x="132" y="169" cx="124" cy="162" a="0" width="16" height="14"/>
  <carriervertical x="623" y="157" linewidth="50" lineheight="200" boxwidth="50" boxheight="20"/>
  <springboardskin x="686" y="115" a="0" width="51" height="10.95"/>
  <tree2 x="200" y="269" a="0" width="84.85" height="100"/>
  <tree2 x="208" y="110" a="0" width="84.85" height="100"/>
  <staticblueskin x="80" y="132.5" cx="71" cy="127" a="0" width="18" height="11"/>
  <staticblueskin x="40" y="71.5" cx="30" cy="66" a="0" width="20" height="11"/>
  <flowers2 x="518" y="294" a="0" width="60" height="33.45"/>
  <ballskin x="506" y="155" a="0" width="23.8" height="26.05"/>
  <ballskin x="516" y="77" a="0" width="23.8" height="26.05"/>
  <ballskin x="542" y="91" a="0" width="23.8" height="26.05"/>
  <ballskin x="516" y="121" a="0" width="23.8" height="26.05"/>
  <ballskin x="534" y="236" a="0" width="23.8" height="26.05"/>
  <ballskin x="503" y="215" a="0" width="23.8" height="26.05"/>
  <cheeseskin x="64" y="236" a="0" width="27.05" height="22"/>
  <minkskin x="64" y="151" a="0" width="36" height="27"/>
  <staticblueskin x="381" y="382" cx="30" cy="372" a="0" width="702" height="20"/>
  <littlemouse x="61" y="151" a="0" width="37.35" height="34.3"/>
  <springboardskin x="309" y="59" a="0" width="51" height="10.95"/>
  <staticskin x="23" y="185.5" cx="11" cy="41" a="0" width="24" height="289"/>
  <staticskin x="59.5" y="183.5" cx="27" cy="166" a="0" width="65" height="35"/>
  <staticskin x="103.5" y="187" cx="90" cy="43" a="0" width="27" height="288"/>
  <staticblueskin x="157.5" y="189" cx="149" cy="45" a="0" width="17" height="288"/>
  <staticblueskin x="192.5" y="172" cx="150" cy="162" a="0" width="85" height="20"/>
  <staticblueskin x="186" y="326" cx="157" cy="316" a="0" width="58" height="20"/>
  <staticblueskin x="172" y="57" cx="152" cy="44" a="0" width="40" height="26"/>
  <groundblue x="259.775" y="190.25" cx="250" cy="44" a="0" width="20.55" height="293.5"/>
</scene>