<scene width="740" height="380">
  <timer time="80"/>
  <creator id="2194700"/>
  <bg id="4"/>
  <ballskin x="409" y="160" a="0" width="25" height="25"/>
  <ballskin x="392" y="83" a="0" width="25" height="25"/>
  <ballskin x="123" y="129" a="0" width="25" height="25"/>
  <ballskin x="223" y="123" a="0" width="25" height="25"/>
  <springboardskin x="93" y="339" a="0" width="51" height="10.95"/>
  <cheeseskin x="88" y="243" a="0" width="27.05" height="22"/>
  <rpointer x="264" y="139" a="0" width="40" height="33.7"/>
  <flowers2 x="560" y="343" a="0" width="60" height="33.45"/>
  <flowers2 x="544" y="401" a="0" width="60" height="33.45"/>
  <cactus x="469" y="153" a="0" width="20" height="42.55"/>
  <cactus x="391" y="158" a="0" width="20" height="42.55"/>
  <cactus x="313" y="151" a="0" width="20" height="42.55"/>
  <cactus x="230" y="148" a="0" width="20" height="42.55"/>
  <cactus x="136" y="148" a="0" width="20" height="42.55"/>
  <flowers2 x="375" y="353" a="0" width="60" height="33.45"/>
  <flowers2 x="176" y="335" a="0" width="60" height="33.45"/>
  <carrierhorizontal x="583" y="408" linewidth="300" lineheight="20" boxwidth="50" boxheight="20"/>
  <carrierhorizontal x="72" y="294" linewidth="300" lineheight="20" boxwidth="50" boxheight="20"/>
  <carrierhorizontal x="379" y="297" linewidth="300" lineheight="20" boxwidth="50" boxheight="20"/>
  <carriervertical x="612" y="172" linewidth="50" lineheight="200" boxwidth="50" boxheight="20"/>
  <littlemouse x="40" y="69" a="0" width="37.35" height="34.3"/>
  <minkskin x="399" y="211" a="0" width="36" height="27"/>
  <staticblueskin x="293.5" y="179" cx="14" cy="174" a="0" width="559" height="10"/>
  <cheeseskin x="273" y="234" a="0" width="27.05" height="22"/>
  <cheeseskin x="657" y="54" a="0" width="27.05" height="22"/>
  <cheeseskin x="350" y="31" a="0" width="27.05" height="22"/>
  <cheeseskin x="702" y="181" a="0" width="27.05" height="22"/>
  <springboardskin x="443" y="347" a="0" width="51" height="10.95"/>
  <ballskin x="150" y="38" a="0" width="25" height="25"/>
  <springboardskin x="284" y="351" a="0" width="51" height="10.95"/>
  <ballskin x="177" y="39" a="0" width="25" height="25"/>
  <ballskin x="201" y="35" a="0" width="25" height="25"/>
  <ballskin x="228" y="66" a="0" width="25" height="25"/>
  <ballskin x="253" y="73" a="0" width="25" height="25"/>
  <ballskin x="267" y="82" a="0" width="25" height="25"/>
  <ballskin x="323" y="115" a="0" width="25" height="25"/>
  <ballskin x="461" y="97" a="0" width="25" height="25"/>
</scene>