<scene width="740" height="380">
  <timer time="40"/>
  <creator id="2878632"/>
  <bg id="1"/>
  <staticskin x="74.5" y="354" cx="10" cy="327" a="0" width="129" height="54"/>
  <staticskin x="285.5" y="346.5" cx="227" cy="313" a="0" width="117" height="67"/>
  <staticskin x="461.5" y="303" cx="422" cy="226" a="0" width="79" height="154"/>
  <staticblueskin x="407" y="303.5" cx="391" cy="300" a="0" width="32" height="7"/>
  <staticblueskin x="414.5" y="273.5" cx="407" cy="270" a="0" width="15" height="7"/>
  <staticredskin x="369" y="248.5" cx="350" cy="244" a="0" width="38" height="9"/>
  <staticskin x="153.5" y="104.5" cx="23" cy="85" a="0" width="261" height="39"/>
  <staticskin x="90.5" y="63.5" cx="88" cy="48" a="0" width="5" height="31"/>
  <staticblueskin x="69" y="49" cx="51" cy="46" a="0" width="36" height="6"/>
  <cheeseskin x="68" y="67" a="0" width="27.05" height="22"/>
  <staticblueskin x="708" y="342.5" cx="676" cy="334" a="0" width="64" height="17"/>
  <staticskin x="738.5" y="320.5" cx="736" cy="310" a="0" width="5" height="21"/>
  <minkskin x="724" y="321" a="0" width="36" height="27"/>
  <springboardskin x="556" y="288" a="0" width="51" height="10.95"/>
  <staticredskin x="635" y="267.5" cx="601" cy="259" a="0" width="68" height="17"/>
  <cheeseskin x="716" y="21" a="0" width="27.05" height="22"/>
  <staticskin x="668.5" y="27" cx="658" cy="18" a="0" width="21" height="18"/>
  <staticskin x="710.5" y="52" cx="681" cy="34" a="0" width="59" height="36"/>
  <staticredskin x="531" y="52.5" cx="466" cy="47" a="0" width="130" height="11"/>
  <stone x="635" y="9" a="0" width="31.25" height="22.9"/>
  <littlemouse x="29" y="305" a="0" width="37.35" height="34.3"/>
  <staticblueskin x="47" y="51" cx="33" cy="47" a="0" width="28" height="8"/>
</scene>