<scene width="740" height="380">
  <timer time="180"/>
  <creator id="2292327"/>
  <bg id="3"/>
  <groundred x="441.5" y="299.5" cx="388" cy="285" a="0" width="108" height="30"/>
  <groundred x="630.5" y="161.525" cx="581" cy="145" a="0" width="100" height="34.05"/>
  <groundblue x="189" y="388.025" cx="159" cy="377" a="0" width="61" height="23.05"/>
  <rpointer x="202" y="371" a="0" width="40" height="33.7"/>
  <minkskin x="621" y="120" a="0" width="36" height="27"/>
  <cheeseskin x="187" y="261" a="0" width="27.05" height="22"/>
  <ground x="249.5" y="177.125" cx="167" cy="174" a="0" width="165" height="6.25"/>
  <groundred x="255" y="209" cx="167" cy="180" a="0" width="177" height="59"/>
  <littlemouse x="181" y="137" a="0" width="37.35" height="34.3"/>
  <groundblue x="289.5" y="307.5" cx="204" cy="269" a="0" width="172" height="78"/>
  <ground x="151.025" y="265" cx="139" cy="175" a="0" width="24.05" height="180"/>
  <ground x="488.5" y="106.55" cx="446" cy="99" a="0" width="85" height="15.1"/>
</scene>