<scene width="740" height="380">
  <timer time="60"/>
  <creator id="745772"/>
  <bg id="0"/>
  <staticblueskin x="410" y="328" cx="405" cy="279" a="0" width="10" height="98"/>
  <staticblueskin x="375.5" y="374.5" cx="351" cy="368" a="0" width="49" height="13"/>
  <staticblueskin x="570.5" y="317.5" cx="567" cy="271" a="0" width="7" height="93"/>
  <staticblueskin x="644.5" y="319" cx="640" cy="274" a="0" width="9" height="90"/>
  <staticblueskin x="605.5" y="373.5" cx="574" cy="368" a="0" width="63" height="11"/>
  <minkskin x="74" y="196" a="0" width="36" height="27"/>
  <springboardskin x="177" y="156" a="0" width="51" height="10.95"/>
  <staticredskin x="265" y="202" cx="229" cy="199" a="0" width="72" height="6"/>
  <littlemouse x="73" y="190" a="0" width="37.35" height="34.3"/>
  <ballskin x="716" y="90" a="0" width="25" height="25"/>
  <ballskin x="658" y="140" a="0" width="25" height="25"/>
  <ballskin x="717" y="211" a="0" width="25" height="25"/>
  <ballskin x="313" y="341" a="0" width="25" height="25"/>
  <staticredskin x="361" y="378.5" cx="1" cy="375" a="0" width="720" height="7"/>
  <ballskin x="497" y="326" a="0" width="25" height="25"/>
  <ballskin x="242" y="361" a="0" width="25" height="25"/>
  <ballskin x="52" y="334" a="0" width="25" height="25"/>
  <cheeseskin x="100" y="351" a="0" width="27.05" height="22"/>
  <staticblueskin x="44" y="142.5" cx="37" cy="65" a="0" width="14" height="155"/>
  <staticblueskin x="46.5" y="57" cx="-13" cy="49" a="0" width="119" height="16"/>
  <staticblueskin x="33.5" y="217.5" cx="-33" cy="209" a="0" width="133" height="17"/>
  <staticblueskin x="221" y="138" cx="214" cy="50" a="0" width="14" height="176"/>
  <staticblueskin x="258.5" y="215.5" cx="215" cy="205" a="0" width="87" height="21"/>
  <staticblueskin x="312.5" y="136" cx="303" cy="46" a="0" width="19" height="180"/>
  <staticblueskin x="346.5" y="56" cx="302" cy="49" a="0" width="89" height="14"/>
  <staticblueskin x="387.5" y="131" cx="381" cy="49" a="0" width="13" height="164"/>
  <staticblueskin x="353.5" y="217" cx="316" cy="210" a="0" width="75" height="14"/>
  <staticblueskin x="415.8" y="136.175" cx="379" cy="57" a="-20" width="15" height="174"/>
  <staticblueskin x="467.275" y="137.85" cx="488" cy="56" a="20" width="17" height="168"/>
  <staticblueskin x="499" y="142" cx="490" cy="53" a="0" width="18" height="178"/>
  <springboardskin x="606" y="361" a="0" width="51" height="10.95"/>
  <staticblueskin x="522" y="59" cx="491" cy="54" a="0" width="62" height="10"/>
  <staticredskin x="540" y="141" cx="490" cy="134" a="0" width="100" height="14"/>
  <staticredskin x="524" y="221.5" cx="490" cy="211" a="0" width="68" height="21"/>
  <staticblueskin x="623" y="144" cx="616" cy="47" a="0" width="14" height="194"/>
  <staticblueskin x="652" y="58" cx="632" cy="47" a="0" width="40" height="22"/>
  <staticblueskin x="703.5" y="109" cx="669" cy="102" a="0" width="69" height="14"/>
  <staticblueskin x="654" y="161.5" cx="616" cy="152" a="0" width="76" height="19"/>
  <staticblueskin x="709" y="222.5" cx="664" cy="213" a="0" width="90" height="19"/>
  <staticblueskin x="101.875" y="304.375" cx="85" cy="277" a="-20" width="13" height="63"/>
  <staticblueskin x="127.9" y="328.2" cx="140" cy="273" a="20" width="15" height="112"/>
  <staticblueskin x="346" y="326.5" cx="339" cy="272" a="0" width="14" height="109"/>
  <staticblueskin x="379.5" y="278.5" cx="351" cy="274" a="0" width="57" height="9"/>
</scene>