<scene width="740" height="380">
  <timer time="80"/>
  <creator id="2783416"/>
  <bg id="0"/>
  <springboardskin x="251" y="356" a="0" width="51" height="10.95"/>
  <springboardskin x="327" y="359" a="0" width="51" height="10.95"/>
  <springboardskin x="394" y="366" a="0" width="51" height="10.95"/>
  <springboardskin x="460" y="366" a="0" width="51" height="10.95"/>
  <springboardskin x="517" y="361" a="0" width="51" height="10.95"/>
  <springboardskin x="565" y="362" a="0" width="51" height="10.95"/>
  <springboardskin x="620" y="366" a="0" width="51" height="10.95"/>
  <springboardskin x="701" y="358" a="0" width="51" height="10.95"/>
  <minkskin x="25" y="343" a="0" width="36" height="27"/>
  <littlemouse x="49" y="34" a="0" width="37.35" height="34.3"/>
  <staticblueskin x="541.5" y="138.5" cx="522" cy="131" a="0" width="39" height="15"/>
  <staticblueskin x="50.5" y="60.5" cx="31" cy="47" a="0" width="39" height="27"/>
  <staticblueskin x="101.5" y="109" cx="77" cy="94" a="0" width="49" height="30"/>
  <staticblueskin x="185.5" y="81.5" cx="169" cy="66" a="0" width="33" height="31"/>
  <staticblueskin x="257" y="160.5" cx="239" cy="148" a="0" width="36" height="25"/>
  <staticblueskin x="342.5" y="229.5" cx="325" cy="216" a="0" width="35" height="27"/>
  <staticblueskin x="419" y="211" cx="402" cy="199" a="0" width="34" height="24"/>
  <staticblueskin x="494" y="174" cx="480" cy="162" a="0" width="28" height="24"/>
  <staticblueskin x="379.5" y="119.5" cx="371" cy="109" a="0" width="17" height="21"/>
  <staticblueskin x="582" y="131.5" cx="567" cy="123" a="0" width="30" height="17"/>
  <staticblueskin x="646" y="112" cx="630" cy="103" a="0" width="32" height="18"/>
  <cheeseskin x="646" y="91" a="0" width="27.05" height="22"/>
  <springboardskin x="25" y="361" a="0" width="51" height="10.95"/>
  <springboardskin x="108" y="360" a="0" width="51" height="10.95"/>
  <springboardskin x="171" y="356" a="0" width="51" height="10.95"/>
</scene>