<scene width="740" height="380">
  <timer time="80"/>
  <creator id="2160293"/>
  <bg id="4"/>
  <ground x="192.05" y="261.5" cx="187" cy="136" a="0" width="10.1" height="251"/>
  <springboardskin x="144" y="361" a="0" width="51" height="10.95"/>
  <springboardskin x="28" y="297" a="0" width="51" height="10.95"/>
  <springboardskin x="147" y="235" a="0" width="51" height="10.95"/>
  <heavyboxskin x="40" y="352" a="0" width="41" height="22"/>
  <heavyboxskin x="149" y="339" a="0" width="41" height="22"/>
  <minkskin x="685" y="50" a="0" width="36" height="27"/>
  <tree2 x="467" y="313" a="0" width="84.85" height="100"/>
  <tree2 x="231" y="321" a="0" width="84.85" height="100"/>
  <bush x="356" y="362" a="0" width="59.4" height="32.3"/>
  <tree x="409" y="410" a="0" width="78.35" height="100"/>
  <stone x="542" y="355" a="0" width="31.25" height="22.9"/>
  <stone x="374" y="296" a="0" width="31.25" height="22.9"/>
  <carriervertical x="547" y="228" linewidth="50" lineheight="200" boxwidth="50" boxheight="20"/>
  <staticredskin x="668" y="193" cx="619" cy="181" a="0" width="98" height="24"/>
  <cheeseskin x="529" y="96" a="0" width="27.05" height="22"/>
  <boxskin x="226" y="366" a="0" width="50" height="50"/>
  <groundred x="381.525" y="316.5" cx="311" cy="288" a="0" width="141.05" height="57"/>
  <littlemouse x="58" y="363" a="0" width="37.35" height="34.3"/>
</scene>