<scene width="740" height="380">
  <timer time="180"/>
  <creator id="2781641"/>
  <bg id="1"/>
  <staticblueskin x="347" y="89.5" cx="166" cy="79" a="0" width="362" height="21"/>
  <cheeseskin x="581" y="168" a="0" width="27.05" height="22"/>
  <cheeseskin x="60" y="186" a="0" width="27.05" height="22"/>
  <cheeseskin x="323" y="255" a="0" width="27.05" height="22"/>
  <staticredskin x="363" y="304" cx="40" cy="286" a="0" width="646" height="36"/>
  <minkskin x="650" y="273" a="0" width="36" height="27"/>
  <ballskin x="185" y="230" a="0" width="25" height="25"/>
  <ballskin x="381" y="211" a="0" width="25" height="25"/>
  <ballskin x="298" y="178" a="0" width="25" height="25"/>
  <ballskin x="221" y="144" a="0" width="25" height="25"/>
  <ballskin x="428" y="218" a="0" width="25" height="25"/>
  <groundred x="685.525" y="243" cx="676" cy="161" a="0" width="19.05" height="164"/>
  <groundred x="275.55" y="315.5" cx="270" cy="305" a="0" width="11.1" height="21"/>
  <groundred x="31.175" y="218" cx="23" cy="111" a="0" width="16.35" height="214"/>
  <ballskin x="471" y="176" a="0" width="25" height="25"/>
  <boxskin x="358" y="145" a="0" width="50" height="50"/>
  <ballskin x="521" y="173" a="0" width="25" height="25"/>
  <heavyboxskin x="117" y="142" a="0" width="41.05" height="22"/>
  <heavyboxskin x="116" y="226" a="0" width="41.05" height="22"/>
  <littlemouse x="431" y="58" a="0" width="37.35" height="34.3"/>
  <heavyboxskin x="499" y="241" a="0" width="41.05" height="22"/>
  <heavyboxskin x="561" y="258" a="0" width="41.05" height="22"/>
  <heavyboxskin x="261" y="248" a="0" width="41.05" height="22"/>
  <heavyboxskin x="468" y="135" a="0" width="41.05" height="22"/>
  <heavyboxskin x="618" y="231" a="0" width="41.05" height="22"/>
  <heavyboxskin x="600" y="265" a="0" width="41.05" height="22"/>
  <heavyboxskin x="621" y="189" a="0" width="41.05" height="22"/>
  <heavyboxskin x="557" y="213" a="0" width="41.05" height="22"/>
  <heavyboxskin x="665" y="193" a="0" width="41.05" height="22"/>
</scene>