<scene width="740" height="380">
  <timer time="60"/>
  <creator id="2936399"/>
  <bg id="9"/>
  <staticskin x="665" y="345" cx="656" cy="339" a="0" width="18" height="12"/>
  <staticskin x="729" y="312" cx="720" cy="306" a="0" width="18" height="12"/>
  <springboardskin x="731" y="299" a="0" width="51" height="10.95"/>
  <staticblueskin x="638" y="228" cx="614" cy="223" a="0" width="48" height="10"/>
  <staticblueskin x="431.5" y="127" cx="428" cy="83" a="0" width="7" height="88"/>
  <staticblueskin x="473.5" y="175" cx="470" cy="131" a="0" width="7" height="88"/>
  <staticblueskin x="535" y="122.5" cx="531" cy="78" a="0" width="8" height="89"/>
  <staticblueskin x="590" y="177" cx="587" cy="136" a="0" width="6" height="82"/>
  <lpointer x="472" y="113" a="0" width="40" height="33.7"/>
  <staticredskin x="517.5" y="228" cx="413" cy="223" a="0" width="209" height="10"/>
  <staticskin x="309" y="139" cx="291" cy="132" a="0" width="36" height="14"/>
  <stone x="309" y="121" a="0" width="31.25" height="22.9"/>
  <staticskin x="216.5" y="184" cx="197" cy="176" a="0" width="39" height="16"/>
  <staticskin x="145" y="237.5" cx="125" cy="231" a="0" width="40" height="13"/>
  <staticskin x="75.5" y="337" cx="62" cy="294" a="0" width="27" height="86"/>
  <cheeseskin x="79" y="285" a="0" width="27.05" height="22"/>
  <minkskin x="705" y="43" a="0" width="36" height="27"/>
  <springboardskin x="680" y="126" a="0" width="51" height="10.95"/>
  <heavyboxskin x="526" y="200" a="0" width="41" height="22"/>
  <staticredskin x="499" y="78" cx="427" cy="74" a="0" width="144" height="8"/>
  <ballskin x="456" y="211" a="0" width="23.8" height="26.05"/>
  <ballskin x="494" y="208" a="0" width="23.8" height="26.05"/>
  <staticskin x="197" y="357" cx="90" cy="352" a="0" width="214" height="10"/>
  <heavyboxskin x="100" y="339" a="0" width="41" height="22"/>
  <ballskin x="273" y="55" a="0" width="23.8" height="26.05"/>
  <ballskin x="298" y="55" a="0" width="23.8" height="26.05"/>
  <ballskin x="320" y="55" a="0" width="23.8" height="26.05"/>
  <ballskin x="342" y="56" a="0" width="23.8" height="26.05"/>
  <heavyboxskin x="234" y="57" a="0" width="41" height="22"/>
  <heavyboxskin x="426" y="283" a="0" width="41" height="22"/>
  <heavyboxskin x="556" y="255" a="0" width="41" height="22"/>
  <heavyboxskin x="148" y="87" a="0" width="41" height="22"/>
  <heavyboxskin x="243" y="133" a="0" width="41" height="22"/>
  <bush x="183" y="336" a="0" width="59.4" height="32.3"/>
  <cactus x="131" y="331" a="0" width="20" height="42.55"/>
  <tree x="247" y="301" a="0" width="78.35" height="100"/>
  <boxskin x="295" y="198" a="0" width="50" height="50"/>
  <staticskin x="295.5" y="226" cx="272" cy="223" a="0" width="47" height="6"/>
  <staticskin x="712" y="369.5" cx="703" cy="364" a="0" width="18" height="11"/>
  <littlemouse x="716" y="355" a="0" width="37.35" height="34.3"/>
</scene>