<scene width="740" height="380">
  <timer time="60"/>
  <creator id="2256742"/>
  <bg id="10"/>
  <staticskin x="103.5" y="356.5" cx="4" cy="347" a="0" width="199" height="19"/>
  <staticblueskin x="219.5" y="356" cx="117" cy="347" a="0" width="205" height="18"/>
  <carriervertical x="668" y="160" linewidth="50" lineheight="200" boxwidth="50" boxheight="20"/>
  <carrierhorizontal x="324" y="357" linewidth="300" lineheight="20" boxwidth="50" boxheight="20"/>
  <littlemouse x="14" y="326" a="0" width="37.35" height="34.3"/>
  <minkskin x="197" y="334" a="0" width="36" height="27"/>
  <cheeseskin x="669" y="137" a="0" width="27.05" height="22"/>
</scene>