<scene width="740" height="380">
  <timer time="80"/>
  <creator id="2767662"/>
  <bg id="2"/>
  <staticblueskin x="371" y="372.5" cx="326" cy="365" a="0" width="90" height="15"/>
  <staticredskin x="411" y="356.5" cx="400" cy="349" a="0" width="22" height="15"/>
  <staticblueskin x="676.75" y="244.025" cx="692" cy="189" a="19" width="7" height="114"/>
  <staticblueskin x="616.5" y="273" cx="579" cy="269" a="0" width="75" height="8"/>
  <staticblueskin x="732.5" y="146" cx="729" cy="70" a="0" width="7" height="152"/>
  <staticblueskin x="731" y="73.5" cx="717" cy="70" a="0" width="28" height="7"/>
  <staticblueskin x="713" y="6" cx="689" cy="3" a="0" width="48" height="6"/>
  <staticblueskin x="525.5" y="74.5" cx="383" cy="71" a="0" width="285" height="7"/>
  <staticblueskin x="384" y="153.45" cx="394" cy="71" a="9" width="6" height="166"/>
  <staticblueskin x="405" y="199.5" cx="402" cy="165" a="0" width="6" height="69"/>
  <staticblueskin x="437" y="305" cx="434" cy="271" a="0" width="6" height="68"/>
  <staticblueskin x="661" y="154" cx="592" cy="151" a="0" width="138" height="6"/>
  <staticblueskin x="548.5" y="232.5" cx="483" cy="230" a="0" width="131" height="5"/>
  <groundred x="566.5" y="359.525" cx="564" cy="350" a="0" width="6" height="20.05"/>
  <staticredskin x="415" y="37" cx="381" cy="34" a="0" width="68" height="6"/>
  <staticredskin x="459" y="23.5" cx="455" cy="13" a="0" width="8" height="21"/>
  <staticredskin x="377.5" y="20" cx="374" cy="10" a="0" width="7" height="20"/>
  <staticblueskin x="413.5" y="-3.5" cx="380" cy="-12" a="0" width="67" height="17"/>
  <ballskin x="433" y="19" a="0" width="23.8" height="26.05"/>
  <staticblueskin x="189" y="313" cx="183" cy="257" a="0" width="12" height="112"/>
  <staticblueskin x="285.5" y="316" cx="280" cy="263" a="0" width="11" height="106"/>
  <staticblueskin x="454" y="265" cx="451" cy="231" a="0" width="6" height="68"/>
  <staticblueskin x="468" y="221" cx="465" cy="192" a="0" width="6" height="58"/>
  <staticblueskin x="510" y="204.5" cx="446" cy="201" a="0" width="128" height="7"/>
  <staticblueskin x="517.5" y="105.5" cx="434" cy="101" a="0" width="167" height="9"/>
  <staticblueskin x="502" y="83.5" cx="497" cy="45" a="0" width="10" height="77"/>
  <staticblueskin x="534.5" y="66" cx="531" cy="54" a="0" width="7" height="24"/>
  <staticblueskin x="353.67499999999995" y="39.150000000000006" cx="362" cy="-39" a="9" width="8" height="157"/>
  <staticblueskin x="295" y="117" cx="244" cy="114" a="0" width="102" height="6"/>
  <staticblueskin x="223.5" y="78.5" cx="155" cy="76" a="0" width="137" height="5"/>
  <staticblueskin x="181" y="116.5" cx="177" cy="60" a="0" width="8" height="113"/>
  <staticblueskin x="182.5" y="168" cx="84" cy="164" a="0" width="197" height="8"/>
  <groundblue x="649.75" y="381.3" cx="567" cy="376" a="0" width="166.5" height="11.6"/>
  <staticblueskin x="98.19999999999999" y="182.325" cx="140" cy="142" a="49" width="6" height="116"/>
  <staticblueskin x="62.5" y="214" cx="59" cy="155" a="0" width="7" height="118"/>
  <ballskin x="166" y="149" a="0" width="23.8" height="26.05"/>
  <staticredskin x="125" y="372.5" cx="-78" cy="369" a="0" width="406" height="7"/>
  <staticblueskin x="76.5" y="105.5" cx="74" cy="73" a="0" width="5" height="65"/>
  <staticblueskin x="85" y="118" cx="45" cy="115" a="0" width="80" height="6"/>
  <staticblueskin x="31.5" y="82" cx="3" cy="79" a="0" width="57" height="6"/>
  <minkskin x="28" y="64" a="0" width="36" height="27"/>
  <staticblueskin x="333.5" y="219.575" cx="260" cy="182" a="25" width="165" height="6"/>
  <staticblueskin x="344" y="199.5" cx="318" cy="196" a="0" width="52" height="7"/>
  <carriervertical x="696" y="323" linewidth="50" lineheight="50" boxwidth="50" boxheight="20"/>
  <staticblueskin x="207" y="350.5" cx="194" cy="347" a="0" width="26" height="7"/>
  <staticblueskin x="263" y="325" cx="244" cy="320" a="0" width="38" height="10"/>
  <ballskin x="433" y="237" a="0" width="23.8" height="26.05"/>
  <ballskin x="398" y="18" a="0" width="23.8" height="26.05"/>
  <staticredskin x="438" y="265.5" cx="434" cy="262" a="0" width="8" height="7"/>
  <groundred x="12.05" y="308.5" cx="6" cy="236" a="0" width="13.1" height="146"/>
  <littlemouse x="256" y="353" a="0" width="37.35" height="34.3"/>
  <staticblueskin x="187.5" y="284" cx="141" cy="280" a="0" width="93" height="8"/>
  <cheeseskin x="699" y="328" a="0" width="27.05" height="22"/>
  <staticblueskin x="572.5" y="342" cx="490" cy="339" a="0" width="165" height="6"/>
  <staticblueskin x="537.5" y="314" cx="464" cy="310" a="0" width="147" height="8"/>
  <staticblueskin x="466.95" y="317.025" cx="477" cy="228" a="9" width="8" height="179"/>
  <springboardskin x="688" y="143" a="0" width="51" height="10.95"/>
</scene>