<scene width="740" height="380">
  <timer time="80"/>
  <creator id="2767662"/>
  <bg id="2"/>
  <staticskin x="266" y="183.5" cx="263" cy="106" a="0" width="6" height="155"/>
  <staticskin x="341.5" y="183" cx="338" cy="103" a="0" width="7" height="160"/>
  <staticskin x="267" y="343.5" cx="262" cy="299" a="0" width="10" height="89"/>
  <staticskin x="341" y="348" cx="337" cy="303" a="0" width="8" height="90"/>
  <cheeseskin x="241" y="138" a="0" width="27.05" height="22"/>
  <staticredskin x="199" y="139.5" cx="196" cy="114" a="0" width="6" height="51"/>
  <staticredskin x="229.5" y="169.5" cx="198" cy="166" a="0" width="63" height="7"/>
  <staticredskin x="227" y="303.5" cx="191" cy="300" a="0" width="72" height="7"/>
  <staticredskin x="195.5" y="343" cx="191" cy="307" a="0" width="9" height="72"/>
  <staticredskin x="232" y="377" cx="197" cy="373" a="0" width="70" height="8"/>
  <ballskin x="233" y="337" a="0" width="23.8" height="26.05"/>
  <cheeseskin x="26" y="137" a="0" width="27.05" height="22"/>
  <staticskin x="97" y="364" cx="10" cy="360" a="0" width="174" height="8"/>
  <staticskin x="132.5" y="302" cx="93" cy="298" a="0" width="79" height="8"/>
  <staticskin x="83.5" y="273" cx="37" cy="269" a="0" width="93" height="8"/>
  <staticskin x="158" y="223.5" cx="111" cy="221" a="0" width="94" height="5"/>
  <staticskin x="55" y="174.5" cx="2" cy="171" a="0" width="106" height="7"/>
  <staticskin x="209" y="199.5" cx="206" cy="178" a="0" width="6" height="43"/>
  <staticredskin x="383.5" y="310" cx="345" cy="306" a="0" width="77" height="8"/>
  <staticredskin x="385" y="375" cx="344" cy="371" a="0" width="82" height="8"/>
  <ballskin x="385" y="343" a="0" width="23.8" height="26.05"/>
  <staticredskin x="423.5" y="340" cx="418" cy="301" a="0" width="11" height="78"/>
  <staticskin x="479.5" y="106.5" cx="344" cy="104" a="0" width="271" height="5"/>
  <staticredskin x="424.5" y="143.5" cx="421" cy="111" a="0" width="7" height="65"/>
  <staticredskin x="383.5" y="180" cx="342" cy="177" a="0" width="83" height="6"/>
  <cheeseskin x="384" y="141" a="0" width="27.05" height="22"/>
  <staticskin x="474" y="307" cx="429" cy="303" a="0" width="90" height="8"/>
  <staticskin x="582.5" y="365" cx="459" cy="357" a="0" width="247" height="16"/>
  <staticskin x="565.5" y="281" cx="520" cy="275" a="0" width="91" height="12"/>
  <staticskin x="613" y="249.5" cx="559" cy="244" a="0" width="108" height="11"/>
  <staticskin x="536" y="202" cx="489" cy="197" a="0" width="94" height="10"/>
  <staticredskin x="721" y="357.5" cx="717" cy="350" a="0" width="8" height="15"/>
  <staticskin x="425.5" y="215" cx="421" cy="185" a="0" width="9" height="60"/>
  <staticskin x="456" y="172.5" cx="432" cy="170" a="0" width="48" height="5"/>
  <staticskin x="566" y="146.5" cx="524" cy="141" a="0" width="84" height="11"/>
  <carriervertical x="664" y="72" linewidth="50" lineheight="123" boxwidth="50" boxheight="20"/>
  <staticskin x="513.5" y="85.5" cx="408" cy="81" a="0" width="211" height="9"/>
  <staticskin x="301" y="378.5" cx="245" cy="376" a="0" width="112" height="5"/>
  <staticskin x="304" y="192" cx="300" cy="106" a="0" width="8" height="172"/>
  <staticskin x="305.5" y="362.5" cx="302" cy="350" a="0" width="7" height="25"/>
  <staticblueskin x="707" y="250" cx="684" cy="243" a="0" width="46" height="14"/>
  <staticskin x="307.5" y="53" cx="280" cy="42" a="0" width="55" height="22"/>
  <staticskin x="561" y="71.5" cx="547" cy="69" a="0" width="28" height="5"/>
  <staticskin x="508.5" y="71" cx="487" cy="67" a="0" width="43" height="8"/>
  <staticskin x="447" y="70" cx="429" cy="66" a="0" width="36" height="8"/>
  <staticskin x="389.5" y="80.5" cx="385" cy="69" a="0" width="9" height="23"/>
  <staticskin x="370.5" y="68" cx="366" cy="58" a="0" width="9" height="20"/>
  <staticskin x="350" y="59.5" cx="345" cy="49" a="0" width="10" height="21"/>
  <minkskin x="25" y="17" a="0" width="36" height="27"/>
  <staticskin x="316" y="356" cx="313" cy="336" a="0" width="6" height="40"/>
  <staticskin x="327.5" y="343" cx="324" cy="310" a="0" width="7" height="66"/>
  <littlemouse x="25" y="81" a="0" width="37.35" height="34.3"/>
  <staticredskin x="114.5" y="107" cx="67" cy="104" a="0" width="95" height="6"/>
  <staticskin x="129" y="109" cx="-3" cy="106" a="0" width="264" height="6"/>
  <staticskin x="126" y="45.5" cx="-8" cy="41" a="0" width="268" height="9"/>
  <staticredskin x="116.5" y="49" cx="53" cy="46" a="0" width="127" height="6"/>
</scene>