<scene width="740" height="380">
  <timer time="80"/>
  <creator id="2964841"/>
  <bg id="9"/>
  <stone x="445" y="320" a="0" width="31.25" height="22.9"/>
  <carrierhorizontal x="49" y="289" linewidth="300" lineheight="20" boxwidth="50" boxheight="20"/>
  <littlemouse x="88" y="267" a="0" width="37.35" height="34.3"/>
  <carrierhorizontal x="100" y="288" linewidth="300" lineheight="20" boxwidth="50" boxheight="20"/>
  <springboardskin x="457" y="248" a="0" width="51" height="10.95"/>
  <springboardskin x="653" y="116" a="0" width="51" height="10.95"/>
  <cheeseskin x="306" y="52" a="0" width="27.05" height="22"/>
  <springboardskin x="630" y="417" a="0" width="51" height="10.95"/>
  <carriervertical x="306" y="96" linewidth="50" lineheight="200" boxwidth="50" boxheight="20"/>
  <bush x="151" y="114" a="0" width="59.4" height="32.3"/>
  <bush x="281" y="113" a="0" width="59.4" height="32.3"/>
  <bush x="218" y="52" a="0" width="59.4" height="32.3"/>
  <minkskin x="695" y="37" a="0" width="36" height="27"/>
  <ballskin x="212" y="319" a="0" width="23.8" height="26.05"/>
  <springboardskin x="370" y="312" a="0" width="51" height="10.95"/>
  <springboardskin x="553" y="192" a="0" width="51" height="10.95"/>
  <springboardskin x="211" y="332" a="0" width="51" height="10.95"/>
</scene>