<scene width="740" height="380">
  <timer time="80"/>
  <creator id="2907866"/>
  <bg id="12"/>
  <ballskin x="470" y="33" a="0" width="23.8" height="26.05"/>
  <staticskin x="71" y="145.5" cx="-42" cy="142" a="0" width="226" height="7"/>
  <staticskin x="240" y="287" cx="236" cy="181" a="0" width="8" height="212"/>
  <staticskin x="33" y="267.5" cx="25" cy="264" a="0" width="16" height="7"/>
  <staticskin x="95.5" y="298" cx="77" cy="295" a="0" width="37" height="6"/>
  <staticskin x="169" y="306" cx="155" cy="303" a="0" width="28" height="6"/>
  <staticskin x="218.5" y="343.5" cx="205" cy="341" a="0" width="27" height="5"/>
  <staticskin x="165" y="368.5" cx="152" cy="366" a="0" width="26" height="5"/>
  <staticskin x="101" y="369.5" cx="84" cy="367" a="0" width="34" height="5"/>
  <staticskin x="34" y="371.5" cx="9" cy="364" a="0" width="50" height="15"/>
  <cheeseskin x="34" y="356" a="0" width="27.05" height="22"/>
  <staticredskin x="54.5" y="294" cx="51" cy="289" a="0" width="7" height="10"/>
  <staticredskin x="132.5" y="309" cx="128" cy="305" a="0" width="9" height="8"/>
  <staticskin x="172.5" y="204.5" cx="149" cy="202" a="0" width="47" height="5"/>
  <staticskin x="54.5" y="165" cx="52" cy="152" a="0" width="5" height="26"/>
  <staticskin x="91.5" y="228" cx="68" cy="225" a="0" width="47" height="6"/>
  <staticskin x="288.5" y="297.5" cx="286" cy="207" a="0" width="5" height="181"/>
  <staticskin x="329.5" y="309.5" cx="327" cy="230" a="0" width="5" height="159"/>
  <staticskin x="363.5" y="304" cx="361" cy="223" a="0" width="5" height="162"/>
  <staticskin x="222" y="203.5" cx="217" cy="199" a="0" width="10" height="9"/>
  <staticskin x="405" y="316" cx="402" cy="240" a="0" width="6" height="152"/>
  <staticskin x="637.5" y="206" cx="536" cy="202" a="0" width="203" height="8"/>
  <staticskin x="533" y="201" cx="528" cy="192" a="0" width="10" height="18"/>
  <cheeseskin x="722" y="151" a="0" width="27.05" height="22"/>
  <staticskin x="443.5" y="309" cx="441" cy="233" a="0" width="5" height="152"/>
  <staticskin x="481" y="301.5" cx="478" cy="220" a="0" width="6" height="163"/>
  <staticblueskin x="510" y="274.5" cx="505" cy="271" a="0" width="10" height="7"/>
  <staticblueskin x="550.5" y="285" cx="544" cy="281" a="0" width="13" height="8"/>
  <springboardskin x="641" y="128" a="0" width="51" height="10.95"/>
  <staticblueskin x="606.5" y="294.5" cx="599" cy="291" a="0" width="15" height="7"/>
  <staticblueskin x="687" y="377.5" cx="632" cy="374" a="0" width="110" height="7"/>
  <minkskin x="690" y="312" a="0" width="36" height="27"/>
  <littlemouse x="449" y="104" a="0" width="37.35" height="34.3"/>
  <staticskin x="529" y="136" cx="321" cy="133" a="0" width="416" height="6"/>
  <staticredskin x="410" y="71.5" cx="400" cy="66" a="0" width="20" height="11"/>
  <cheeseskin x="711" y="114" a="0" width="27.05" height="22"/>
  <staticredskin x="664.5" y="99.5" cx="662" cy="67" a="0" width="5" height="65"/>
  <staticskin x="293.5" y="154.5" cx="291" cy="150" a="0" width="5" height="9"/>
  <staticredskin x="704.5" y="132" cx="672" cy="129" a="0" width="65" height="6"/>
  <staticredskin x="488.5" y="73.5" cx="477" cy="69" a="0" width="23" height="9"/>
  <staticredskin x="508.5" y="60.5" cx="503" cy="54" a="0" width="11" height="13"/>
  <staticredskin x="526" y="51.5" cx="519" cy="47" a="0" width="14" height="9"/>
  <staticredskin x="542" y="15.5" cx="536" cy="-20" a="0" width="12" height="71"/>
  <staticredskin x="388" y="59" cx="380" cy="54" a="0" width="16" height="10"/>
  <staticredskin x="365" y="21" cx="357" cy="0" a="0" width="16" height="42"/>
  <ballskin x="440" y="49" a="0" width="23.8" height="26.05"/>
  <ballskin x="474" y="49" a="0" width="23.8" height="26.05"/>
  <ballskin x="416" y="51" a="0" width="23.8" height="26.05"/>
  <ballskin x="494" y="43" a="0" width="23.8" height="26.05"/>
  <ballskin x="455" y="39" a="0" width="23.8" height="26.05"/>
  <ballskin x="426" y="40" a="0" width="23.8" height="26.05"/>
  <ballskin x="396" y="52" a="0" width="23.8" height="26.05"/>
  <ballskin x="514" y="40" a="0" width="23.8" height="26.05"/>
  <ballskin x="531" y="31" a="0" width="23.8" height="26.05"/>
</scene>