<scene width="740" height="380">
  <timer time="40"/>
  <creator id="2827975"/>
  <bg id="6"/>
  <staticblueskin x="62" y="167.5" cx="58" cy="127" a="0" width="8" height="81"/>
  <staticblueskin x="212" y="155.5" cx="200" cy="152" a="0" width="24" height="7"/>
  <staticredskin x="240.5" y="194.5" cx="205" cy="189" a="0" width="71" height="11"/>
  <staticredskin x="281.5" y="247.5" cx="278" cy="193" a="0" width="7" height="109"/>
  <staticredskin x="197" y="302.5" cx="116" cy="300" a="0" width="162" height="5"/>
  <staticredskin x="119" y="254.5" cx="115" cy="217" a="0" width="8" height="75"/>
  <tree x="65" y="60" a="0" width="78.35" height="100"/>
  <staticskin x="557.5" y="335" cx="405" cy="328" a="0" width="305" height="14"/>
  <staticskin x="260.5" y="175.5" cx="226" cy="172" a="0" width="69" height="7"/>
  <carriervertical x="342" y="215" linewidth="50" lineheight="200" boxwidth="50" boxheight="20"/>
  <cheeseskin x="255" y="156" a="0" width="27.05" height="22"/>
  <springboardskin x="476" y="309" a="0" width="51" height="10.95"/>
  <springboardskin x="409" y="237" a="0" width="51" height="10.95"/>
  <springboardskin x="476" y="168" a="0" width="51" height="10.95"/>
  <staticskin x="543" y="89.5" cx="503" cy="85" a="0" width="80" height="9"/>
  <cheeseskin x="538" y="64" a="0" width="27.05" height="22"/>
  <staticblueskin x="504.5" y="53.5" cx="501" cy="34" a="0" width="7" height="39"/>
  <staticredskin x="577.5" y="54.5" cx="574" cy="34" a="0" width="7" height="41"/>
  <staticblueskin x="553" y="36" cx="540" cy="33" a="0" width="26" height="6"/>
  <staticredskin x="522.5" y="35.5" cx="510" cy="32" a="0" width="25" height="7"/>
  <flowers2 x="583" y="59" a="0" width="60" height="33.45"/>
  <flowers2 x="497" y="53" a="0" width="60" height="33.45"/>
  <flowers1 x="540" y="30" a="0" width="60" height="58.2"/>
  <staticblueskin x="225.5" y="231" cx="198" cy="228" a="0" width="55" height="6"/>
  <staticblueskin x="204.5" y="281.5" cx="149" cy="279" a="0" width="111" height="5"/>
  <staticblueskin x="257" y="254.5" cx="253" cy="232" a="0" width="8" height="45"/>
  <staticblueskin x="145" y="254" cx="142" cy="234" a="0" width="6" height="40"/>
  <staticblueskin x="174" y="231" cx="148" cy="228" a="0" width="52" height="6"/>
  <staticredskin x="206.5" y="254.5" cx="180" cy="249" a="0" width="53" height="11"/>
  <littlemouse x="638" y="66" a="0" width="37.35" height="34.3"/>
  <minkskin x="698" y="135" a="0" width="36" height="27"/>
  <groundblue x="682.25" y="294.4" cx="653" cy="289" a="0" width="59.5" height="11.8"/>
  <ground x="592.5" y="226.5" cx="559" cy="220" a="0" width="67" height="13"/>
  <groundblue x="657.25" y="163.3" cx="623" cy="158" a="0" width="69.5" height="11.6"/>
  <staticblueskin x="131" y="124.5" cx="74" cy="119" a="0" width="114" height="11"/>
  <staticblueskin x="145" y="81.5" cx="140" cy="49" a="0" width="10" height="65"/>
  <staticblueskin x="185" y="47.5" cx="155" cy="45" a="0" width="60" height="5"/>
  <staticblueskin x="224" y="99.5" cx="220" cy="52" a="0" width="8" height="95"/>
  <staticblueskin x="192.5" y="168.5" cx="190" cy="132" a="0" width="5" height="73"/>
  <staticblueskin x="132.5" y="205" cx="80" cy="202" a="0" width="105" height="6"/>
</scene>