<scene width="740" height="380">
  <timer time="60"/>
  <creator id="237459"/>
  <bg id="3"/>
  <staticblueskin x="46.5" y="164" cx="4" cy="158" a="0" width="85" height="12"/>
  <staticblueskin x="2" y="170.5" cx="-2" cy="-44" a="0" width="8" height="429"/>
  <staticblueskin x="98.5" y="224.5" cx="50" cy="220" a="0" width="97" height="9"/>
  <staticblueskin x="46.5" y="273.5" cx="-2" cy="267" a="0" width="97" height="13"/>
  <staticblueskin x="118.975" y="308.1" cx="94" cy="269" a="50" width="92" height="12"/>
  <staticblueskin x="188" y="339" cx="142" cy="333" a="0" width="92" height="12"/>
  <staticblueskin x="236.5" y="232" cx="232" cy="120" a="0" width="9" height="224"/>
  <staticblueskin x="209.5" y="284.5" cx="180" cy="280" a="0" width="59" height="9"/>
  <staticblueskin x="154.5" y="225" cx="139" cy="221" a="0" width="31" height="8"/>
  <staticblueskin x="140" y="164.5" cx="136" cy="110" a="0" width="8" height="109"/>
  <staticredskin x="258" y="12.5" cx="240" cy="9" a="0" width="36" height="7"/>
  <ballskin x="258" y="237" a="0" width="23.8" height="26.05"/>
  <staticblueskin x="209" y="170" cx="177" cy="167" a="0" width="64" height="6"/>
  <staticblueskin x="157" y="116.5" cx="141" cy="112" a="0" width="32" height="9"/>
  <staticblueskin x="120.5" y="33.5" cx="105" cy="29" a="0" width="31" height="9"/>
  <staticblueskin x="138" y="43.5" cx="135" cy="30" a="0" width="6" height="27"/>
  <cheeseskin x="123" y="79" a="0" width="27.05" height="22"/>
  <staticblueskin x="281.5" y="198.5" cx="277" cy="122" a="0" width="9" height="153"/>
  <staticblueskin x="289.5" y="338" cx="234" cy="332" a="0" width="111" height="12"/>
  <staticblueskin x="318" y="120.5" cx="277" cy="118" a="0" width="82" height="5"/>
  <staticblueskin x="340.5" y="311.5" cx="333" cy="304" a="0" width="15" height="15"/>
  <staticblueskin x="362" y="284.5" cx="354" cy="275" a="0" width="16" height="19"/>
  <staticblueskin x="382" y="254" cx="373" cy="245" a="0" width="18" height="18"/>
  <staticblueskin x="405" y="225" cx="396" cy="215" a="0" width="18" height="20"/>
  <staticblueskin x="430" y="198.5" cx="420" cy="189" a="0" width="20" height="19"/>
  <staticblueskin x="354" y="33" cx="349" cy="-54" a="0" width="10" height="174"/>
  <staticblueskin x="228" y="0.5" cx="97" cy="-7" a="0" width="262" height="15"/>
  <staticblueskin x="338.5" y="42.5" cx="321" cy="40" a="0" width="35" height="5"/>
  <staticblueskin x="318.5" y="57.5" cx="315" cy="39" a="0" width="7" height="37"/>
  <staticblueskin x="295.5" y="115" cx="277" cy="112" a="0" width="37" height="6"/>
  <cheeseskin x="335" y="93" a="0" width="27.05" height="22"/>
  <staticblueskin x="472.5" y="201" cx="468" cy="156" a="0" width="9" height="90"/>
  <staticblueskin x="500.5" y="249" cx="468" cy="244" a="0" width="65" height="10"/>
  <staticblueskin x="544.5" y="202.5" cx="531" cy="199" a="0" width="27" height="7"/>
  <staticblueskin x="589.5" y="160.5" cx="575" cy="157" a="0" width="29" height="7"/>
  <staticblueskin x="532.5" y="118.5" cx="518" cy="114" a="0" width="29" height="9"/>
  <staticblueskin x="480.5" y="85" cx="466" cy="80" a="0" width="29" height="10"/>
  <staticblueskin x="591" y="46.5" cx="520" cy="42" a="0" width="142" height="9"/>
  <staticblueskin x="552.5" y="3.5" cx="354" cy="-2" a="0" width="397" height="11"/>
  <staticblueskin x="740" y="252.5" cx="736" cy="10" a="0" width="8" height="485"/>
  <staticblueskin x="658" y="226" cx="654" cy="44" a="0" width="8" height="364"/>
  <minkskin x="715" y="368" a="0" width="36" height="27"/>
  <staticblueskin x="675.55" y="321.35" cx="661" cy="297" a="50" width="56" height="9"/>
  <staticblueskin x="728.875" y="272.17499999999995" cx="750" cy="254" a="130" width="55" height="9"/>
  <staticblueskin x="722.8" y="148.875" cx="742" cy="133" a="130" width="49" height="9"/>
  <staticblueskin x="672.625" y="211.05" cx="660" cy="189" a="50" width="50" height="9"/>
  <staticblueskin x="672.625" y="85.5" cx="659" cy="63" a="50" width="52" height="8"/>
  <littlemouse x="263" y="156" a="0" width="37.35" height="34.3"/>
  <staticredskin x="289.5" y="327" cx="241" cy="324" a="0" width="97" height="6"/>
  <staticblueskin x="548" y="310" cx="458" cy="304" a="0" width="180" height="12"/>
  <staticblueskin x="320.175" y="198.55" cx="360" cy="125" a="115" width="167" height="10"/>
  <staticblueskin x="34" y="43" cx="2" cy="38" a="0" width="64" height="10"/>
  <staticblueskin x="102" y="106.5" cx="59" cy="101" a="0" width="86" height="11"/>
  <staticblueskin x="101.5" y="33" cx="97" cy="-35" a="0" width="9" height="136"/>
</scene>