<scene width="740" height="380">
  <timer time="80"/>
  <creator id="2946867"/>
  <bg id="1"/>
  <staticskin x="166.5" y="235" cx="149" cy="232" a="0" width="35" height="6"/>
  <staticskin x="109.5" y="157" cx="106" cy="99" a="0" width="7" height="116"/>
  <staticskin x="128" y="175.5" cx="117" cy="172" a="0" width="22" height="7"/>
  <staticskin x="165" y="132.5" cx="148" cy="128" a="0" width="34" height="9"/>
  <carrierhorizontal x="291" y="252" linewidth="300" lineheight="20" boxwidth="50" boxheight="20"/>
  <ground x="187.5" y="334" cx="125" cy="280" a="0" width="125" height="108"/>
  <cheeseskin x="448" y="146" a="0" width="27.05" height="22"/>
  <staticredskin x="484.5" y="350.5" cx="399" cy="348" a="0" width="171" height="5"/>
  <staticskin x="497" y="105" cx="342" cy="90" a="0" width="310" height="30"/>
  <staticskin x="599" y="252" cx="596" cy="151" a="0" width="6" height="202"/>
  <staticskin x="580" y="321" cx="566" cy="317" a="0" width="28" height="8"/>
  <staticskin x="524" y="234" cx="519" cy="155" a="0" width="10" height="158"/>
  <staticskin x="545.5" y="255" cx="530" cy="250" a="0" width="31" height="10"/>
  <cheeseskin x="422" y="61" a="0" width="27.05" height="22"/>
  <staticskin x="576.5" y="197" cx="561" cy="193" a="0" width="31" height="8"/>
  <springboardskin x="100" y="359" a="0" width="51" height="10.95"/>
  <minkskin x="718" y="340" a="0" width="36" height="27"/>
  <staticblueskin x="185" y="277.5" cx="125" cy="275" a="0" width="120" height="5"/>
  <littlemouse x="19" y="352" a="0" width="37.35" height="34.3"/>
  <ballskin x="629" y="345" a="0" width="23.8" height="26.05"/>
  <ballskin x="382" y="343" a="0" width="23.8" height="26.05"/>
  <heavyboxskin x="350" y="342" a="0" width="41" height="22"/>
  <heavyboxskin x="455" y="336" a="0" width="41" height="22"/>
  <ground x="62" y="374.525" cx="-1" cy="364" a="0" width="126" height="21.05"/>
  <ground x="499.5" y="373" cx="251" cy="353" a="0" width="497" height="40"/>
  <staticskin x="190" y="182" cx="187" cy="93" a="0" width="6" height="178"/>
</scene>