<scene width="740" height="380">
  <timer time="60"/>
  <creator id="26437"/>
  <bg id="9"/>
  <staticblueskin x="554" y="325" cx="515" cy="322" a="0" width="78" height="6"/>
  <staticredskin x="373.5" y="373.5" cx="368" cy="369" a="0" width="11" height="9"/>
  <minkskin x="30" y="67" a="0" width="36" height="27"/>
  <ground x="373" y="210" cx="370" cy="97" a="0" width="6" height="226"/>
  <ground x="340.5" y="276.5" cx="113" cy="274" a="0" width="455" height="5"/>
  <ground x="365.5" y="232" cx="139" cy="229" a="0" width="453" height="6"/>
  <ground x="393" y="183" cx="172" cy="180" a="0" width="442" height="6"/>
  <ground x="400.5" y="142" cx="216" cy="139" a="0" width="369" height="6"/>
  <ground x="392.5" y="97.675" cx="250" cy="95" a="0" width="285" height="5.35"/>
  <cheeseskin x="404" y="304" a="0" width="27.05" height="22"/>
  <ground x="-3.9749999999999996" y="199" cx="-10" cy="-3" a="0" width="12.05" height="404"/>
  <littlemouse x="348" y="304" a="0" width="37.35" height="34.3"/>
  <ground x="62" y="191.5" cx="59" cy="47" a="0" width="6" height="289"/>
  <ground x="226.5" y="-0.5" cx="-104" cy="-4" a="0" width="661" height="7"/>
  <groundred x="28" y="386.525" cx="-8" cy="378" a="0" width="73" height="18.05"/>
  <staticblueskin x="540.5" y="383" cx="477" cy="378" a="0" width="127" height="10"/>
  <staticblueskin x="27" y="116.5" cx="23" cy="11" a="0" width="8" height="211"/>
  <staticblueskin x="134.45" y="153.85" cx="205" cy="47" a="35" width="7" height="256"/>
  <tree x="106" y="106" a="0" width="78.35" height="100"/>
  <staticblueskin x="97" y="159" cx="62" cy="156" a="0" width="70" height="6"/>
  <staticblueskin x="550.175" y="53.25" cx="532" cy="47" a="10" width="38" height="6"/>
  <staticblueskin x="668.325" y="345.05" cx="653" cy="354" a="-40" width="35" height="6"/>
  <staticblueskin x="692.225" y="322.9" cx="679" cy="334" a="-50" width="34" height="6"/>
  <staticblueskin x="646.225" y="361.1" cx="630" cy="367" a="-30" width="34" height="6"/>
  <staticblueskin x="616.475" y="374.85" cx="599" cy="378" a="-20" width="35" height="6"/>
  <staticblueskin x="735.175" y="158.25" cx="735" cy="140" a="80" width="36" height="6"/>
  <staticblueskin x="738" y="193.5" cx="735" cy="212" a="-90" width="37" height="6"/>
  <staticblueskin x="735.175" y="232.3" cx="729" cy="250" a="-80" width="37" height="6"/>
  <staticblueskin x="725.8" y="123.775" cx="722" cy="106" a="70" width="36" height="5"/>
  <staticblueskin x="710.6" y="296.175" cx="698" cy="312" a="-60" width="40" height="6"/>
  <staticblueskin x="726.175" y="263.875" cx="718" cy="279" a="-70" width="34" height="5"/>
  <staticblueskin x="711.325" y="91.7" cx="704" cy="74" a="60" width="38" height="5"/>
  <staticblueskin x="692.65" y="62.4" cx="683" cy="47" a="50" width="36" height="5"/>
  <staticblueskin x="669.875" y="38.875" cx="658" cy="25" a="40" width="36" height="6"/>
  <staticblueskin x="641.775" y="18.425" cx="627" cy="7" a="30" width="37" height="5"/>
  <staticblueskin x="611.65" y="4" cx="597" cy="-4" a="20" width="33" height="5"/>
  <staticblueskin x="578.825" y="0.3250000000000002" cx="563" cy="-5" a="10" width="33" height="5"/>
  <ground x="270" y="383.15" cx="63" cy="378" a="0" width="414" height="10.3"/>
  <ground x="296.5" y="50.6" cx="59" cy="47" a="0" width="475" height="7.2"/>
  <staticblueskin x="597.05" y="75.525" cx="586" cy="63" a="40" width="33" height="5"/>
  <staticblueskin x="616.675" y="93.8" cx="609" cy="80" a="50" width="31" height="6"/>
  <staticblueskin x="646.125" y="141.9" cx="643" cy="126" a="70" width="32" height="5"/>
  <staticblueskin x="652.9" y="173.15" cx="654" cy="157" a="85" width="32" height="5"/>
  <staticblueskin x="632.825" y="116.1" cx="627" cy="101" a="60" width="32" height="5"/>
  <staticblueskin x="579.05" y="63.425" cx="566" cy="53" a="30" width="33" height="5"/>
  <staticblueskin x="652.925" y="202.8" cx="649" cy="219" a="-85" width="33" height="5"/>
  <staticblueskin x="602.425" y="313.1" cx="589" cy="323" a="-45" width="33" height="5"/>
  <staticblueskin x="621.5" y="288.9" cx="610" cy="301" a="-55" width="33" height="5"/>
  <staticblueskin x="637.25" y="262.1" cx="628" cy="276" a="-65" width="33" height="5"/>
  <staticblueskin x="647.95" y="232.75" cx="641" cy="249" a="-75" width="35" height="5"/>
  <ground x="253.5" y="324.5" cx="60" cy="322" a="0" width="387" height="5"/>
</scene>