<scene width="740" height="380">
  <timer time="60"/>
  <creator id="26437"/>
  <bg id="9"/>
  <staticblueskin x="527" y="127.5" cx="524" cy="93" a="0" width="6" height="69"/>
  <staticblueskin x="538.8" y="37.099999999999994" cx="508" cy="55" a="-35" width="71" height="6"/>
  <staticblueskin x="679.9000000000001" y="171" cx="643" cy="158" a="15" width="78" height="6"/>
  <staticblueskin x="190.5" y="74" cx="188" cy="45" a="0" width="5" height="58"/>
  <staticblueskin x="123.55" y="89.57499999999999" cx="88" cy="96" a="-15" width="72" height="6"/>
  <staticblueskin x="47.275" y="142.075" cx="8" cy="121" a="25" width="89" height="5"/>
  <staticblueskin x="118.375" y="211.2" cx="130" cy="178" a="25" width="7" height="70"/>
  <staticblueskin x="91" y="263.5" cx="35" cy="260" a="0" width="112" height="7"/>
  <staticblueskin x="194.675" y="306.675" cx="217" cy="288" a="55" width="5" height="58"/>
  <staticblueskin x="277.5" y="292" cx="274" cy="263" a="0" width="7" height="58"/>
  <staticblueskin x="663.775" y="261.1" cx="636" cy="238" a="35" width="72" height="6"/>
  <staticblueskin x="632.675" y="240.125" cx="648" cy="213" a="35" width="6" height="62"/>
  <staticblueskin x="68.1" y="45.025000000000006" cx="38" cy="27" a="-55" width="5" height="70"/>
  <staticblueskin x="344" y="218.5" cx="341" cy="215" a="0" width="6" height="7"/>
  <staticblueskin x="264" y="188" cx="260" cy="185" a="0" width="8" height="6"/>
  <staticblueskin x="526" y="235.5" cx="522" cy="232" a="0" width="8" height="7"/>
  <staticblueskin x="577" y="293" cx="573" cy="290" a="0" width="8" height="6"/>
  <staticblueskin x="85" y="311.5" cx="81" cy="308" a="0" width="8" height="7"/>
  <ground x="369.5" y="381.55" cx="-9" cy="376" a="0" width="757" height="11.1"/>
  <minkskin x="388" y="364" a="0" width="36" height="27"/>
  <cheeseskin x="23" y="361" a="0" width="27.05" height="22"/>
  <cheeseskin x="722" y="361" a="0" width="27.05" height="22"/>
  <littlemouse x="370" y="24" a="0" width="37.35" height="34.3"/>
  <ground x="166" y="324.6" cx="-9" cy="321" a="0" width="350" height="7.2"/>
  <ground x="596" y="323.5" cx="432" cy="321" a="0" width="328" height="5"/>
  <staticblueskin x="368" y="42.5" cx="320" cy="40" a="0" width="96" height="5"/>
  <staticblueskin x="376.85" y="126.15" cx="336" cy="134" a="-15" width="83" height="6"/>
  <staticblueskin x="305.875" y="180.65" cx="272" cy="161" a="25" width="78" height="7"/>
  <staticblueskin x="572.5" y="176" cx="538" cy="173" a="0" width="69" height="6"/>
  <staticblueskin x="468.1" y="195.825" cx="435" cy="169" a="35" width="85" height="6"/>
  <staticblueskin x="219.4" y="133.775" cx="183" cy="155" a="-35" width="84" height="7"/>
  <staticblueskin x="473.225" y="104.475" cx="446" cy="73" a="45" width="83" height="6"/>
  <staticblueskin x="384.7" y="226.875" cx="339" cy="236" a="-15" width="93" height="6"/>
  <staticblueskin x="533.075" y="257.1" cx="496" cy="280" a="-35" width="87" height="5"/>
  <staticblueskin x="206" y="206.5" cx="162" cy="204" a="0" width="88" height="5"/>
  <staticblueskin x="285.1" y="74.925" cx="244" cy="53" a="25" width="93" height="5"/>
  <staticblueskin x="639" y="70" cx="606" cy="67" a="0" width="66" height="6"/>
  <staticblueskin x="618.075" y="113.02499999999999" cx="581" cy="127" a="-25" width="79" height="6"/>
</scene>