<scene width="740" height="380">
  <timer time="80"/>
  <creator id="28314"/>
  <bg id="4"/>
  <ground x="208.025" y="125.525" cx="201" cy="118" a="0" width="14.05" height="15.05"/>
  <ground x="519" y="130.025" cx="512" cy="122" a="0" width="14" height="16.05"/>
  <ground x="233.75" y="89.15" cx="212" cy="99" a="-44" width="45" height="16.05"/>
  <ground x="487.9" y="92.125" cx="478" cy="70" a="44" width="45" height="18.05"/>
  <cheeseskin x="362" y="88" a="0" width="27.05" height="22"/>
  <ground x="467.325" y="75.17500000000001" cx="457" cy="64" a="-33" width="5.15" height="30"/>
  <ground x="252.925" y="71.975" cx="259" cy="58" a="33" width="5" height="30.05"/>
  <ground x="463.15" y="64.85" cx="449" cy="58" a="-55" width="5" height="31.05"/>
  <ground x="258.95" y="62.6" cx="271" cy="51" a="55" width="5.15" height="33.05"/>
  <ground x="258.525" y="83.5" cx="249" cy="80" a="0" width="19.05" height="7"/>
  <ground x="459.525" y="84" cx="451" cy="81" a="0" width="17.05" height="6"/>
  <ground x="502.025" y="187" cx="494" cy="182" a="0" width="16.05" height="10"/>
  <ground x="220.525" y="185" cx="211" cy="180" a="0" width="19.05" height="10"/>
  <ground x="169.95" y="175.175" cx="156" cy="163" a="22" width="35" height="12.1"/>
  <ground x="543.75" y="174.9" cx="526" cy="175" a="-22" width="33" height="13.1"/>
  <ground x="564.55" y="163.45" cx="569" cy="152" a="33" width="5" height="24.05"/>
  <ground x="561.975" y="161.45" cx="570" cy="152" a="55" width="6.25" height="24"/>
  <ground x="151.225" y="166.225" cx="140" cy="159" a="-44" width="6.1" height="26"/>
  <ground x="148.2" y="161.6" cx="135" cy="156" a="-55" width="6" height="28.05"/>
  <ground x="449.025" y="250.575" cx="432" cy="246" a="0" width="34.05" height="9.15"/>
  <ground x="268.025" y="252.05" cx="251" cy="247" a="0" width="34.05" height="10.1"/>
  <ground x="230.925" y="263.475" cx="216" cy="269" a="-33" width="31.05" height="7"/>
  <ground x="486.375" y="262.6" cx="476" cy="251" a="33" width="30.05" height="8.15"/>
  <ground x="201.125" y="298.45" cx="203" cy="283" a="22" width="8.1" height="30.05"/>
  <ground x="514.85" y="295.175" cx="505" cy="283" a="-22" width="9.15" height="30"/>
  <ground x="522.55" y="308.35" cx="518" cy="299" a="-11" width="5.35" height="20.05"/>
  <ground x="194.525" y="317.325" cx="194" cy="307" a="11" width="5" height="20.05"/>
  <ground x="299" y="279.575" cx="291" cy="275" a="0" width="16" height="9.15"/>
  <staticblueskin x="47.5" y="204.5" cx="-32" cy="201" a="0" width="159" height="7"/>
  <groundred x="644.55" y="300.55" cx="639" cy="297" a="0" width="12.1" height="8.1"/>
  <ground x="411.525" y="276.55" cx="403" cy="271" a="0" width="17.05" height="11.1"/>
  <ground x="436.54999999999995" y="299.125" cx="434" cy="285" a="55" width="26.05" height="12.05"/>
  <ground x="280.3" y="300.125" cx="268" cy="308" a="-55" width="27" height="11.1"/>
  <ground x="444.575" y="316.525" cx="442" cy="306" a="0" width="5.15" height="21.05"/>
  <ground x="271.725" y="317.325" cx="271" cy="308" a="11" width="5" height="18.05"/>
  <ground x="270.825" y="317.675" cx="269" cy="308" a="4" width="5" height="19.05"/>
  <minkskin x="252" y="131" a="22" width="36" height="27"/>
  <ground x="520.5" y="222.55" cx="512" cy="217" a="0" width="17" height="11.1"/>
  <ground x="202.025" y="222.55" cx="193" cy="217" a="0" width="18.05" height="11.1"/>
  <ground x="159.825" y="217.775" cx="148" cy="207" a="22" width="30" height="11.1"/>
  <ground x="561.725" y="213.125" cx="546" cy="213" a="-22" width="29.05" height="12"/>
  <ground x="577.75" y="206.425" cx="566" cy="210" a="-29" width="24" height="5.15"/>
  <ground x="141.625" y="209.2" cx="133" cy="201" a="29" width="23.05" height="6"/>
  <groundred x="328.5" y="82.55" cx="322" cy="76" a="0" width="14" height="14.1"/>
  <groundred x="392.55" y="81.525" cx="385" cy="75" a="0" width="16.1" height="14.05"/>
  <littlemouse x="202" y="256" a="0" width="37.35" height="34.3"/>
  <staticblueskin x="329.5" y="378" cx="116" cy="375" a="0" width="427" height="6"/>
  <ground x="360.5" y="112.5" cx="326" cy="110" a="0" width="69" height="5"/>
  <ground x="299.25" y="137.65" cx="324" cy="112" a="49" width="6.25" height="71"/>
  <ground x="254.425" y="189.15" cx="271" cy="157" a="33" width="7.2" height="72"/>
  <ground x="424.15" y="134.575" cx="395" cy="114" a="-49" width="7.2" height="71"/>
  <ground x="470.55" y="189.3" cx="448" cy="161" a="-33" width="7" height="72"/>
  <ground x="286.95" y="248" cx="231" cy="221" a="22" width="124" height="8.15"/>
  <ground x="433.8" y="245.025" cx="375" cy="265" a="-22" width="124" height="7"/>
  <ground x="361.025" y="271.075" cx="342" cy="267" a="0" width="38.05" height="8.15"/>
  <ground x="331.425" y="99.19999999999999" cx="326" cy="87" a="-11" width="6" height="26.05"/>
  <ground x="391.05" y="99.45" cx="390" cy="86" a="11" width="7.2" height="26"/>
  <ground x="243.60000000000002" y="150.25" cx="231" cy="136" a="22" width="34.05" height="17"/>
  <groundred x="596.775" y="345.25" cx="586" cy="342" a="0" width="22.55" height="7.5"/>
  <ground x="484.25" y="153.375" cx="466" cy="151" a="-22" width="32.05" height="18.05"/>
</scene>