<scene width="740" height="380">
  <timer time="60"/>
  <creator id="2638888"/>
  <bg id="12"/>
  <staticskin x="398.5" y="299.5" cx="363" cy="295" a="0" width="71" height="9"/>
  <ground x="509.5" y="305.125" cx="471" cy="302" a="0" width="77" height="6.25"/>
  <groundblue x="707.75" y="268.45" cx="674" cy="262" a="0" width="68.5" height="13.9"/>
  <groundblue x="604.8" y="231.25" cx="599" cy="129" a="0" width="12.6" height="205.5"/>
  <groundblue x="739.8" y="110.75" cx="731" cy="4" a="0" width="18.6" height="214.5"/>
  <groundblue x="581.75" y="52.325" cx="424" cy="45" a="0" width="316.5" height="15.65"/>
  <groundred x="729.25" y="36.775" cx="721" cy="21" a="0" width="17.5" height="32.55"/>
  <littlemouse x="676" y="27" a="0" width="37.35" height="34.3"/>
  <ballskin x="295" y="156" a="0" width="25" height="25"/>
  <heavyboxskin x="503" y="204" a="0" width="41.05" height="22"/>
  <ballskin x="641" y="208" a="0" width="25" height="25"/>
  <ballskin x="658" y="189" a="0" width="25" height="25"/>
  <ballskin x="641" y="173" a="0" width="25" height="25"/>
  <ballskin x="640" y="173" a="0" width="25" height="25"/>
  <ballskin x="645" y="239" a="0" width="25" height="25"/>
  <ballskin x="625" y="248" a="0" width="25" height="25"/>
  <ballskin x="623" y="222" a="0" width="25" height="25"/>
  <ballskin x="668" y="228" a="0" width="25" height="25"/>
  <ballskin x="632" y="209" a="0" width="25" height="25"/>
  <ballskin x="654" y="188" a="0" width="25" height="25"/>
  <ballskin x="625" y="182" a="0" width="25" height="25"/>
  <ballskin x="632" y="265" a="0" width="25" height="25"/>
  <ballskin x="655" y="246" a="0" width="25" height="25"/>
  <ballskin x="413" y="237" a="0" width="25" height="25"/>
  <ballskin x="412" y="281" a="0" width="25" height="25"/>
  <ballskin x="510" y="234" a="0" width="25" height="25"/>
  <staticredskin x="549" y="301.5" cx="544" cy="296" a="0" width="10" height="11"/>
  <minkskin x="711" y="247" a="0" width="36" height="27"/>
  <cheeseskin x="107" y="254" a="0" width="27.05" height="22"/>
  <staticredskin x="364" y="282.5" cx="348" cy="277" a="0" width="32" height="11"/>
  <springboardskin x="17" y="160" a="0" width="51" height="10.95"/>
  <springboardskin x="40" y="236" a="0" width="51" height="10.95"/>
  <groundblue x="128.8" y="196.75" cx="121" cy="89" a="0" width="16.6" height="216.5"/>
  <groundblue x="170.025" y="254.9" cx="130" cy="217" a="-40" width="13.6" height="110.5"/>
  <groundblue x="155.525" y="164.6" cx="170" cy="108" a="23" width="18.6" height="116.5"/>
  <ground x="162.5" y="294.05" cx="112" cy="288" a="0" width="101" height="12.1"/>
  <groundblue x="255.25" y="204.75" cx="247" cy="113" a="0" width="17.5" height="184.5"/>
  <groundblue x="289.75" y="114.25" cx="248" cy="107" a="0" width="84.5" height="15.5"/>
  <groundblue x="300.75" y="200.25" cx="257" cy="189" a="0" width="88.5" height="23.5"/>
  <groundblue x="334.3" y="155.775" cx="326" cy="112" a="0" width="17.6" height="88.55"/>
  <groundblue x="298.225" y="244.70000000000002" cx="256" cy="208" a="-40" width="18.5" height="111.5"/>
  <ground x="290.5" y="294.55" cx="235" cy="289" a="0" width="111" height="11.1"/>
  <groundblue x="394.75" y="261.25" cx="389" cy="220" a="0" width="12.5" height="83.5"/>
  <groundblue x="418.75" y="226.325" cx="393" cy="219" a="0" width="52.5" height="15.65"/>
  <groundblue x="419.25" y="263.825" cx="395" cy="256" a="0" width="49.5" height="16.65"/>
  <groundblue x="422.8" y="300.75" cx="395" cy="295" a="0" width="56.6" height="12.5"/>
  <ballskin x="141" y="164" a="0" width="25" height="25"/>
  <groundblue x="486.25" y="261.75" cx="479" cy="217" a="0" width="15.5" height="90.5"/>
  <groundblue x="514.8" y="226.75" cx="484" cy="219" a="0" width="62.6" height="16.5"/>
  <groundblue x="516.25" y="260.75" cx="483" cy="253" a="0" width="67.5" height="16.5"/>
  <groundblue x="517.75" y="296.75" cx="486" cy="288" a="0" width="64.5" height="18.5"/>
  <groundred x="443.75" y="297.25" cx="436" cy="290" a="0" width="16.5" height="15.5"/>
  <groundred x="651.55" y="160.8" cx="617" cy="123" a="40" width="102.55" height="14.5"/>
  <groundred x="649.175" y="296.125" cx="692" cy="269" a="140" width="101.5" height="14.5"/>
  <groundred x="686.25" y="224.25" cx="679" cy="178" a="0" width="15.5" height="93.5"/>
</scene>