<scene width="740" height="380">
  <timer time="180"/>
  <creator id="2491114"/>
  <bg id="8"/>
  <minkskin x="111" y="355" a="0" width="36" height="27"/>
  <staticredskin x="699.5" y="220" cx="689" cy="118" a="0" width="21" height="204"/>
  <staticredskin x="247.5" y="155.5" cx="32" cy="149" a="0" width="431" height="13"/>
  <boxskin x="154" y="4" a="0" width="50" height="50"/>
  <staticblueskin x="511" y="239.5" cx="506" cy="221" a="0" width="10" height="37"/>
  <staticblueskin x="663.5" y="234.5" cx="653" cy="226" a="0" width="21" height="17"/>
  <staticskin x="644.5" y="262.5" cx="639" cy="257" a="0" width="11" height="11"/>
  <staticskin x="627.5" y="9.5" cx="253" cy="-6" a="0" width="749" height="31"/>
  <staticblueskin x="139.5" y="37.5" cx="66" cy="29" a="0" width="147" height="17"/>
  <littlemouse x="113" y="128" a="0" width="37.35" height="34.3"/>
  <staticblueskin x="501" y="204" cx="493" cy="200" a="0" width="16" height="8"/>
  <staticblueskin x="556" y="250" cx="551" cy="242" a="0" width="10" height="16"/>
  <staticblueskin x="602.5" y="280" cx="599" cy="276" a="0" width="7" height="8"/>
  <groundblue x="706" y="348.5" cx="672" cy="308" a="0" width="69" height="82"/>
  <staticskin x="944.5" y="50" cx="636" cy="-10" a="0" width="617" height="120"/>
  <staticblueskin x="644" y="319" cx="637" cy="312" a="0" width="14" height="14"/>
  <staticblueskin x="591.5" y="348.5" cx="579" cy="342" a="0" width="25" height="13"/>
  <cheeseskin x="677" y="196" a="0" width="27.05" height="22"/>
  <staticskin x="459.5" y="196" cx="444" cy="174" a="0" width="31" height="44"/>
  <staticredskin x="462" y="209.5" cx="448" cy="182" a="0" width="28" height="55"/>
  <staticblueskin x="529" y="369" cx="513" cy="361" a="0" width="32" height="16"/>
  <staticblueskin x="440.5" y="366.5" cx="427" cy="359" a="0" width="27" height="15"/>
  <staticblueskin x="351.5" y="367.5" cx="340" cy="359" a="0" width="23" height="17"/>
  <staticblueskin x="287.5" y="365.5" cx="276" cy="358" a="0" width="23" height="15"/>
  <staticblueskin x="232.5" y="367" cx="222" cy="363" a="0" width="21" height="8"/>
  <staticskin x="107.5" y="388" cx="21" cy="370" a="0" width="173" height="36"/>
</scene>