<scene width="740" height="380">
  <timer time="60"/>
  <creator id="2947093"/>
  <bg id="0"/>
  <staticredskin x="644.5" y="227" cx="636" cy="103" a="0" width="17" height="248"/>
  <boxskin x="154" y="136" a="0" width="50" height="50"/>
  <tree x="486" y="287" a="0" width="78.35" height="100"/>
  <littlemouse x="27" y="142" a="0" width="37.35" height="34.3"/>
  <cheeseskin x="714" y="329" a="0" width="27.05" height="22"/>
  <minkskin x="378" y="42" a="0" width="36" height="27"/>
</scene>