<scene width="740" height="380">
  <timer time="80"/>
  <creator id="2524291"/>
  <bg id="6"/>
  <carriervertical x="629" y="391" linewidth="50" lineheight="200" boxwidth="50" boxheight="20"/>
  <minkskin x="591" y="294" a="0" width="36" height="27"/>
  <springboardskin x="298" y="224" a="0" width="51" height="10.95"/>
  <springboardskin x="399" y="150" a="0" width="51" height="10.95"/>
  <rpointer x="294" y="189" a="0" width="40" height="33.7"/>
  <rpointer x="396" y="106" a="0" width="40" height="33.7"/>
  <lpointer x="684" y="49" a="0" width="40" height="33.7"/>
  <rpointer x="171" y="259" a="0" width="40" height="33.7"/>
  <carrierhorizontal x="565" y="354" linewidth="300" lineheight="20" boxwidth="50" boxheight="20"/>
  <groundred x="631" y="374.5" cx="480" cy="349" a="0" width="303" height="52"/>
  <springboardskin x="172" y="294" a="0" width="51" height="10.95"/>
  <springboardskin x="193" y="391" a="0" width="51" height="10.95"/>
  <staticredskin x="-213" y="406" cx="-501" cy="352" a="0" width="576" height="108"/>
  <littlemouse x="36" y="321" a="0" width="37.35" height="34.3"/>
  <cheeseskin x="594" y="57" a="0" width="27.05" height="22"/>
  <staticskin x="617" y="88" cx="509" cy="84" a="0" width="216" height="8"/>
  <boxskin x="485" y="111" a="0" width="50" height="50"/>
  <ballskin x="444" y="128" a="0" width="23.8" height="26.05"/>
</scene>