<scene width="740" height="380">
  <timer time="60"/>
  <creator id="2959513"/>
  <bg id="11"/>
  <carrierhorizontal x="73" y="146" linewidth="300" lineheight="20" boxwidth="50" boxheight="20"/>
  <ground x="587.025" y="147" cx="580" cy="98" a="0" width="14.05" height="98"/>
  <ground x="540" y="93.05" cx="486" cy="88" a="0" width="108" height="10.1"/>
  <groundblue x="437.5" y="224.575" cx="418" cy="217" a="0" width="40" height="16.15"/>
  <cheeseskin x="563" y="116" a="0" width="27.05" height="22"/>
  <ground x="556" y="149.5" cx="530" cy="145" a="0" width="52" height="9"/>
  <ballskin x="533" y="299" a="0" width="23.8" height="26.05"/>
  <rpointer x="277" y="409" a="0" width="40" height="33.7"/>
  <rpointer x="243" y="333" a="0" width="40" height="33.7"/>
  <lpointer x="239" y="408" a="0" width="40" height="33.7"/>
  <lpointer x="369" y="52" a="0" width="40" height="33.7"/>
  <ground x="530.5" y="98.025" cx="528" cy="86" a="0" width="5" height="24.05"/>
  <stone x="386" y="405" a="0" width="31.25" height="22.9"/>
  <flowers2 x="563" y="410" a="0" width="60" height="33.45"/>
  <groundblue x="261" y="230.5" cx="-17" cy="223" a="0" width="557" height="16"/>
  <ground x="43.5" y="175.525" cx="40" cy="163" a="0" width="7" height="25.05"/>
  <ground x="101.05" y="243.5" cx="98" cy="230" a="0" width="6.1" height="27"/>
  <groundred x="287.5" y="166.05" cx="67" cy="159" a="0" width="442" height="15.1"/>
  <groundblue x="514.5" y="154.075" cx="507" cy="146" a="0" width="16" height="17.15"/>
  <groundblue x="151" y="85.5" cx="123" cy="74" a="0" width="57" height="24"/>
  <groundblue x="48.5" y="85" cx="13" cy="71" a="0" width="72" height="29"/>
  <groundblue x="255.5" y="83.525" cx="225" cy="70" a="0" width="62" height="28.05"/>
  <groundblue x="442" y="147.5" cx="388" cy="140" a="0" width="109" height="16"/>
  <groundblue x="367.5" y="83.025" cx="336" cy="69" a="0" width="64" height="29.05"/>
  <groundred x="420.05" y="84.5" cx="411" cy="75" a="0" width="19.1" height="20"/>
  <groundblue x="477.75" y="85.275" cx="443" cy="72" a="0" width="70.5" height="27.55"/>
  <lpointer x="238" y="412" a="0" width="40" height="33.7"/>
  <flowers1 x="517" y="411" a="0" width="60" height="58.2"/>
  <flowers1 x="522" y="409" a="0" width="60" height="58.2"/>
  <flowers1 x="558" y="131" a="0" width="60" height="58.2"/>
  <cactus x="355" y="408" a="0" width="20" height="42.55"/>
  <staticblueskin x="194.5" y="34.5" cx="190" cy="30" a="0" width="9" height="9"/>
  <staticblueskin x="305.5" y="33" cx="300" cy="29" a="0" width="11" height="8"/>
  <staticblueskin x="415" y="34" cx="410" cy="30" a="0" width="10" height="8"/>
  <staticblueskin x="97.5" y="36.5" cx="93" cy="32" a="0" width="9" height="9"/>
  <ground x="12.5" y="272.5" cx="9" cy="237" a="0" width="7" height="71"/>
  <ground x="64" y="310.525" cx="14" cy="294" a="0" width="100" height="33.05"/>
  <ground x="54" y="233.55" cx="8" cy="229" a="0" width="92" height="9.1"/>
  <minkskin x="35" y="255" a="0" width="36" height="27"/>
  <ground x="31.025" y="274" cx="18" cy="271" a="0" width="26.05" height="6"/>
  <littlemouse x="68" y="275" a="0" width="37.35" height="34.3"/>
  <ground x="140" y="337.525" cx="128" cy="326" a="0" width="24" height="23.05"/>
  <ground x="167.025" y="358.5" cx="155" cy="349" a="0" width="24.05" height="19"/>
  <ground x="238.5" y="360.025" cx="226" cy="351" a="0" width="25" height="18.05"/>
  <ground x="316" y="362.025" cx="303" cy="351" a="0" width="26" height="22.05"/>
  <ground x="396.025" y="362.525" cx="382" cy="354" a="0" width="28.05" height="17.05"/>
  <ground x="476.025" y="363" cx="463" cy="355" a="0" width="26.05" height="16"/>
  <ground x="503.5" y="343.525" cx="492" cy="333" a="0" width="23" height="21.05"/>
  <ground x="528.525" y="324.025" cx="517" cy="314" a="0" width="23.05" height="20.05"/>
  <ground x="573.5" y="298.5" cx="542" cy="270" a="0" width="63" height="57"/>
  <carriervertical x="653" y="64" linewidth="50" lineheight="200" boxwidth="50" boxheight="20"/>
  <ground x="3.5" y="36" cx="0" cy="4" a="0" width="7" height="64"/>
  <ground x="31" y="4.55" cx="-4" cy="1" a="0" width="70" height="7.1"/>
  <ground x="70.5" y="17" cx="65" cy="-8" a="0" width="11" height="50"/>
  <cheeseskin x="34" y="35" a="0" width="27.05" height="22"/>
  <groundred x="104.5" y="85.05" cx="95" cy="76" a="0" width="20" height="19.1"/>
  <groundred x="203.5" y="85.525" cx="192" cy="76" a="0" width="24" height="20.05"/>
  <groundred x="311" y="85.05" cx="300" cy="75" a="0" width="23" height="21.1"/>
  <ground x="55.5" y="150.525" cx="46" cy="140" a="0" width="19" height="21.05"/>
  <carrierhorizontal x="576" y="410" linewidth="300" lineheight="20" boxwidth="50" boxheight="20"/>
</scene>