<scene width="740" height="380">
  <timer time="120"/>
  <creator id="2667072"/>
  <bg id="3"/>
  <staticblueskin x="41.5" y="47.5" cx="2" cy="45" a="0" width="79" height="5"/>
  <staticblueskin x="77" y="66.5" cx="74" cy="46" a="0" width="6" height="41"/>
  <staticblueskin x="101.5" y="84.5" cx="74" cy="82" a="0" width="55" height="5"/>
  <staticblueskin x="165.5" y="71.5" cx="131" cy="69" a="0" width="69" height="5"/>
  <staticblueskin x="185.5" y="63.5" cx="149" cy="61" a="0" width="73" height="5"/>
  <ballskin x="348" y="362" a="0" width="25" height="25"/>
  <ballskin x="118" y="68" a="0" width="25" height="25"/>
  <ballskin x="583" y="181" a="0" width="25" height="25"/>
  <ballskin x="438" y="139" a="0" width="25" height="25"/>
  <staticblueskin x="300" y="55.5" cx="168" cy="53" a="0" width="264" height="5"/>
  <staticblueskin x="638" y="38.5" cx="471" cy="35" a="0" width="334" height="7"/>
  <cheeseskin x="721" y="19" a="0" width="27.05" height="22"/>
  <staticblueskin x="652.5" y="31.5" cx="649" cy="28" a="0" width="7" height="7"/>
  <staticblueskin x="674" y="30.5" cx="669" cy="26" a="0" width="10" height="9"/>
  <minkskin x="36" y="78" a="0" width="36" height="27"/>
  <staticblueskin x="548.5" y="89.5" cx="427" cy="87" a="0" width="243" height="5"/>
  <staticblueskin x="430.5" y="74" cx="427" cy="55" a="0" width="7" height="38"/>
  <staticblueskin x="626.5" y="130" cx="509" cy="127" a="0" width="235" height="6"/>
  <staticblueskin x="494.5" y="144" cx="458" cy="141" a="0" width="73" height="6"/>
  <staticblueskin x="458.5" y="154.5" cx="419" cy="152" a="0" width="79" height="5"/>
  <staticblueskin x="433.5" y="220.5" cx="393" cy="218" a="0" width="81" height="5"/>
  <staticblueskin x="480" y="210.5" cx="447" cy="208" a="0" width="66" height="5"/>
  <staticblueskin x="518" y="202.5" cx="485" cy="200" a="0" width="66" height="5"/>
  <staticblueskin x="606" y="194.5" cx="507" cy="192" a="0" width="198" height="5"/>
  <staticblueskin x="703.5" y="228.5" cx="701" cy="192" a="0" width="5" height="73"/>
  <staticblueskin x="704.5" y="301" cx="669" cy="298" a="0" width="71" height="6"/>
  <staticblueskin x="571" y="257.5" cx="492" cy="255" a="0" width="158" height="5"/>
  <staticblueskin x="442.35" y="288.075" cx="496" cy="260" a="150" width="121" height="5"/>
  <staticblueskin x="663.5" y="277" cx="659" cy="273" a="0" width="9" height="8"/>
  <staticblueskin x="388" y="369.5" cx="385" cy="363" a="0" width="6" height="13"/>
  <cheeseskin x="506" y="280" a="0" width="27.05" height="22"/>
  <staticblueskin x="511.5" y="299.5" cx="424" cy="296" a="0" width="175" height="7"/>
  <staticredskin x="692.5" y="315" cx="690" cy="303" a="0" width="5" height="24"/>
  <staticredskin x="692.5" y="364" cx="690" cy="353" a="0" width="5" height="22"/>
  <cheeseskin x="721" y="318" a="0" width="27.05" height="22"/>
  <staticredskin x="621" y="374" cx="618" cy="371" a="0" width="6" height="6"/>
  <staticblueskin x="375.5" y="221.5" cx="354" cy="218" a="0" width="43" height="7"/>
  <staticblueskin x="324.375" y="195.89999999999998" cx="357" cy="220" a="130" width="5" height="81"/>
  <staticblueskin x="214" y="158.5" cx="173" cy="155" a="0" width="82" height="7"/>
  <staticblueskin x="132.5" y="95" cx="130" cy="71" a="0" width="5" height="48"/>
  <staticblueskin x="196.5" y="94.5" cx="194" cy="72" a="0" width="5" height="45"/>
  <staticblueskin x="164" y="118.5" cx="131" cy="116" a="0" width="66" height="5"/>
  <cheeseskin x="165" y="98" a="0" width="27.05" height="22"/>
  <staticblueskin x="155.375" y="139.075" cx="181" cy="156" a="130" width="7" height="61"/>
  <staticblueskin x="274.1" y="163.825" cx="257" cy="152" a="25" width="41" height="7"/>
  <staticblueskin x="284" y="350.5" cx="250" cy="348" a="0" width="68" height="5"/>
  <staticblueskin x="13.5" y="324.5" cx="-30" cy="322" a="0" width="87" height="5"/>
  <boxskin x="30" y="350" a="0" width="50" height="50"/>
  <staticblueskin x="56.5" y="339" cx="54" cy="323" a="0" width="5" height="32"/>
  <staticblueskin x="240.5" y="339" cx="206" cy="336" a="0" width="69" height="6"/>
  <staticblueskin x="202" y="324.5" cx="168" cy="322" a="0" width="68" height="5"/>
  <staticblueskin x="168" y="309" cx="132" cy="306" a="0" width="72" height="6"/>
  <staticblueskin x="27" y="276.5" cx="2" cy="272" a="0" width="50" height="9"/>
  <staticblueskin x="5.5" y="248.5" cx="2" cy="244" a="0" width="7" height="9"/>
  <springboardskin x="83" y="160" a="0" width="51" height="10.95"/>
  <littlemouse x="25" y="24" a="0" width="37.35" height="34.3"/>
  <staticblueskin x="375" y="0.5" cx="-32" cy="-2" a="0" width="814" height="5"/>
  <staticblueskin x="741" y="350.5" cx="738" cy="-16" a="0" width="6" height="733"/>
  <staticblueskin x="-0.5" y="389.5" cx="-4" cy="-7" a="0" width="7" height="793"/>
  <staticblueskin x="382.5" y="381" cx="-88" cy="377" a="0" width="941" height="8"/>
</scene>