<scene width="740" height="380">
  <timer time="60"/>
  <creator id="2662271"/>
  <bg id="4"/>
  <carrierhorizontal x="457" y="141" linewidth="300" lineheight="20" boxwidth="50" boxheight="20"/>
  <carrierhorizontal x="404" y="172" linewidth="300" lineheight="20" boxwidth="50" boxheight="20"/>
  <heavyboxskin x="473" y="115" a="0" width="41.05" height="22"/>
  <minkskin x="708" y="33" a="0" width="36" height="27"/>
  <bush x="713" y="352" a="0" width="59.4" height="32.3"/>
  <carrierhorizontal x="574" y="361" linewidth="300" lineheight="20" boxwidth="50" boxheight="20"/>
  <lpointer x="581" y="332" a="0" width="40" height="33.7"/>
  <rpointer x="621" y="333" a="0" width="40" height="33.7"/>
  <carrierhorizontal x="278" y="360" linewidth="300" lineheight="20" boxwidth="50" boxheight="20"/>
  <littlemouse x="601" y="336" a="0" width="37.35" height="34.3"/>
  <flowers2 x="299" y="334" a="0" width="60" height="33.45"/>
  <springboardskin x="302" y="343" a="0" width="51" height="10.95"/>
  <carriervertical x="344" y="301" linewidth="50" lineheight="200" boxwidth="50" boxheight="20"/>
  <carrierhorizontal x="354" y="271" linewidth="300" lineheight="20" boxwidth="50" boxheight="20"/>
  <cheeseskin x="469" y="50" a="0" width="27.05" height="22"/>
  <tree2 x="475" y="308" a="0" width="84.85" height="100"/>
  <ballskin x="372" y="251" a="0" width="25" height="25"/>
  <ballskin x="335" y="282" a="0" width="25" height="25"/>
  <springboardskin x="343" y="293" a="0" width="51" height="10.95"/>
  <carrierhorizontal x="382" y="243" linewidth="300" lineheight="20" boxwidth="50" boxheight="20"/>
  <springboardskin x="395" y="225" a="0" width="51" height="10.95"/>
  <ballskin x="419" y="149" a="0" width="25" height="25"/>
  <springboardskin x="438" y="157" a="0" width="51" height="10.95"/>
  <springboardskin x="479" y="95" a="0" width="51" height="10.95"/>
  <carrierhorizontal x="530" y="63" linewidth="300" lineheight="20" boxwidth="50" boxheight="20"/>
</scene>