<scene width="740" height="380">
  <timer time="80"/>
  <creator id="2904984"/>
  <bg id="7"/>
  <staticskin x="312" y="37" cx="96" cy="28" a="0" width="432" height="18"/>
  <staticskin x="98.5" y="209.5" cx="93" cy="45" a="0" width="11" height="329"/>
  <staticskin x="402" y="97" cx="165" cy="91" a="0" width="474" height="12"/>
  <staticskin x="166.5" y="213" cx="161" cy="91" a="0" width="11" height="244"/>
  <staticskin x="172.5" y="366.5" cx="115" cy="361" a="0" width="115" height="11"/>
  <staticskin x="290.5" y="365.5" cx="285" cy="351" a="0" width="11" height="29"/>
  <staticskin x="342.5" y="358" cx="337" cy="315" a="0" width="11" height="86"/>
  <staticskin x="383" y="335" cx="378" cy="292" a="0" width="10" height="86"/>
  <staticskin x="432" y="320.5" cx="428" cy="259" a="0" width="8" height="123"/>
  <staticskin x="489.5" y="320" cx="486" cy="255" a="0" width="7" height="130"/>
  <staticskin x="527.5" y="252" cx="496" cy="247" a="0" width="63" height="10"/>
  <cheeseskin x="522" y="235" a="0" width="27.05" height="22"/>
  <staticskin x="726" y="239" cx="722" cy="112" a="0" width="8" height="254"/>
  <staticskin x="670.5" y="244" cx="666" cy="163" a="0" width="9" height="162"/>
  <staticskin x="678" y="361.5" cx="630" cy="357" a="0" width="96" height="9"/>
  <staticskin x="660.5" y="157" cx="648" cy="153" a="0" width="25" height="8"/>
  <staticskin x="113.5" y="130" cx="102" cy="123" a="0" width="23" height="14"/>
  <staticskin x="147" y="187" cx="137" cy="181" a="0" width="20" height="12"/>
  <staticskin x="108.5" y="229.5" cx="96" cy="223" a="0" width="25" height="13"/>
  <staticskin x="149" y="274.5" cx="140" cy="269" a="0" width="18" height="11"/>
  <staticskin x="677" y="323" cx="667" cy="320" a="0" width="20" height="6"/>
  <staticskin x="712.5" y="290" cx="703" cy="286" a="0" width="19" height="8"/>
  <staticskin x="683" y="254" cx="674" cy="250" a="0" width="18" height="8"/>
  <staticskin x="715.5" y="226" cx="708" cy="222" a="0" width="15" height="8"/>
  <staticskin x="681.5" y="202" cx="677" cy="198" a="0" width="9" height="8"/>
  <staticskin x="718" y="165.5" cx="711" cy="161" a="0" width="14" height="9"/>
  <staticskin x="486" y="87.5" cx="483" cy="78" a="0" width="6" height="19"/>
  <staticskin x="423" y="49.5" cx="416" cy="45" a="0" width="14" height="9"/>
  <staticskin x="332" y="87.5" cx="323" cy="85" a="0" width="18" height="5"/>
  <staticskin x="267.5" y="54.5" cx="262" cy="48" a="0" width="11" height="13"/>
  <staticskin x="206.5" y="86" cx="198" cy="83" a="0" width="17" height="6"/>
  <staticskin x="637.5" y="46.5" cx="635" cy="-9" a="0" width="5" height="111"/>
  <staticskin x="320.5" y="166" cx="248" cy="162" a="0" width="145" height="8"/>
  <staticskin x="215.5" y="202" cx="178" cy="198" a="0" width="75" height="8"/>
  <staticskin x="248" y="237.5" cx="184" cy="233" a="0" width="128" height="9"/>
  <minkskin x="292" y="222" a="0" width="36" height="27"/>
  <heavyboxskin x="589" y="405" a="0" width="41.05" height="22"/>
  <carriervertical x="570" y="244" linewidth="50" lineheight="200" boxwidth="50" boxheight="20"/>
  <carrierhorizontal x="389" y="153" linewidth="300" lineheight="20" boxwidth="50" boxheight="20"/>
  <littlemouse x="584" y="49" a="0" width="37.35" height="34.3"/>
</scene>