<scene width="740" height="380">
  <timer time="40"/>
  <creator id="2765087"/>
  <bg id="2"/>
  <staticredskin x="339" y="359.5" cx="331" cy="353" a="0" width="16" height="13"/>
  <staticredskin x="377.5" y="337" cx="349" cy="332" a="0" width="57" height="10"/>
  <staticredskin x="437.5" y="307.5" cx="400" cy="303" a="0" width="75" height="9"/>
  <staticredskin x="480.5" y="280.5" cx="440" cy="274" a="0" width="81" height="13"/>
  <staticredskin x="495" y="246" cx="460" cy="240" a="0" width="70" height="12"/>
  <staticredskin x="506" y="206.5" cx="467" cy="200" a="0" width="78" height="13"/>
  <staticredskin x="526" y="175.5" cx="487" cy="170" a="0" width="78" height="11"/>
  <staticredskin x="518" y="141" cx="488" cy="136" a="0" width="60" height="10"/>
  <staticredskin x="503" y="111" cx="470" cy="106" a="0" width="66" height="10"/>
  <staticredskin x="369.5" y="94" cx="352" cy="89" a="0" width="35" height="10"/>
  <staticredskin x="284.5" y="93.5" cx="270" cy="88" a="0" width="29" height="11"/>
  <staticredskin x="422" y="306.5" cx="416" cy="268" a="0" width="12" height="77"/>
  <staticredskin x="469" y="272" cx="463" cy="226" a="0" width="12" height="92"/>
  <staticredskin x="518" y="229.5" cx="513" cy="189" a="0" width="10" height="81"/>
  <staticredskin x="549.5" y="161.5" cx="544" cy="123" a="0" width="11" height="77"/>
  <staticredskin x="513.5" y="135.5" cx="510" cy="102" a="0" width="7" height="67"/>
  <staticredskin x="476" y="99.5" cx="471" cy="62" a="0" width="10" height="75"/>
  <staticredskin x="419.5" y="58.5" cx="415" cy="32" a="0" width="9" height="53"/>
  <staticredskin x="369.5" y="81.5" cx="365" cy="45" a="0" width="9" height="73"/>
  <staticredskin x="330.5" y="155" cx="326" cy="118" a="0" width="9" height="74"/>
  <staticredskin x="294" y="88" cx="287" cy="55" a="0" width="14" height="66"/>
  <staticredskin x="224.5" y="59.5" cx="219" cy="27" a="0" width="11" height="65"/>
  <staticredskin x="174" y="116.5" cx="169" cy="73" a="0" width="10" height="87"/>
  <staticredskin x="127.5" y="172" cx="123" cy="119" a="0" width="9" height="106"/>
  <staticredskin x="177" y="263.5" cx="171" cy="226" a="0" width="12" height="75"/>
  <staticredskin x="229" y="290.5" cx="225" cy="259" a="0" width="8" height="63"/>
  <staticredskin x="277" y="317.5" cx="270" cy="283" a="0" width="14" height="69"/>
  <staticredskin x="325" y="343.5" cx="321" cy="319" a="0" width="8" height="49"/>
  <staticredskin x="365.5" y="334" cx="362" cy="316" a="0" width="7" height="36"/>
  <staticblueskin x="578" y="81" cx="567" cy="77" a="0" width="22" height="8"/>
  <staticblueskin x="602.5" y="72" cx="599" cy="58" a="0" width="7" height="28"/>
  <staticblueskin x="614.5" y="55" cx="602" cy="52" a="0" width="25" height="6"/>
  <staticblueskin x="627" y="72.5" cx="623" cy="53" a="0" width="8" height="39"/>
  <staticblueskin x="614" y="89" cx="601" cy="85" a="0" width="26" height="8"/>
  <staticblueskin x="645" y="91.5" cx="642" cy="71" a="0" width="6" height="41"/>
  <staticblueskin x="654" y="116.5" cx="650" cy="113" a="0" width="8" height="7"/>
  <staticblueskin x="662.5" y="92" cx="659" cy="69" a="0" width="7" height="46"/>
  <staticblueskin x="693" y="101" cx="676" cy="98" a="0" width="34" height="6"/>
  <staticblueskin x="679.5" y="122.5" cx="676" cy="105" a="0" width="7" height="35"/>
  <staticblueskin x="695" y="138.5" cx="682" cy="134" a="0" width="26" height="9"/>
  <staticblueskin x="694.5" y="122" cx="680" cy="118" a="0" width="29" height="8"/>
  <staticblueskin x="566" y="66.5" cx="562" cy="47" a="0" width="8" height="39"/>
  <littlemouse x="410" y="135" a="0" width="37.35" height="34.3"/>
  <cheeseskin x="415" y="226" a="0" width="27.05" height="22"/>
  <minkskin x="233" y="143" a="0" width="36" height="27"/>
  <staticredskin x="338.5" y="374.5" cx="335" cy="370" a="0" width="7" height="9"/>
  <staticredskin x="324.5" y="119.5" cx="279" cy="116" a="0" width="91" height="7"/>
  <staticredskin x="326.5" y="138.5" cx="303" cy="135" a="0" width="47" height="7"/>
  <staticredskin x="325.5" y="162" cx="320" cy="157" a="0" width="11" height="10"/>
  <staticredskin x="435.5" y="77.5" cx="403" cy="72" a="0" width="65" height="11"/>
  <staticredskin x="226" y="72" cx="192" cy="67" a="0" width="68" height="10"/>
  <staticredskin x="174" y="105.5" cx="144" cy="100" a="0" width="60" height="11"/>
  <staticredskin x="146.5" y="145" cx="119" cy="140" a="0" width="55" height="10"/>
  <staticredskin x="120.5" y="176.5" cx="87" cy="171" a="0" width="67" height="11"/>
  <staticredskin x="128.5" y="213" cx="92" cy="208" a="0" width="73" height="10"/>
  <staticredskin x="155.5" y="248.5" cx="118" cy="242" a="0" width="75" height="13"/>
  <staticredskin x="205.5" y="279.5" cx="171" cy="272" a="0" width="69" height="15"/>
  <staticredskin x="259" y="303.5" cx="230" cy="299" a="0" width="58" height="9"/>
  <staticredskin x="301.5" y="335.5" cx="272" cy="331" a="0" width="59" height="9"/>
</scene>