<scene width="740" height="380">
  <timer time="120"/>
  <creator id="2944615"/>
  <bg id="8"/>
  <staticskin x="561.5" y="70.5" cx="546" cy="64" a="0" width="31" height="13"/>
  <staticskin x="572.5" y="216" cx="560" cy="209" a="0" width="25" height="14"/>
  <staticskin x="625" y="298.5" cx="611" cy="291" a="0" width="28" height="15"/>
  <staticskin x="194" y="74" cx="-47" cy="67" a="0" width="482" height="14"/>
  <staticskin x="238" y="159" cx="-38" cy="151" a="0" width="552" height="16"/>
  <staticskin x="216" y="236" cx="-2" cy="229" a="0" width="436" height="14"/>
  <staticskin x="688.5" y="373" cx="637" cy="367" a="0" width="103" height="12"/>
  <staticredskin x="722.5" y="362.5" cx="707" cy="357" a="0" width="31" height="11"/>
  <minkskin x="721" y="16" a="0" width="36" height="27"/>
  <littlemouse x="38" y="53" a="0" width="37.35" height="34.3"/>
  <staticredskin x="183.5" y="1.5" cx="-108" cy="-4" a="0" width="583" height="11"/>
  <staticredskin x="535" y="2.5" cx="319" cy="-2" a="0" width="432" height="9"/>
  <staticskin x="122.5" y="380" cx="-205" cy="369" a="0" width="655" height="22"/>
  <staticskin x="239.5" y="309" cx="-56" cy="301" a="0" width="591" height="16"/>
  <cheeseskin x="27" y="139" a="0" width="27.05" height="22"/>
  <stone x="20" y="138" a="0" width="31.25" height="22.9"/>
  <stone x="31" y="138" a="0" width="31.25" height="22.9"/>
  <cheeseskin x="24" y="216" a="0" width="27.05" height="22"/>
  <cheeseskin x="21" y="290" a="0" width="27.05" height="22"/>
  <cheeseskin x="22" y="360" a="0" width="27.05" height="22"/>
  <flowers1 x="324" y="412" a="0" width="60" height="58.2"/>
  <bush x="24" y="210" a="0" width="59.4" height="32.3"/>
  <bush x="32" y="212" a="0" width="59.4" height="32.3"/>
  <flowers1 x="24" y="286" a="0" width="60" height="58.2"/>
  <flowers2 x="26" y="355" a="0" width="60" height="33.45"/>
  <flowers2 x="25" y="355" a="0" width="60" height="33.45"/>
  <boxskin x="464" y="126" a="0" width="50" height="50"/>
  <boxskin x="378" y="205" a="0" width="50" height="50"/>
  <boxskin x="480" y="275" a="0" width="50" height="50"/>
  <boxskin x="399" y="344" a="0" width="50" height="50"/>
  <staticskin x="619" y="139" cx="605" cy="132" a="0" width="28" height="14"/>
</scene>