<scene width="740" height="380">
  <timer time="60"/>
  <creator id="301898"/>
  <bg id="0"/>
  <staticblueskin x="145.5" y="160.5" cx="84" cy="152" a="0" width="123" height="17"/>
  <staticredskin x="252" y="75.5" cx="244" cy="68" a="0" width="16" height="15"/>
  <staticredskin x="231" y="121" cx="223" cy="89" a="0" width="16" height="64"/>
  <staticredskin x="250.5" y="161.5" cx="243" cy="153" a="0" width="15" height="17"/>
  <staticredskin x="279" y="64" cx="266" cy="58" a="0" width="26" height="12"/>
  <staticredskin x="281.5" y="170.5" cx="267" cy="164" a="0" width="29" height="13"/>
  <staticredskin x="315.5" y="157" cx="308" cy="149" a="0" width="15" height="16"/>
  <staticredskin x="333.5" y="114" cx="325" cy="82" a="0" width="17" height="64"/>
  <staticredskin x="312" y="65.5" cx="302" cy="54" a="0" width="20" height="23"/>
  <staticblueskin x="364.5" y="56" cx="356" cy="46" a="0" width="17" height="20"/>
  <staticblueskin x="377" y="88" cx="368" cy="77" a="0" width="18" height="22"/>
  <staticblueskin x="389.5" y="126.5" cx="380" cy="117" a="0" width="19" height="19"/>
  <staticblueskin x="406" y="164" cx="397" cy="153" a="0" width="18" height="22"/>
  <staticblueskin x="435" y="124.5" cx="427" cy="114" a="0" width="16" height="21"/>
  <staticblueskin x="445" y="84" cx="436" cy="72" a="0" width="18" height="24"/>
  <staticblueskin x="461" y="49.5" cx="452" cy="40" a="0" width="18" height="19"/>
  <staticredskin x="567.5" y="66.5" cx="556" cy="58" a="0" width="23" height="17"/>
  <staticredskin x="522" y="74" cx="509" cy="64" a="0" width="26" height="20"/>
  <staticredskin x="484.5" y="103.5" cx="474" cy="92" a="0" width="21" height="23"/>
  <staticredskin x="472.5" y="145" cx="464" cy="136" a="0" width="17" height="18"/>
  <staticredskin x="492.5" y="172" cx="486" cy="165" a="0" width="13" height="14"/>
  <staticredskin x="525.5" y="184.5" cx="517" cy="177" a="0" width="17" height="15"/>
  <staticredskin x="561" y="191.5" cx="552" cy="179" a="0" width="18" height="25"/>
  <staticredskin x="605" y="79.5" cx="599" cy="71" a="0" width="12" height="17"/>
  <staticredskin x="616" y="110" cx="606" cy="102" a="0" width="20" height="16"/>
  <staticredskin x="577.5" y="118.5" cx="565" cy="111" a="0" width="25" height="15"/>
  <staticredskin x="528" y="123.5" cx="511" cy="118" a="0" width="34" height="11"/>
  <bush x="96" y="24" a="0" width="59.4" height="32.3"/>
  <tree2 x="175" y="104" a="0" width="84.85" height="100"/>
  <flowers1 x="282" y="118" a="0" width="60" height="58.2"/>
  <flowers2 x="542" y="95" a="0" width="60" height="33.45"/>
  <staticblueskin x="245.5" y="270" cx="223" cy="236" a="0" width="45" height="68"/>
  <staticblueskin x="345.5" y="269" cx="322" cy="237" a="0" width="47" height="64"/>
  <staticredskin x="179.5" y="326" cx="175" cy="315" a="0" width="9" height="22"/>
  <staticredskin x="196.5" y="351.5" cx="192" cy="340" a="0" width="9" height="23"/>
  <staticredskin x="225.5" y="362.5" cx="219" cy="352" a="0" width="13" height="21"/>
  <staticredskin x="265" y="368" cx="259" cy="359" a="0" width="12" height="18"/>
  <staticredskin x="295" y="370" cx="289" cy="362" a="0" width="12" height="16"/>
  <staticredskin x="333" y="367.5" cx="326" cy="359" a="0" width="14" height="17"/>
  <staticredskin x="364.5" y="362" cx="358" cy="351" a="0" width="13" height="22"/>
  <staticredskin x="394.5" y="351.5" cx="388" cy="343" a="0" width="13" height="17"/>
  <staticredskin x="413" y="335" cx="406" cy="326" a="0" width="14" height="18"/>
  <staticskin x="244" y="268" cx="237" cy="235" a="0" width="14" height="66"/>
  <staticskin x="346" y="268" cx="339" cy="237" a="0" width="14" height="62"/>
  <minkskin x="294" y="338" a="0" width="36" height="27"/>
  <cheeseskin x="413" y="131" a="0" width="27.05" height="22"/>
  <littlemouse x="99" y="24" a="0" width="37.35" height="34.3"/>
  <heavyboxskin x="199" y="138" a="0" width="41.05" height="22"/>
  <carrierhorizontal x="375" y="309" linewidth="300" lineheight="20" boxwidth="50" boxheight="20"/>
  <carriervertical x="708" y="76" linewidth="50" lineheight="200" boxwidth="50" boxheight="20"/>
  <staticblueskin x="372.5" y="-16" cx="12" cy="-34" a="0" width="721" height="36"/>
  <staticskin x="377.5" y="384.5" cx="46" cy="378" a="0" width="663" height="13"/>
  <staticblueskin x="97" y="94.5" cx="85" cy="38" a="0" width="24" height="113"/>
</scene>