<scene width="740" height="380">
  <timer time="80"/>
  <creator id="2918115"/>
  <bg id="1"/>
  <carrierhorizontal x="24" y="94" linewidth="450" lineheight="20" boxwidth="50" boxheight="20"/>
  <carrierhorizontal x="141" y="95" linewidth="300" lineheight="20" boxwidth="50" boxheight="20"/>
  <carrierhorizontal x="570" y="407" linewidth="300" lineheight="20" boxwidth="50" boxheight="20"/>
  <carrierhorizontal x="253" y="96" linewidth="300" lineheight="20" boxwidth="50" boxheight="20"/>
  <carrierhorizontal x="366" y="98" linewidth="300" lineheight="20" boxwidth="50" boxheight="20"/>
  <carrierhorizontal x="429" y="147" linewidth="300" lineheight="20" boxwidth="50" boxheight="20"/>
  <carrierhorizontal x="479" y="189" linewidth="300" lineheight="20" boxwidth="50" boxheight="20"/>
  <carrierhorizontal x="513" y="235" linewidth="300" lineheight="20" boxwidth="50" boxheight="20"/>
  <carrierhorizontal x="564" y="279" linewidth="300" lineheight="20" boxwidth="50" boxheight="20"/>
  <carrierhorizontal x="602" y="333" linewidth="300" lineheight="20" boxwidth="50" boxheight="20"/>
  <cheeseskin x="636" y="311" a="0" width="27.05" height="22"/>
  <minkskin x="49" y="71" a="0" width="36" height="27"/>
  <springboardskin x="676" y="338" a="0" width="51" height="10.95"/>
  <littlemouse x="48" y="66" a="0" width="37.35" height="34.3"/>
  <rpointer x="163" y="71" a="0" width="40" height="33.7"/>
  <ballskin x="461" y="125" a="0" width="23.8" height="26.05"/>
  <ballskin x="499" y="169" a="0" width="23.8" height="26.05"/>
  <ballskin x="547" y="222" a="0" width="23.8" height="26.05"/>
  <ballskin x="582" y="243" a="0" width="23.8" height="26.05"/>
  <heavyboxskin x="265" y="76" a="0" width="41" height="22"/>
  <rpointer x="393" y="70" a="0" width="40" height="33.7"/>
</scene>