<scene width="740" height="380">
  <timer time="60"/>
  <creator id="2337987"/>
  <bg id="11"/>
  <ballskin x="294" y="289" a="0" width="23.8" height="26.05"/>
  <ballskin x="235" y="283" a="0" width="23.8" height="26.05"/>
  <ballskin x="175" y="331" a="0" width="23.8" height="26.05"/>
  <ballskin x="192" y="276" a="0" width="23.8" height="26.05"/>
  <staticskin x="173.5" y="116.5" cx="171" cy="71" a="0" width="5" height="91"/>
  <staticskin x="260.5" y="112.5" cx="258" cy="65" a="0" width="5" height="95"/>
  <staticskin x="217" y="162.5" cx="176" cy="160" a="0" width="82" height="5"/>
  <staticredskin x="217" y="156.5" cx="177" cy="153" a="0" width="80" height="7"/>
  <staticskin x="354" y="108.5" cx="299" cy="105" a="0" width="110" height="7"/>
  <staticskin x="698" y="55.5" cx="665" cy="51" a="0" width="66" height="9"/>
  <staticskin x="433" y="327.5" cx="430" cy="275" a="0" width="6" height="105"/>
  <staticblueskin x="467" y="319" cx="464" cy="259" a="0" width="6" height="120"/>
  <staticskin x="502" y="332.5" cx="498" cy="285" a="0" width="8" height="95"/>
  <staticblueskin x="536" y="314" cx="533" cy="248" a="0" width="6" height="132"/>
  <staticredskin x="574" y="324" cx="571" cy="270" a="0" width="6" height="108"/>
  <staticskin x="606.5" y="338.5" cx="604" cy="294" a="0" width="5" height="89"/>
  <ballskin x="195" y="139" a="0" width="23.8" height="26.05"/>
  <ballskin x="222" y="101" a="0" width="23.8" height="26.05"/>
  <staticblueskin x="643" y="309.5" cx="640" cy="240" a="0" width="6" height="139"/>
  <staticblueskin x="488.5" y="116.5" cx="465" cy="112" a="0" width="47" height="9"/>
  <staticblueskin x="589" y="79.5" cx="553" cy="76" a="0" width="72" height="7"/>
  <littlemouse x="27" y="28" a="0" width="37.35" height="34.3"/>
  <carrierhorizontal x="556" y="176" linewidth="300" lineheight="20" boxwidth="50" boxheight="20"/>
  <cheeseskin x="714" y="33" a="0" width="27.05" height="22"/>
  <minkskin x="20" y="358" a="0" width="36" height="27"/>
  <staticskin x="41.5" y="54" cx="7" cy="50" a="0" width="69" height="8"/>
  <staticskin x="128.5" y="68" cx="100" cy="62" a="0" width="57" height="12"/>
  <staticblueskin x="73" y="375" cx="43" cy="372" a="0" width="60" height="6"/>
  <staticredskin x="109" y="343" cx="106" cy="309" a="0" width="6" height="68"/>
  <staticblueskin x="250.5" y="372.5" cx="115" cy="370" a="0" width="271" height="5"/>
  <staticredskin x="397" y="342.5" cx="393" cy="309" a="0" width="8" height="67"/>
  <ballskin x="221" y="319" a="0" width="23.8" height="26.05"/>
  <ballskin x="354" y="344" a="0" width="23.8" height="26.05"/>
  <ballskin x="290" y="344" a="0" width="23.8" height="26.05"/>
  <ballskin x="153" y="351" a="0" width="23.8" height="26.05"/>
  <ballskin x="227" y="354" a="0" width="23.8" height="26.05"/>
  <ballskin x="331" y="332" a="0" width="23.8" height="26.05"/>
  <ballskin x="150" y="306" a="0" width="23.8" height="26.05"/>
  <ballskin x="362" y="286" a="0" width="23.8" height="26.05"/>
</scene>