<scene width="740" height="380">
  <timer time="120"/>
  <creator id="237459"/>
  <bg id="0"/>
  <staticskin x="123.5" y="182.5" cx="105" cy="179" a="0" width="37" height="7"/>
  <staticskin x="173.5" y="223" cx="157" cy="220" a="0" width="33" height="6"/>
  <staticskin x="125.5" y="264.5" cx="109" cy="260" a="0" width="33" height="9"/>
  <staticskin x="502.5" y="267" cx="487" cy="263" a="0" width="31" height="8"/>
  <staticskin x="455" y="225.5" cx="439" cy="221" a="0" width="32" height="9"/>
  <staticskin x="498" y="178" cx="481" cy="174" a="0" width="34" height="8"/>
  <staticskin x="452.5" y="136" cx="436" cy="132" a="0" width="33" height="8"/>
  <staticskin x="193" y="207.5" cx="180" cy="204" a="0" width="26" height="7"/>
  <ballskin x="225" y="359" a="0" width="25" height="25"/>
  <ballskin x="201" y="361" a="0" width="25" height="25"/>
  <ballskin x="173" y="360" a="0" width="25" height="25"/>
  <heavyboxskin x="144" y="359" a="0" width="41.05" height="22"/>
  <heavyboxskin x="107" y="362" a="0" width="41.05" height="22"/>
  <ballskin x="78" y="357" a="0" width="25" height="25"/>
  <staticskin x="235" y="161" cx="222" cy="157" a="0" width="26" height="8"/>
  <staticskin x="193.5" y="117.5" cx="179" cy="114" a="0" width="29" height="7"/>
  <staticskin x="3" y="172" cx="0" cy="-33" a="0" width="6" height="410"/>
  <staticskin x="360.5" y="1" cx="-43" cy="-4" a="0" width="807" height="10"/>
  <springboardskin x="27" y="368" a="0" width="51" height="10.95"/>
  <springboardskin x="84" y="291" a="0" width="51" height="10.95"/>
  <springboardskin x="24" y="216" a="0" width="51" height="10.95"/>
  <springboardskin x="82" y="135" a="0" width="51" height="10.95"/>
  <minkskin x="31" y="31" a="0" width="36" height="27"/>
  <littlemouse x="704" y="45" a="0" width="37.35" height="34.3"/>
  <staticskin x="704" y="299.5" cx="672" cy="70" a="0" width="64" height="459"/>
  <staticskin x="321.5" y="388" cx="-40" cy="373" a="0" width="723" height="30"/>
  <staticskin x="110" y="135.5" cx="104" cy="-33" a="0" width="12" height="337"/>
  <staticskin x="602.5" y="132" cx="596" cy="-32" a="0" width="13" height="328"/>
  <staticskin x="513" y="180.5" cx="508" cy="62" a="0" width="10" height="237"/>
  <staticskin x="312.5" y="300.5" cx="106" cy="296" a="0" width="413" height="9"/>
  <springboardskin x="582" y="369" a="0" width="51" height="10.95"/>
  <staticskin x="528.5" y="300.5" cx="511" cy="297" a="0" width="35" height="7"/>
  <staticskin x="584.5" y="253" cx="565" cy="249" a="0" width="39" height="8"/>
  <staticskin x="529.5" y="211.5" cx="511" cy="208" a="0" width="37" height="7"/>
  <staticskin x="586.5" y="169" cx="566" cy="166" a="0" width="41" height="6"/>
  <staticskin x="532" y="128" cx="513" cy="124" a="0" width="38" height="8"/>
  <staticskin x="585.5" y="87" cx="568" cy="82" a="0" width="35" height="10"/>
  <staticskin x="350" y="60" cx="181" cy="55" a="0" width="338" height="10"/>
  <staticskin x="186" y="151" cx="180" cy="55" a="0" width="12" height="192"/>
  <staticskin x="314" y="240" cx="181" cy="234" a="0" width="266" height="12"/>
  <staticskin x="441.5" y="176.5" cx="435" cy="109" a="0" width="13" height="135"/>
  <staticskin x="345" y="114" cx="242" cy="107" a="0" width="206" height="14"/>
  <staticskin x="248" y="153.5" cx="243" cy="115" a="0" width="10" height="77"/>
  <staticskin x="301.5" y="190" cx="244" cy="185" a="0" width="115" height="10"/>
  <cheeseskin x="283" y="162" a="0" width="27.05" height="22"/>
  <staticskin x="127.5" y="84" cx="114" cy="80" a="0" width="27" height="8"/>
  <staticskin x="170.5" y="129" cx="154" cy="125" a="0" width="33" height="8"/>
</scene>