<scene width="740" height="380">
  <timer time="80"/>
  <creator id="2992642"/>
  <bg id="1"/>
  <bush x="691" y="251" a="0" width="59.4" height="32.3"/>
  <staticblueskin x="158.5" y="360" cx="5" cy="355" a="0" width="307" height="10"/>
  <staticskin x="430.5" y="362" cx="315" cy="359" a="0" width="231" height="6"/>
  <staticskin x="557.5" y="319" cx="555" cy="274" a="0" width="5" height="90"/>
  <staticredskin x="525" y="353.5" cx="495" cy="347" a="0" width="60" height="13"/>
  <staticskin x="644.5" y="272" cx="562" cy="268" a="0" width="165" height="8"/>
  <staticskin x="649" y="207" cx="646" cy="163" a="0" width="6" height="88"/>
  <staticskin x="689.5" y="224" cx="653" cy="217" a="0" width="73" height="14"/>
  <cheeseskin x="677" y="256" a="0" width="27.05" height="22"/>
  <rpointer x="585" y="256" a="0" width="40" height="33.7"/>
  <staticskin x="519" y="227" cx="460" cy="223" a="0" width="118" height="8"/>
  <staticskin x="594" y="181.5" cx="542" cy="177" a="0" width="104" height="9"/>
  <staticskin x="415.5" y="152.5" cx="341" cy="135" a="0" width="149" height="35"/>
  <staticskin x="640" y="97" cx="539" cy="76" a="0" width="202" height="42"/>
  <staticskin x="319.5" y="68.5" cx="158" cy="59" a="0" width="323" height="19"/>
  <lpointer x="632" y="167" a="0" width="40" height="33.7"/>
  <littlemouse x="73" y="336" a="0" width="37.35" height="34.3"/>
  <tree2 x="332" y="311" a="0" width="84.85" height="100"/>
  <cactus x="138" y="336" a="0" width="20" height="42.55"/>
  <staticskin x="74" y="117" cx="2" cy="114" a="0" width="144" height="6"/>
  <staticskin x="156.5" y="200" cx="152" cy="133" a="0" width="9" height="134"/>
  <staticskin x="266.5" y="273.5" cx="183" cy="271" a="0" width="167" height="5"/>
  <staticskin x="365" y="248.5" cx="361" cy="222" a="0" width="8" height="53"/>
  <staticskin x="450.5" y="199.5" cx="448" cy="173" a="0" width="5" height="53"/>
  <staticskin x="423" y="272.5" cx="379" cy="270" a="0" width="88" height="5"/>
  <staticblueskin x="468.5" y="258.5" cx="466" cy="233" a="0" width="5" height="51"/>
  <staticredskin x="264.5" y="259.5" cx="168" cy="248" a="0" width="193" height="23"/>
  <heavyboxskin x="204" y="343" a="0" width="41.05" height="22"/>
  <ballskin x="625" y="163" a="0" width="25" height="25"/>
  <ballskin x="226" y="233" a="0" width="25" height="25"/>
  <ballskin x="266" y="233" a="0" width="25" height="25"/>
  <ballskin x="306" y="236" a="0" width="25" height="25"/>
  <flowers1 x="398" y="130" a="0" width="60" height="58.2"/>
  <minkskin x="29" y="342" a="0" width="36" height="27"/>
  <cheeseskin x="411" y="250" a="0" width="27.05" height="22"/>
  <staticskin x="346.5" y="103" cx="336" cy="81" a="0" width="21" height="44"/>
</scene>