<scene width="740" height="380">
  <timer time="80"/>
  <creator id="2546443"/>
  <bg id="6"/>
  <staticskin x="629" y="263.5" cx="592" cy="253" a="0" width="74" height="21"/>
  <springboardskin x="176" y="131" a="0" width="51" height="10.95"/>
  <staticblueskin x="324" y="147.5" cx="317" cy="115" a="0" width="14" height="65"/>
  <staticskin x="233.5" y="4.5" cx="-294" cy="1" a="0" width="1055" height="7"/>
  <staticskin x="247" y="185" cx="8" cy="180" a="0" width="478" height="10"/>
  <ballskin x="384" y="166" a="0" width="25" height="25"/>
  <ballskin x="264" y="123" a="0" width="25" height="25"/>
  <staticblueskin x="143" y="149" cx="137" cy="120" a="0" width="12" height="58"/>
  <cheeseskin x="99" y="125" a="0" width="27.05" height="22"/>
  <minkskin x="28" y="343" a="0" width="36" height="27"/>
  <staticskin x="383.5" y="289.5" cx="283" cy="280" a="0" width="201" height="19"/>
  <staticredskin x="38" y="136" cx="17" cy="94" a="0" width="42" height="84"/>
  <staticskin x="291" y="327" cx="284" cy="298" a="0" width="14" height="58"/>
  <staticskin x="477" y="328" cx="471" cy="299" a="0" width="12" height="58"/>
  <flowers1 x="486" y="410" a="0" width="60" height="58.2"/>
  <tree2 x="33" y="62" a="0" width="84.85" height="100"/>
  <littlemouse x="42" y="345" a="0" width="37.35" height="34.3"/>
  <staticblueskin x="379" y="257.5" cx="369" cy="235" a="0" width="20" height="45"/>
  <flowers1 x="377" y="223" a="0" width="60" height="58.2"/>
  <staticskin x="528.5" y="317" cx="498" cy="310" a="0" width="61" height="14"/>
  <springboardskin x="82" y="350" a="0" width="51" height="10.95"/>
  <staticblueskin x="528.5" y="340" cx="498" cy="324" a="0" width="61" height="32"/>
  <staticskin x="228.5" y="318.5" cx="201" cy="313" a="0" width="55" height="11"/>
  <staticblueskin x="227.5" y="339.5" cx="201" cy="325" a="0" width="53" height="29"/>
  <staticskin x="140.5" y="322" cx="106" cy="288" a="0" width="69" height="68"/>
  <springboardskin x="527" y="305" a="0" width="51" height="10.95"/>
  <springboardskin x="229" y="308" a="0" width="51" height="10.95"/>
  <staticredskin x="140" y="325" cx="136" cy="321" a="0" width="8" height="8"/>
  <springboardskin x="449" y="275" a="0" width="51" height="10.95"/>
  <springboardskin x="316" y="274" a="0" width="51" height="10.95"/>
  <staticskin x="368" y="363" cx="-82" cy="357" a="0" width="900" height="12"/>
  <staticskin x="689.5" y="339" cx="644" cy="327" a="0" width="91" height="24"/>
  <staticskin x="738" y="68" cx="732" cy="-224" a="0" width="12" height="584"/>
  <staticskin x="580.5" y="210" cx="538" cy="202" a="0" width="85" height="16"/>
  <staticskin x="524.5" y="185.5" cx="483" cy="177" a="0" width="83" height="17"/>
  <staticskin x="4.5" y="196" cx="-1" cy="-117" a="0" width="11" height="626"/>
  <staticskin x="236" y="147.5" cx="148" cy="143" a="0" width="176" height="9"/>
  <staticredskin x="235" y="138.5" cx="151" cy="134" a="0" width="168" height="9"/>
</scene>