<scene width="740" height="380">
  <timer time="60"/>
  <creator id="1976150"/>
  <bg id="5"/>
  <staticblueskin x="638" y="161" cx="631" cy="134" a="0" width="14" height="54"/>
  <staticblueskin x="686" y="196.5" cx="631" cy="189" a="0" width="110" height="15"/>
  <ballskin x="656" y="175" a="0" width="23.8" height="26.05"/>
  <ballskin x="656" y="140" a="0" width="23.8" height="26.05"/>
  <minkskin x="699" y="171" a="0" width="36" height="27"/>
  <ballskin x="678" y="126" a="0" width="23.8" height="26.05"/>
  <ballskin x="725" y="128" a="0" width="23.8" height="26.05"/>
  <staticblueskin x="329" y="112.5" cx="324" cy="102" a="0" width="10" height="21"/>
  <staticblueskin x="504.5" y="88.5" cx="497" cy="56" a="0" width="15" height="65"/>
  <boxskin x="471" y="95" a="0" width="50" height="50"/>
  <littlemouse x="24" y="338" a="0" width="37.35" height="34.3"/>
  <springboardskin x="411" y="291" a="0" width="51" height="10.95"/>
  <springboardskin x="193" y="113" a="0" width="51" height="10.95"/>
  <staticredskin x="479" y="290.5" cx="447" cy="281" a="0" width="64" height="19"/>
  <ballskin x="22" y="259" a="0" width="23.8" height="26.05"/>
  <ballskin x="43" y="290" a="0" width="23.8" height="26.05"/>
  <ballskin x="79" y="247" a="0" width="23.8" height="26.05"/>
  <staticskin x="540.5" y="358.5" cx="538" cy="350" a="0" width="5" height="17"/>
  <staticredskin x="486" y="361.5" cx="476" cy="357" a="0" width="20" height="9"/>
  <heavyboxskin x="717" y="351" a="0" width="41" height="22"/>
  <heavyboxskin x="47" y="228" a="0" width="41" height="22"/>
  <staticblueskin x="85" y="178" cx="82" cy="172" a="0" width="6" height="12"/>
  <tree2 x="702" y="315" a="0" width="84.85" height="100"/>
  <lpointer x="133" y="163" a="0" width="40" height="33.7"/>
  <rpointer x="323" y="186" a="2" width="40" height="33.7"/>
  <springboardskin x="28" y="360" a="0" width="51" height="10.95"/>
  <springboardskin x="93" y="325" a="0" width="51" height="10.95"/>
  <staticskin x="409.5" y="305.5" cx="138" cy="301" a="0" width="543" height="9"/>
  <staticskin x="440.5" y="372.5" cx="146" cy="367" a="0" width="589" height="11"/>
  <staticredskin x="137" y="344.5" cx="130" cy="312" a="0" width="14" height="65"/>
  <cheeseskin x="166" y="354" a="0" width="27.05" height="22"/>
  <staticskin x="227.5" y="357.5" cx="222" cy="350" a="0" width="11" height="15"/>
  <staticskin x="329" y="363.5" cx="326" cy="360" a="0" width="6" height="7"/>
  <staticskin x="402" y="362.5" cx="398" cy="360" a="0" width="8" height="5"/>
  <staticskin x="471.5" y="363" cx="468" cy="360" a="0" width="7" height="6"/>
  <staticskin x="321.5" y="253" cx="311" cy="204" a="0" width="21" height="98"/>
  <boxskin x="283" y="275" a="0" width="50" height="50"/>
  <staticredskin x="203.5" y="297.5" cx="181" cy="294" a="0" width="45" height="7"/>
  <staticblueskin x="84.5" y="188.5" cx="1" cy="181" a="0" width="167" height="15"/>
  <staticblueskin x="354" y="128" cx="66" cy="121" a="0" width="576" height="14"/>
</scene>