<scene width="740" height="380">
  <timer time="40"/>
  <creator id="2962392"/>
  <bg id="1"/>
  <springboardskin x="439" y="140" a="0" width="51" height="10.95"/>
  <springboardskin x="482" y="204" a="0" width="51" height="10.95"/>
  <springboardskin x="509" y="261" a="0" width="51" height="10.95"/>
  <cheeseskin x="356" y="40" a="0" width="27.05" height="22"/>
  <groundblue x="361.75" y="72.275" cx="330" cy="64" a="0" width="64.5" height="17.55"/>
  <minkskin x="365" y="204" a="0" width="36" height="27"/>
  <staticredskin x="342.5" y="284" cx="295" cy="260" a="0" width="95" height="48"/>
  <staticblueskin x="343" y="242.5" cx="294" cy="230" a="0" width="98" height="25"/>
  <littlemouse x="95" y="284" a="0" width="37.35" height="34.3"/>
  <groundblue x="371.75" y="350.25" cx="11" cy="302" a="0" width="722.5" height="97.5"/>
  <staticskin x="414" y="278.5" cx="403" cy="256" a="0" width="22" height="45"/>
  <springboardskin x="195" y="265" a="0" width="51" height="10.95"/>
  <springboardskin x="237" y="210" a="0" width="51" height="10.95"/>
  <springboardskin x="284" y="146" a="0" width="51" height="10.95"/>
  <springboardskin x="340" y="86" a="0" width="51" height="10.95"/>
  <springboardskin x="390" y="100" a="0" width="51" height="10.95"/>
</scene>