<scene width="740" height="380">
  <timer time="60"/>
  <creator id="2811432"/>
  <bg id="4"/>
  <ballskin x="107" y="274" a="0" width="23.8" height="26.05"/>
  <ballskin x="51" y="301" a="0" width="23.8" height="26.05"/>
  <ballskin x="166" y="295" a="0" width="23.8" height="26.05"/>
  <boxskin x="532" y="284" a="0" width="50" height="50"/>
  <ballskin x="470" y="227" a="0" width="23.8" height="26.05"/>
  <ballskin x="98" y="175" a="0" width="23.8" height="26.05"/>
  <heavyboxskin x="606" y="182" a="0" width="41" height="22"/>
  <heavyboxskin x="484" y="170" a="0" width="41" height="22"/>
  <heavyboxskin x="652" y="178" a="0" width="41" height="22"/>
  <heavyboxskin x="184" y="160" a="0" width="41" height="22"/>
  <heavyboxskin x="109" y="248" a="0" width="41" height="22"/>
  <heavyboxskin x="58" y="122" a="0" width="41" height="22"/>
  <heavyboxskin x="526" y="161" a="0" width="41" height="22"/>
  <heavyboxskin x="12" y="145" a="0" width="41" height="22"/>
  <staticskin x="276.5" y="139" cx="256" cy="136" a="0" width="41" height="6"/>
  <staticskin x="450" y="141.5" cx="427" cy="138" a="0" width="46" height="7"/>
  <carrierhorizontal x="2" y="91" linewidth="300" lineheight="20" boxwidth="50" boxheight="20"/>
  <carrierhorizontal x="438" y="92" linewidth="300" lineheight="20" boxwidth="50" boxheight="20"/>
  <carriervertical x="328" y="143" linewidth="50" lineheight="200" boxwidth="50" boxheight="20"/>
  <carriervertical x="395" y="143" linewidth="50" lineheight="200" boxwidth="50" boxheight="20"/>
  <cheeseskin x="30" y="59" a="0" width="27.05" height="22"/>
  <littlemouse x="704" y="339" a="0" width="37.35" height="34.3"/>
  <minkskin x="710" y="57" a="0" width="36" height="27"/>
  <ballskin x="118" y="216" a="0" width="23.8" height="26.05"/>
  <heavyboxskin x="162" y="188" a="0" width="41" height="22"/>
  <ballskin x="77" y="223" a="0" width="23.8" height="26.05"/>
  <boxskin x="233" y="292" a="0" width="50" height="50"/>
  <ballskin x="152" y="251" a="0" width="23.8" height="26.05"/>
  <staticskin x="726.5" y="279.5" cx="721" cy="183" a="0" width="11" height="193"/>
  <staticblueskin x="364.5" y="368" cx="2" cy="360" a="0" width="725" height="16"/>
  <ballskin x="496" y="146" a="0" width="23.8" height="26.05"/>
  <ballskin x="564" y="158" a="0" width="23.8" height="26.05"/>
  <ballskin x="618" y="202" a="0" width="23.8" height="26.05"/>
  <ballskin x="439" y="213" a="0" width="23.8" height="26.05"/>
  <ballskin x="514" y="197" a="0" width="23.8" height="26.05"/>
  <ballskin x="685" y="176" a="0" width="23.8" height="26.05"/>
  <ballskin x="250" y="208" a="0" width="23.8" height="26.05"/>
  <ballskin x="51" y="180" a="0" width="23.8" height="26.05"/>
  <ballskin x="51" y="262" a="0" width="23.8" height="26.05"/>
  <ballskin x="34" y="211" a="0" width="23.8" height="26.05"/>
  <ballskin x="193" y="242" a="0" width="23.8" height="26.05"/>
  <ballskin x="564" y="237" a="0" width="23.8" height="26.05"/>
  <ballskin x="479" y="263" a="0" width="23.8" height="26.05"/>
  <ballskin x="470" y="199" a="0" width="23.8" height="26.05"/>
  <ballskin x="435" y="170" a="0" width="23.8" height="26.05"/>
  <ballskin x="669" y="138" a="0" width="23.8" height="26.05"/>
  <ballskin x="650" y="131" a="0" width="23.8" height="26.05"/>
  <ballskin x="435" y="251" a="0" width="23.8" height="26.05"/>
  <ballskin x="698" y="229" a="0" width="23.8" height="26.05"/>
  <ballskin x="640" y="259" a="0" width="23.8" height="26.05"/>
  <ballskin x="602" y="247" a="0" width="23.8" height="26.05"/>
  <ballskin x="644" y="212" a="0" width="23.8" height="26.05"/>
  <ballskin x="605" y="150" a="0" width="23.8" height="26.05"/>
  <ballskin x="536" y="146" a="0" width="23.8" height="26.05"/>
  <ballskin x="216" y="139" a="0" width="23.8" height="26.05"/>
  <ballskin x="255" y="172" a="0" width="23.8" height="26.05"/>
  <ballskin x="137" y="158" a="0" width="23.8" height="26.05"/>
  <ballskin x="97" y="137" a="0" width="23.8" height="26.05"/>
  <ballskin x="273" y="216" a="0" width="23.8" height="26.05"/>
</scene>