<scene width="740" height="380">
  <timer time="60"/>
  <creator id="2767512"/>
  <bg id="5"/>
  <staticskin x="501" y="260.5" cx="495" cy="253" a="0" width="12" height="15"/>
  <staticskin x="521.5" y="258.5" cx="514" cy="252" a="0" width="15" height="13"/>
  <staticskin x="535.5" y="280" cx="531" cy="274" a="0" width="9" height="12"/>
  <staticskin x="552" y="274" cx="548" cy="264" a="0" width="8" height="20"/>
  <staticskin x="576" y="266.5" cx="569" cy="257" a="0" width="14" height="19"/>
  <minkskin x="525" y="303" a="0" width="36" height="27"/>
  <cheeseskin x="371" y="139" a="0" width="27.05" height="22"/>
  <littlemouse x="98" y="264" a="0" width="37.35" height="34.3"/>
  <staticskin x="159" y="125.5" cx="136" cy="121" a="0" width="46" height="9"/>
  <staticskin x="221.5" y="160" cx="198" cy="155" a="0" width="47" height="10"/>
  <staticskin x="368.5" y="180.5" cx="281" cy="178" a="0" width="175" height="5"/>
  <staticskin x="498" y="151" cx="476" cy="146" a="0" width="44" height="10"/>
  <staticskin x="547" y="117.5" cx="521" cy="113" a="0" width="52" height="9"/>
  <staticskin x="590.2249999999999" y="134.1" cx="617" cy="93" a="36" width="5" height="98"/>
  <staticskin x="601" y="60" cx="598" cy="5" a="0" width="6" height="110"/>
  <staticskin x="102.5" y="289" cx="81" cy="283" a="0" width="43" height="12"/>
  <staticskin x="361" y="1.5" cx="-14" cy="-6" a="0" width="750" height="15"/>
  <staticredskin x="103" y="285.5" cx="87" cy="282" a="0" width="32" height="7"/>
  <staticblueskin x="393.5" y="328.5" cx="94" cy="320" a="0" width="599" height="17"/>
  <staticskin x="497.5" y="308.5" cx="492" cy="296" a="0" width="11" height="25"/>
  <staticskin x="487" y="279.5" cx="479" cy="273" a="0" width="16" height="13"/>
  <staticskin x="483.5" y="178.5" cx="469" cy="175" a="0" width="29" height="7"/>
  <staticskin x="259" y="181.5" cx="245" cy="178" a="0" width="28" height="7"/>
</scene>