<scene width="740" height="380">
  <timer time="60"/>
  <creator id="1994116"/>
  <bg id="4"/>
  <lpointer x="212" y="282" a="0" width="40" height="33.7"/>
  <flowers1 x="317" y="115" a="0" width="60" height="58.2"/>
  <staticskin x="583.5" y="240.5" cx="38" cy="234" a="0" width="1091" height="13"/>
  <staticredskin x="822" y="397.5" cx="738" cy="241" a="0" width="168" height="313"/>
  <staticblueskin x="112.5" y="189" cx="-484" cy="185" a="0" width="1193" height="8"/>
  <springboardskin x="2" y="184" a="0" width="51" height="10.95"/>
  <littlemouse x="29" y="348" a="0" width="37.35" height="34.3"/>
  <staticredskin x="-154" y="349.5" cx="-313" cy="300" a="0" width="318" height="99"/>
  <staticskin x="-25.125" y="19.225" cx="53" cy="91" a="135" width="9" height="212"/>
  <staticskin x="125.75" y="89.4" cx="171" cy="129" a="135" width="8" height="120"/>
  <staticblueskin x="300" y="-139.5" cx="-204" cy="-283" a="0" width="1008" height="287"/>
  <staticblueskin x="157.675" y="28.274999999999995" cx="216" cy="76" a="135" width="15" height="150"/>
  <staticskin x="266" y="94.95" cx="295" cy="61" a="45" width="7" height="89"/>
  <springboardskin x="321" y="126" a="0" width="51" height="10.95"/>
  <staticblueskin x="604" y="118" cx="423" cy="113" a="0" width="362" height="10"/>
  <staticblueskin x="616.5" y="103" cx="454" cy="99" a="0" width="325" height="8"/>
  <staticredskin x="575" y="242.5" cx="476" cy="237" a="0" width="198" height="11"/>
  <springboardskin x="575" y="307" a="0" width="51" height="10.95"/>
  <staticblueskin x="469.5" y="296.5" cx="466" cy="290" a="0" width="7" height="13"/>
  <staticredskin x="548" y="100.5" cx="531" cy="95" a="0" width="34" height="11"/>
  <carrierhorizontal x="-367" y="273" linewidth="600" lineheight="20" boxwidth="50" boxheight="20"/>
  <staticblueskin x="283.5" y="248.5" cx="279" cy="225" a="0" width="9" height="47"/>
  <staticblueskin x="428.5" y="21.5" cx="423" cy="-17" a="0" width="11" height="77"/>
  <staticblueskin x="567.5" y="55" cx="431" cy="51" a="0" width="273" height="8"/>
  <staticskin x="372.65" y="95.70000000000002" cx="408" cy="124" a="135" width="10" height="90"/>
  <cheeseskin x="486" y="32" a="0" width="27.05" height="22"/>
  <staticredskin x="544.5" y="45.5" cx="533" cy="37" a="0" width="23" height="17"/>
  <staticredskin x="619.5" y="4" cx="606" cy="-6" a="0" width="27" height="20"/>
  <staticredskin x="685.5" y="47.5" cx="668" cy="42" a="0" width="35" height="11"/>
  <minkskin x="29" y="350" a="0" width="36" height="27"/>
  <staticblueskin x="566.5" y="138" cx="-2" cy="132" a="0" width="1137" height="12"/>
  <staticblueskin x="354.5" y="311.5" cx="9" cy="306" a="0" width="691" height="11"/>
  <staticskin x="39" y="310" cx="-3" cy="305" a="0" width="84" height="10"/>
  <staticskin x="203.5" y="309.5" cx="161" cy="305" a="0" width="85" height="9"/>
  <staticskin x="401.5" y="306.5" cx="363" cy="301" a="0" width="77" height="11"/>
  <springboardskin x="28" y="376" a="0" width="51" height="10.95"/>
  <springboardskin x="120" y="377" a="0" width="51" height="10.95"/>
  <springboardskin x="213" y="376" a="0" width="51" height="10.95"/>
  <springboardskin x="311" y="376" a="0" width="51" height="10.95"/>
  <springboardskin x="404" y="376" a="0" width="51" height="10.95"/>
  <springboardskin x="505" y="375" a="0" width="51" height="10.95"/>
  <springboardskin x="611" y="376" a="0" width="51" height="10.95"/>
  <springboardskin x="700" y="375" a="0" width="51" height="10.95"/>
  <staticredskin x="422" y="188" cx="138" cy="183" a="0" width="568" height="10"/>
  <staticskin x="334" y="137.5" cx="170" cy="133" a="0" width="328" height="9"/>
</scene>