<scene width="740" height="380">
  <timer time="120"/>
  <creator id="3000358"/>
  <bg id="4"/>
  <staticblueskin x="336" y="375.5" cx="20" cy="373" a="0" width="632" height="5"/>
  <carriervertical x="696" y="176" linewidth="50" lineheight="200" boxwidth="50" boxheight="20"/>
  <staticblueskin x="320" y="326" cx="12" cy="323" a="0" width="616" height="6"/>
  <minkskin x="408" y="297" a="0" width="36" height="27"/>
  <ballskin x="279" y="338" a="0" width="25" height="25"/>
  <ballskin x="308" y="340" a="0" width="25" height="25"/>
  <ballskin x="338" y="341" a="0" width="25" height="25"/>
  <ballskin x="368" y="342" a="0" width="25" height="25"/>
  <ballskin x="397" y="343" a="0" width="25" height="25"/>
  <ballskin x="427" y="345" a="0" width="25" height="25"/>
  <staticblueskin x="599.5" y="325.5" cx="560" cy="322" a="0" width="79" height="7"/>
  <staticblueskin x="47.5" y="307" cx="44" cy="292" a="0" width="7" height="30"/>
  <staticblueskin x="736" y="170.5" cx="733" cy="95" a="0" width="6" height="151"/>
  <staticblueskin x="737" y="301.5" cx="732" cy="239" a="0" width="10" height="125"/>
  <ballskin x="458" y="342" a="0" width="25" height="25"/>
  <ballskin x="486" y="348" a="0" width="25" height="25"/>
  <ballskin x="506" y="352" a="0" width="25" height="25"/>
  <ballskin x="532" y="357" a="0" width="25" height="25"/>
  <ballskin x="561" y="355" a="0" width="25" height="25"/>
  <ballskin x="249" y="343" a="0" width="25" height="25"/>
  <cheeseskin x="28" y="300" a="0" width="27.05" height="22"/>
  <staticblueskin x="316.5" y="263.5" cx="14" cy="259" a="0" width="605" height="9"/>
  <staticblueskin x="6" y="296.5" cx="1" cy="208" a="0" width="10" height="177"/>
  <bush x="54" y="306" a="0" width="59.4" height="32.3"/>
  <tree2 x="574" y="208" a="0" width="84.85" height="100"/>
  <flowers1 x="178" y="292" a="0" width="60" height="58.2"/>
  <flowers1 x="57" y="285" a="0" width="60" height="58.2"/>
  <flowers1 x="143" y="308" a="0" width="60" height="58.2"/>
  <flowers2 x="101" y="312" a="0" width="60" height="33.45"/>
  <littlemouse x="38" y="351" a="0" width="37.35" height="34.3"/>
  <carriervertical x="41" y="48" linewidth="50" lineheight="200" boxwidth="50" boxheight="20"/>
  <ground x="117.525" y="76" cx="99" cy="71" a="0" width="37.05" height="10"/>
  <ground x="204" y="77.05" cx="181" cy="72" a="0" width="46" height="10.1"/>
  <ground x="158.675" y="108" cx="132" cy="103" a="0" width="53.35" height="10"/>
  <ground x="273.5" y="108" cx="248" cy="103" a="0" width="51" height="10"/>
  <ground x="529.5" y="79" cx="320" cy="68" a="0" width="419" height="22"/>
  <ground x="535.5" y="4.125" cx="327" cy="-2" a="0" width="417" height="12.25"/>
  <cheeseskin x="718" y="46" a="0" width="27.05" height="22"/>
  <heavyboxskin x="562" y="46" a="0" width="41.05" height="22"/>
  <staticredskin x="467" y="249.5" cx="395" cy="243" a="0" width="144" height="13"/>
  <staticredskin x="423.5" y="191.5" cx="359" cy="185" a="0" width="129" height="13"/>
  <stone x="145" y="250" a="0" width="31.25" height="22.9"/>
  <tree x="228" y="209" a="0" width="78.35" height="100"/>
  <tree2 x="173" y="210" a="0" width="84.85" height="100"/>
  <staticblueskin x="347" y="211.5" cx="344" cy="162" a="0" width="6" height="99"/>
  <springboardskin x="307" y="235" a="0" width="51" height="10.95"/>
</scene>