<scene width="740" height="380">
  <timer time="40"/>
  <creator id="2767512"/>
  <bg id="4"/>
  <littlemouse x="397" y="319" a="0" width="37.35" height="34.3"/>
  <staticskin x="360.5" y="17" cx="31" cy="14" a="0" width="659" height="6"/>
  <staticredskin x="495.5" y="329" cx="464" cy="324" a="0" width="63" height="10"/>
  <staticredskin x="258" y="330" cx="226" cy="325" a="0" width="64" height="10"/>
  <staticblueskin x="401.5" y="341.5" cx="97" cy="332" a="0" width="609" height="19"/>
  <staticblueskin x="135" y="133" cx="55" cy="125" a="0" width="160" height="16"/>
  <staticblueskin x="607" y="129" cx="547" cy="122" a="0" width="120" height="14"/>
  <minkskin x="127" y="113" a="0" width="36" height="27"/>
  <cheeseskin x="601" y="112" a="0" width="27.05" height="22"/>
</scene>