<scene width="740" height="380">
  <timer time="80"/>
  <creator id="2077144"/>
  <bg id="4"/>
  <ballskin x="340" y="228" a="0" width="23.8" height="26.05"/>
  <staticskin x="303" y="382" cx="-105" cy="378" a="0" width="816" height="8"/>
  <staticskin x="238.5" y="206.5" cx="236" cy="116" a="0" width="5" height="181"/>
  <cheeseskin x="276" y="137" a="0" width="27.05" height="22"/>
  <staticskin x="249.5" y="298.5" cx="236" cy="296" a="0" width="27" height="5"/>
  <staticskin x="202" y="135" cx="194" cy="132" a="0" width="16" height="6"/>
  <littlemouse x="91" y="36" a="0" width="37.35" height="34.3"/>
  <minkskin x="30" y="202" a="0" width="36" height="27"/>
  <ground x="3.5" y="225.5" cx="1" cy="54" a="0" width="5" height="343"/>
  <ground x="47.550000000000004" y="173.45" cx="93" cy="291" a="160" width="5" height="252"/>
  <ground x="131.55" y="168.95" cx="174" cy="45" a="20" width="5" height="262"/>
  <ground x="176.5" y="188" cx="174" cy="47" a="0" width="5" height="282"/>
  <ground x="196.5" y="230" cx="194" cy="135" a="0" width="5" height="190"/>
  <ground x="310.5" y="205.5" cx="308" cy="85" a="0" width="5" height="241"/>
  <ground x="274.325" y="101.375" cx="312" cy="85" a="70" width="5" height="82"/>
  <carrierhorizontal x="65" y="366" linewidth="350" lineheight="20" boxwidth="50" boxheight="20"/>
  <staticredskin x="250" y="323.5" cx="189" cy="321" a="0" width="122" height="5"/>
  <staticblueskin x="82.5" y="-0.5" cx="57" cy="-4" a="0" width="51" height="7"/>
  <ground x="130.575" y="165.175" cx="152" cy="99" a="20" width="5" height="139"/>
  <staticredskin x="87.5" y="245.5" cx="101" cy="243" a="90" width="5" height="27"/>
  <ground x="453.525" y="50" cx="445" cy="47" a="0" width="17.05" height="6"/>
  <staticblueskin x="211" y="-1" cx="180" cy="-4" a="0" width="62" height="6"/>
  <ground x="323.5" y="194.5" cx="321" cy="53" a="0" width="5" height="283"/>
  <ground x="373" y="332.5" cx="323" cy="330" a="0" width="100" height="5"/>
  <ground x="435.075" y="191.175" cx="445" cy="48" a="5" width="5.15" height="287"/>
  <ground x="333.525" y="54.675" cx="321" cy="52" a="0" width="25.05" height="5.35"/>
  <ballskin x="344" y="193" a="0" width="23.8" height="26.05"/>
  <ballskin x="361" y="167" a="0" width="23.8" height="26.05"/>
  <ballskin x="403" y="154" a="0" width="23.8" height="26.05"/>
  <ballskin x="394" y="214" a="0" width="23.8" height="26.05"/>
  <ballskin x="396" y="272" a="0" width="23.8" height="26.05"/>
  <ballskin x="373" y="285" a="0" width="23.8" height="26.05"/>
  <ground x="448.5" y="193" cx="446" cy="47" a="0" width="5" height="292"/>
  <ground x="555.25" y="80.85" cx="610" cy="109" a="120" width="6" height="123"/>
  <ground x="483.15" y="106.125" cx="502" cy="47" a="20" width="5" height="124"/>
  <ballskin x="390" y="143" a="0" width="23.8" height="26.05"/>
  <cheeseskin x="518" y="92" a="0" width="27.05" height="22"/>
  <staticredskin x="481.5" y="388" cx="478" cy="376" a="0" width="7" height="24"/>
  <cheeseskin x="527" y="294" a="0" width="27.05" height="22"/>
  <staticredskin x="32.5" y="387.5" cx="29" cy="376" a="0" width="7" height="23"/>
  <ground x="527.35" y="236.95" cx="592" cy="310" a="140" width="5.15" height="195"/>
  <ground x="546.5" y="312" cx="590" cy="309" a="90" width="6" height="87"/>
  <ground x="499.8" y="292.25" cx="506" cy="313" a="170" width="5" height="43"/>
  <ground x="627.5" y="187.5" cx="625" cy="55" a="0" width="5" height="265"/>
  <ground x="660" y="56.5" cx="628" cy="54" a="0" width="64" height="5"/>
  <ground x="656" y="192" cx="627" cy="189" a="0" width="58" height="6"/>
  <ground x="656.5" y="316.125" cx="625" cy="313" a="0" width="63" height="6.25"/>
  <ballskin x="350" y="112" a="0" width="23.8" height="26.05"/>
  <ballskin x="400" y="95" a="0" width="23.8" height="26.05"/>
  <ballskin x="393" y="175" a="0" width="23.8" height="26.05"/>
  <ballskin x="404" y="241" a="0" width="23.8" height="26.05"/>
  <ballskin x="348" y="140" a="0" width="23.8" height="26.05"/>
  <ballskin x="364" y="92" a="0" width="23.8" height="26.05"/>
  <ballskin x="413" y="124" a="0" width="23.8" height="26.05"/>
  <ballskin x="381" y="122" a="0" width="23.8" height="26.05"/>
  <ballskin x="388" y="194" a="0" width="23.8" height="26.05"/>
  <ballskin x="380" y="246" a="0" width="23.8" height="26.05"/>
  <ballskin x="390" y="304" a="0" width="23.8" height="26.05"/>
  <ballskin x="354" y="308" a="0" width="23.8" height="26.05"/>
  <staticskin x="712" y="380.5" cx="709" cy="366" a="0" width="6" height="29"/>
</scene>