<scene width="740" height="380">
  <timer time="60"/>
  <creator id="2945598"/>
  <bg id="1"/>
  <minkskin x="80" y="336" a="0" width="36" height="27"/>
  <cheeseskin x="25" y="370" a="0" width="27.05" height="22"/>
  <lpointer x="296" y="328" a="0" width="40" height="33.7"/>
  <littlemouse x="89" y="247" a="0" width="37.35" height="34.3"/>
  <cheeseskin x="90" y="100" a="0" width="27.05" height="22"/>
  <ballskin x="219" y="223" a="0" width="25" height="25"/>
  <carrierhorizontal x="350" y="355" linewidth="400" lineheight="20" boxwidth="50" boxheight="20"/>
  <tree2 x="349" y="197" a="0" width="84.85" height="100"/>
  <flowers2 x="458" y="140" a="0" width="60" height="33.45"/>
  <heavyboxskin x="216" y="121" a="0" width="41.05" height="22"/>
  <tree x="568" y="129" a="0" width="78.35" height="100"/>
  <flowers1 x="567" y="43" a="0" width="60" height="58.2"/>
  <cactus x="239" y="331" a="0" width="20" height="42.55"/>
  <staticskin x="20.5" y="146.5" cx="16" cy="33" a="0" width="9" height="227"/>
  <staticskin x="149" y="130" cx="145" cy="31" a="0" width="8" height="198"/>
  <staticblueskin x="42.5" y="59" cx="34" cy="46" a="0" width="17" height="26"/>
  <staticblueskin x="61.5" y="92" cx="54" cy="81" a="0" width="15" height="22"/>
  <staticskin x="88.5" y="122.5" cx="78" cy="110" a="0" width="21" height="25"/>
  <staticblueskin x="114.5" y="97.5" cx="106" cy="85" a="0" width="17" height="25"/>
  <staticblueskin x="131" y="62" cx="124" cy="48" a="0" width="14" height="28"/>
  <staticredskin x="181" y="188.5" cx="178" cy="141" a="0" width="6" height="95"/>
  <staticskin x="219.5" y="240" cx="185" cy="236" a="0" width="69" height="8"/>
  <staticredskin x="258" y="188.5" cx="255" cy="142" a="0" width="6" height="93"/>
  <staticskin x="220" y="136" cx="185" cy="133" a="0" width="70" height="6"/>
  <staticblueskin x="288.5" y="154.5" cx="283" cy="63" a="0" width="11" height="183"/>
  <staticblueskin x="350" y="254.5" cx="295" cy="246" a="0" width="110" height="17"/>
  <staticblueskin x="412.5" y="154.5" cx="407" cy="61" a="0" width="11" height="187"/>
  <staticskin x="457" y="161.5" cx="429" cy="158" a="0" width="56" height="7"/>
  <staticblueskin x="426.5" y="193" cx="424" cy="166" a="0" width="5" height="54"/>
  <staticskin x="459" y="223.5" cx="430" cy="221" a="0" width="58" height="5"/>
  <staticredskin x="492" y="250" cx="489" cy="225" a="0" width="6" height="50"/>
  <staticskin x="459" y="277.5" cx="430" cy="274" a="0" width="58" height="7"/>
  <staticskin x="521.5" y="171" cx="514" cy="59" a="0" width="15" height="224"/>
  <staticredskin x="589" y="278" cx="530" cy="273" a="0" width="118" height="10"/>
  <staticblueskin x="569" y="182" cx="531" cy="178" a="0" width="76" height="8"/>
  <staticskin x="578.5" y="65" cx="530" cy="60" a="0" width="97" height="10"/>
  <staticskin x="727.5" y="291" cx="714" cy="286" a="0" width="27" height="10"/>
  <staticskin x="84" y="268.5" cx="38" cy="264" a="0" width="92" height="9"/>
  <staticskin x="124" y="309" cx="36" cy="304" a="0" width="176" height="10"/>
  <staticskin x="196.5" y="358" cx="47" cy="353" a="0" width="299" height="10"/>
</scene>