<scene width="740" height="380">
  <timer time="80"/>
  <creator id="2819259"/>
  <bg id="9"/>
  <staticblueskin x="214" y="369.5" cx="-11" cy="356" a="0" width="450" height="27"/>
  <staticblueskin x="591.5" y="378.5" cx="439" cy="367" a="0" width="305" height="23"/>
  <rpointer x="44" y="344" a="0" width="40" height="33.7"/>
  <boxskin x="161" y="341" a="0" width="50" height="50"/>
  <groundred x="738.5" y="178.5" cx="732" cy="-9" a="0" width="13" height="375"/>
  <staticblueskin x="542" y="310.5" cx="399" cy="305" a="0" width="286" height="11"/>
  <staticblueskin x="673.5" y="134.5" cx="671" cy="-1" a="0" width="5" height="271"/>
  <staticblueskin x="400" y="157.5" cx="396" cy="-2" a="0" width="8" height="319"/>
  <staticblueskin x="568.5" y="269" cx="463" cy="261" a="0" width="211" height="16"/>
  <staticblueskin x="508" y="215.5" cx="405" cy="209" a="0" width="206" height="13"/>
  <springboardskin x="282" y="233" a="0" width="51" height="10.95"/>
  <staticredskin x="652" y="258.5" cx="634" cy="255" a="0" width="36" height="7"/>
  <staticblueskin x="549.5" y="171.5" cx="542" cy="165" a="0" width="15" height="13"/>
  <staticblueskin x="530" y="152.5" cx="522" cy="144" a="0" width="16" height="17"/>
  <staticblueskin x="507" y="130" cx="498" cy="123" a="0" width="18" height="14"/>
  <staticblueskin x="486.5" y="107" cx="479" cy="101" a="0" width="15" height="12"/>
  <staticblueskin x="465" y="88.5" cx="458" cy="80" a="0" width="14" height="17"/>
  <staticblueskin x="420" y="71.5" cx="403" cy="65" a="0" width="34" height="13"/>
  <cheeseskin x="419" y="53" a="0" width="27.05" height="22"/>
  <staticskin x="367.5" y="285" cx="338" cy="280" a="0" width="59" height="10"/>
  <staticredskin x="393.5" y="139.5" cx="391" cy="0" a="0" width="5" height="279"/>
  <staticskin x="30.5" y="76" cx="0" cy="70" a="0" width="61" height="12"/>
  <staticskin x="188.5" y="188.5" cx="156" cy="182" a="0" width="65" height="13"/>
  <staticskin x="148.5" y="145.5" cx="136" cy="142" a="0" width="25" height="7"/>
  <staticskin x="103.5" y="109" cx="85" cy="104" a="0" width="37" height="10"/>
  <staticredskin x="189" y="180.5" cx="156" cy="177" a="0" width="66" height="7"/>
  <minkskin x="25" y="49" a="0" width="36" height="27"/>
  <littlemouse x="37" y="344" a="0" width="37.35" height="34.3"/>
</scene>