<scene width="740" height="380">
  <timer time="80"/>
  <creator id="2940142"/>
  <bg id="1"/>
  <staticblueskin x="200" y="318" cx="172" cy="313" a="0" width="56" height="10"/>
  <staticblueskin x="102.5" y="257.5" cx="42" cy="250" a="0" width="121" height="15"/>
  <staticblueskin x="154" y="280" cx="132" cy="275" a="0" width="44" height="10"/>
  <staticblueskin x="73.5" y="219" cx="17" cy="213" a="0" width="113" height="12"/>
  <staticblueskin x="128" y="241.5" cx="106" cy="237" a="0" width="44" height="9"/>
  <staticblueskin x="58.5" y="173.5" cx="15" cy="168" a="0" width="87" height="11"/>
  <staticblueskin x="264.5" y="120" cx="259" cy="84" a="0" width="11" height="72"/>
  <staticblueskin x="263" y="11.5" cx="256" cy="-14" a="0" width="14" height="51"/>
  <staticblueskin x="341.5" y="13.5" cx="334" cy="-9" a="0" width="15" height="45"/>
  <staticblueskin x="102" y="196.5" cx="88" cy="191" a="0" width="28" height="11"/>
  <minkskin x="35" y="153" a="0" width="36" height="27"/>
  <springboardskin x="254" y="323" a="0" width="51" height="10.95"/>
  <staticblueskin x="306" y="278.5" cx="287" cy="274" a="0" width="38" height="9"/>
  <staticblueskin x="339.5" y="247" cx="308" cy="241" a="0" width="63" height="12"/>
  <staticblueskin x="461.5" y="145" cx="455" cy="97" a="0" width="13" height="96"/>
  <staticblueskin x="406" y="181.5" cx="401" cy="177" a="0" width="10" height="9"/>
  <stone x="417" y="74" a="0" width="31.25" height="22.9"/>
  <flowers2 x="728" y="240" a="0" width="60" height="33.45"/>
  <bush x="333" y="224" a="0" width="59.4" height="32.3"/>
  <staticblueskin x="382.5" y="214.5" cx="344" cy="208" a="0" width="77" height="13"/>
  <staticblueskin x="416" y="190" cx="381" cy="183" a="0" width="70" height="14"/>
  <cheeseskin x="436" y="174" a="0" width="27.05" height="22"/>
  <littlemouse x="20" y="45" a="0" width="37.35" height="34.3"/>
  <staticblueskin x="367" y="95.5" cx="343" cy="86" a="0" width="48" height="19"/>
  <staticblueskin x="108" y="71" cx="0" cy="62" a="0" width="216" height="18"/>
  <staticblueskin x="235.5" y="88" cx="211" cy="82" a="0" width="49" height="12"/>
  <staticblueskin x="307" y="85" cx="273" cy="79" a="0" width="68" height="12"/>
  <staticblueskin x="434" y="89.5" cx="398" cy="85" a="0" width="72" height="9"/>
  <rpointer x="48" y="45" a="0" width="40" height="33.7"/>
  <carriervertical x="594" y="108" linewidth="50" lineheight="200" boxwidth="50" boxheight="20"/>
  <carriervertical x="506" y="44" linewidth="50" lineheight="200" boxwidth="50" boxheight="20"/>
  <staticblueskin x="686.5" y="151.5" cx="638" cy="146" a="0" width="97" height="11"/>
  <staticblueskin x="684.5" y="210" cx="628" cy="206" a="0" width="113" height="8"/>
  <staticblueskin x="722" y="262" cx="685" cy="256" a="0" width="74" height="12"/>
  <staticblueskin x="696.5" y="320" cx="644" cy="314" a="0" width="105" height="12"/>
  <carrierhorizontal x="306" y="349" linewidth="300" lineheight="20" boxwidth="50" boxheight="20"/>
  <staticblueskin x="260.5" y="332" cx="214" cy="327" a="0" width="93" height="10"/>
  <staticblueskin x="143.5" y="297" cx="87" cy="291" a="0" width="113" height="12"/>
  <cheeseskin x="717" y="129" a="0" width="27.05" height="22"/>
  <staticredskin x="687.5" y="120" cx="681" cy="93" a="0" width="13" height="54"/>
  <staticredskin x="711" y="82" cx="684" cy="69" a="0" width="54" height="26"/>
  <staticblueskin x="398" y="108.5" cx="391" cy="90" a="0" width="14" height="37"/>
  <staticblueskin x="434.5" y="286.5" cx="329" cy="282" a="0" width="211" height="9"/>
</scene>