<scene width="740" height="380">
  <timer time="80"/>
  <creator id="2227835"/>
  <bg id="6"/>
  <groundred x="610.25" y="16.275" cx="539" cy="0" a="0" width="143.5" height="33.55"/>
  <springboardskin x="408" y="296" a="0" width="51" height="10.95"/>
  <groundblue x="684.5" y="376.575" cx="650" cy="370" a="0" width="70" height="14.15"/>
  <groundred x="741" y="160.5" cx="732" cy="-3" a="0" width="19" height="328"/>
  <springboardskin x="69" y="347" a="0" width="51" height="10.95"/>
  <staticredskin x="131.5" y="346.5" cx="123" cy="342" a="0" width="17" height="9"/>
  <staticskin x="1.5" y="99" cx="-4" cy="-4" a="0" width="11" height="206"/>
  <groundblue x="505.175" y="270.225" cx="630" cy="391" a="-140" width="347.5" height="25.55"/>
  <springboardskin x="442" y="378" a="0" width="51" height="10.95"/>
  <springboardskin x="300" y="373" a="0" width="51" height="10.95"/>
  <staticredskin x="509.425" y="188.125" cx="670" cy="332" a="-140" width="431" height="14"/>
  <littlemouse x="26" y="25" a="0" width="37.35" height="34.3"/>
  <staticblueskin x="93" y="366" cx="-1" cy="352" a="0" width="188" height="28"/>
  <staticblueskin x="163.54999999999998" y="90" cx="351" cy="261" a="-140" width="507" height="21"/>
  <staticskin x="735.5" y="355" cx="731" cy="333" a="0" width="9" height="44"/>
  <ground x="196" y="291" cx="188" cy="204" a="0" width="16" height="174"/>
  <staticredskin x="181" y="348.5" cx="175" cy="345" a="0" width="12" height="7"/>
  <staticskin x="178" y="15.5" cx="97" cy="3" a="0" width="162" height="25"/>
  <springboardskin x="377" y="376" a="0" width="51" height="10.95"/>
  <springboardskin x="523" y="375" a="0" width="51" height="10.95"/>
  <cheeseskin x="711" y="27" a="0" width="27.05" height="22"/>
  <minkskin x="20" y="338" a="0" width="36" height="27"/>
  <groundred x="214.25" y="352.3" cx="205" cy="346" a="0" width="19.5" height="13.6"/>
  <groundred x="414.75" y="11.775" cx="258" cy="0" a="0" width="314.5" height="24.55"/>
</scene>