<scene width="740" height="380">
  <timer time="60"/>
  <creator id="26437"/>
  <bg id="3"/>
  <staticblueskin x="500.35" y="109.725" cx="396" cy="33" a="35" width="259" height="6"/>
  <staticblueskin x="373.5" y="36.5" cx="350" cy="34" a="0" width="47" height="5"/>
  <staticblueskin x="293.65" y="77.9" cx="232" cy="118" a="-35" width="147" height="5"/>
  <staticblueskin x="310.85" y="180.175" cx="232" cy="117" a="37" width="202" height="6"/>
  <staticblueskin x="432.125" y="211.325" cx="388" cy="237" a="-33" width="102" height="5"/>
  <staticblueskin x="417.92499999999995" y="143.2" cx="362" cy="101" a="35" width="140" height="5"/>
  <staticblueskin x="338.85" y="117.85" cx="314" cy="131" a="-33" width="56" height="5"/>
  <cheeseskin x="366" y="138" a="0" width="27.05" height="22"/>
  <tree x="47" y="93" a="0" width="78.35" height="100"/>
  <tree x="703" y="90" a="0" width="78.35" height="100"/>
  <flowers1 x="612" y="408" a="0" width="60" height="58.2"/>
  <flowers2 x="199" y="356" a="0" width="60" height="33.45"/>
  <staticblueskin x="351.25" y="157.175" cx="318" cy="129" a="37" width="87" height="5"/>
  <staticblueskin x="299" y="261.5" cx="277" cy="259" a="0" width="44" height="5"/>
  <heavyboxskin x="293" y="248" a="0" width="41.05" height="22"/>
  <staticblueskin x="207" y="192.5" cx="178" cy="190" a="0" width="58" height="5"/>
  <heavyboxskin x="193" y="181" a="0" width="41.05" height="22"/>
  <staticblueskin x="558.5" y="190.5" cx="522" cy="188" a="0" width="73" height="5"/>
  <heavyboxskin x="557" y="177" a="0" width="41.05" height="22"/>
  <flowers2 x="575" y="358" a="0" width="60" height="33.45"/>
  <staticblueskin x="-1.5" y="174.5" cx="-4" cy="146" a="0" width="5" height="57"/>
  <littlemouse x="41" y="184" a="0" width="37.35" height="34.3"/>
  <staticblueskin x="40.5" y="205.5" cx="-7" cy="203" a="0" width="95" height="5"/>
  <staticblueskin x="699" y="142.5" cx="655" cy="140" a="0" width="88" height="5"/>
  <staticblueskin x="707" y="206.5" cx="660" cy="204" a="0" width="94" height="5"/>
  <minkskin x="713" y="189" a="0" width="36" height="27"/>
  <staticblueskin x="738" y="174.5" cx="735" cy="141" a="0" width="6" height="67"/>
  <staticblueskin x="379" y="-1" cx="167" cy="-5" a="0" width="424" height="8"/>
  <staticblueskin x="381.5" y="379.5" cx="167" cy="377" a="0" width="429" height="5"/>
  <staticblueskin x="559.15" y="72.175" cx="459" cy="-1" a="35" width="248" height="5"/>
  <staticblueskin x="189.925" y="68.475" cx="82" cy="141" a="-35" width="260" height="5"/>
  <staticblueskin x="545.6" y="292.42499999999995" cx="421" cy="376" a="-35" width="300" height="6"/>
  <staticblueskin x="205.25" y="295.35" cx="80" cy="204" a="35" width="310" height="6"/>
  <staticblueskin x="78" y="145" cx="-4" cy="142" a="0" width="164" height="6"/>
  <staticblueskin x="242.8" y="238.95" cx="111" cy="143" a="35" width="326" height="6"/>
  <staticblueskin x="483.75" y="260.925" cx="358" cy="339" a="-33" width="296" height="6"/>
</scene>