<scene width="740" height="380">
  <timer time="60"/>
  <creator id="3027629"/>
  <bg id="10"/>
  <ballskin x="363" y="302" a="0" width="25" height="25"/>
  <ballskin x="484" y="235" a="0" width="25" height="25"/>
  <ballskin x="292" y="344" a="0" width="25" height="25"/>
  <ballskin x="327" y="324" a="0" width="25" height="25"/>
  <ballskin x="560" y="193" a="0" width="25" height="25"/>
  <ballskin x="408" y="282" a="0" width="25" height="25"/>
  <ballskin x="106" y="106" a="0" width="25" height="25"/>
  <ballskin x="238" y="107" a="0" width="25" height="25"/>
  <springboardskin x="120" y="156" a="0" width="51" height="10.95"/>
  <staticredskin x="442" y="367.5" cx="251" cy="365" a="0" width="382" height="5"/>
  <cheeseskin x="656" y="27" a="0" width="27.05" height="22"/>
  <flowers2 x="189" y="352" a="0" width="60" height="33.45"/>
  <flowers1 x="228" y="356" a="0" width="60" height="58.2"/>
  <flowers1 x="154" y="355" a="0" width="60" height="58.2"/>
  <flowers2 x="113" y="351" a="0" width="60" height="33.45"/>
  <stone x="579" y="356" a="0" width="31.25" height="22.9"/>
  <stone x="551" y="357" a="0" width="31.25" height="22.9"/>
  <stone x="495" y="356" a="0" width="31.25" height="22.9"/>
  <stone x="446" y="356" a="0" width="31.25" height="22.9"/>
  <stone x="469" y="356" a="0" width="31.25" height="22.9"/>
  <stone x="522" y="356" a="0" width="31.25" height="22.9"/>
  <cheeseskin x="715" y="344" a="0" width="27.05" height="22"/>
  <staticblueskin x="308" y="131.5" cx="304" cy="64" a="0" width="8" height="135"/>
  <staticblueskin x="425.5" y="143.5" cx="422" cy="115" a="0" width="7" height="57"/>
  <staticblueskin x="365.5" y="145" cx="362" cy="116" a="0" width="7" height="58"/>
  <staticblueskin x="379" y="373" cx="27" cy="370" a="0" width="704" height="6"/>
  <staticblueskin x="33" y="170.5" cx="30" cy="20" a="0" width="6" height="301"/>
  <staticblueskin x="342" y="169.5" cx="88" cy="166" a="0" width="508" height="7"/>
  <staticblueskin x="229" y="244.5" cx="217" cy="171" a="0" width="24" height="147"/>
  <springboardskin x="61" y="168" a="0" width="51" height="10.95"/>
  <springboardskin x="44" y="341" a="0" width="51" height="10.95"/>
  <springboardskin x="41" y="355" a="0" width="51" height="10.95"/>
  <cheeseskin x="126" y="298" a="0" width="27.05" height="22"/>
  <littlemouse x="63" y="74" a="0" width="37.35" height="34.3"/>
  <minkskin x="718" y="24" a="0" width="36" height="27"/>
  <staticblueskin x="713" y="318" cx="688" cy="314" a="0" width="50" height="8"/>
  <staticblueskin x="683" y="343.5" cx="678" cy="318" a="0" width="10" height="51"/>
  <staticblueskin x="686.5" y="47.5" cx="683" cy="3" a="0" width="7" height="89"/>
  <staticredskin x="714" y="299.5" cx="687" cy="286" a="0" width="54" height="27"/>
  <heavyboxskin x="663" y="356" a="0" width="41.05" height="22"/>
  <staticblueskin x="634.5" y="359.5" cx="632" cy="345" a="0" width="5" height="29"/>
  <boxskin x="168" y="142" a="0" width="50" height="50"/>
  <boxskin x="279" y="142" a="0" width="50" height="50"/>
  <boxskin x="278" y="89" a="0" width="50" height="50"/>
  <boxskin x="393" y="28" a="0" width="50" height="50"/>
  <staticblueskin x="394" y="60" cx="355" cy="55" a="0" width="78" height="10"/>
  <boxskin x="396" y="139" a="0" width="50" height="50"/>
  <springboardskin x="220" y="163" a="0" width="51" height="10.95"/>
  <staticblueskin x="134.5" y="23" cx="130" cy="-33" a="0" width="9" height="112"/>
  <staticblueskin x="251.5" y="16.5" cx="193" cy="12" a="0" width="117" height="9"/>
  <springboardskin x="475" y="159" a="0" width="51" height="10.95"/>
  <springboardskin x="521" y="160" a="0" width="51" height="10.95"/>
  <springboardskin x="578" y="155" a="0" width="51" height="10.95"/>
  <staticblueskin x="564.5" y="66.5" cx="454" cy="47" a="0" width="221" height="39"/>
  <ballskin x="714" y="190" a="0" width="25" height="25"/>
  <ballskin x="447" y="255" a="0" width="25" height="25"/>
  <ballskin x="517" y="214" a="0" width="25" height="25"/>
  <ballskin x="537" y="106" a="0" width="25" height="25"/>
</scene>