<scene width="740" height="380">
  <timer time="60"/>
  <creator id="1589093"/>
  <bg id="2"/>
  <staticredskin x="147.775" y="225.825" cx="101" cy="182" a="40" width="128" height="7"/>
  <staticredskin x="241.075" y="229.825" cx="290" cy="194" a="140" width="121" height="8"/>
  <littlemouse x="34" y="31" a="0" width="37.35" height="34.3"/>
  <cheeseskin x="174" y="146" a="0" width="27.05" height="22"/>
  <staticskin x="289" y="191.5" cx="285" cy="160" a="0" width="8" height="63"/>
  <carrierhorizontal x="343" y="160" linewidth="300" lineheight="20" boxwidth="50" boxheight="20"/>
  <staticblueskin x="211.5" y="376.5" cx="171" cy="373" a="0" width="81" height="7"/>
  <minkskin x="58" y="225" a="0" width="36" height="27"/>
  <staticskin x="7.5" y="154.5" cx="4" cy="104" a="0" width="7" height="101"/>
  <staticblueskin x="681.5" y="302.575" cx="752" cy="224" a="130" width="211" height="7"/>
  <staticblueskin x="544" y="376" cx="469" cy="373" a="0" width="150" height="6"/>
  <staticblueskin x="132.5" y="0" cx="8" cy="-4" a="0" width="249" height="8"/>
  <staticblueskin x="33.5" y="56" cx="-88" cy="52" a="0" width="243" height="8"/>
  <staticredskin x="2.5" y="27.5" cx="-3" cy="-1" a="0" width="11" height="57"/>
  <staticskin x="385.5" y="-7.5" cx="277" cy="-11" a="0" width="217" height="7"/>
  <staticskin x="223.7" y="48.62500000000001" cx="310" cy="-48" a="130" width="259" height="8"/>
  <springboardskin x="57" y="374" a="0" width="51" height="10.95"/>
  <staticblueskin x="737" y="85.5" cx="734" cy="-66" a="0" width="6" height="303"/>
  <staticskin x="136.325" y="148.3" cx="81" cy="96" a="40" width="152" height="9"/>
  <staticredskin x="138.5" y="140" cx="130" cy="134" a="0" width="17" height="12"/>
  <staticskin x="55.075" y="147.875" cx="9" cy="104" a="40" width="127" height="8"/>
</scene>