<scene width="740" height="380">
  <timer time="40"/>
  <creator id="2992489"/>
  <bg id="4"/>
  <staticblueskin x="726.5" y="-4.5" cx="514" cy="-12" a="0" width="425" height="15"/>
  <staticblueskin x="636" y="161.5" cx="633" cy="2" a="0" width="6" height="319"/>
  <springboardskin x="718" y="315" a="0" width="51" height="10.95"/>
  <staticblueskin x="753.5" y="219" cx="735" cy="-13" a="0" width="37" height="464"/>
  <springboardskin x="659" y="263" a="0" width="51" height="10.95"/>
  <springboardskin x="708" y="206" a="0" width="51" height="10.95"/>
  <springboardskin x="659" y="153" a="0" width="51" height="10.95"/>
  <springboardskin x="707" y="96" a="0" width="51" height="10.95"/>
  <staticblueskin x="431" y="76" cx="400" cy="73" a="0" width="62" height="6"/>
  <staticblueskin x="445.5" y="31.5" cx="430" cy="29" a="0" width="31" height="5"/>
  <staticblueskin x="460.5" y="17" cx="458" cy="2" a="0" width="5" height="30"/>
  <staticblueskin x="484.5" y="5.5" cx="462" cy="3" a="0" width="45" height="5"/>
  <staticblueskin x="507" y="165.5" cx="504" cy="4" a="0" width="6" height="323"/>
  <staticblueskin x="276" y="126" cx="45" cy="123" a="0" width="462" height="6"/>
  <staticblueskin x="357.275" y="117.6" cx="348" cy="108" a="33" width="26" height="6"/>
  <staticblueskin x="264" y="111.5" cx="183" cy="109" a="0" width="162" height="5"/>
  <staticblueskin x="174.275" y="117.25" cx="163" cy="121" a="-33" width="23" height="6"/>
  <staticblueskin x="664" y="368" cx="661" cy="365" a="0" width="6" height="6"/>
  <staticblueskin x="99" y="115" cx="96" cy="102" a="0" width="6" height="26"/>
  <staticblueskin x="111.45" y="117.05" cx="101" cy="125" a="-55" width="25" height="8"/>
  <staticblueskin x="86.85" y="118.725" cx="83" cy="108" a="55" width="22" height="6"/>
  <staticblueskin x="6.775" y="51.725" cx="-2" cy="59" a="-55" width="22" height="6"/>
  <staticblueskin x="3" y="118" cx="0" cy="60" a="0" width="6" height="116"/>
  <staticblueskin x="216.5" y="180" cx="-17" cy="177" a="0" width="467" height="6"/>
  <staticredskin x="75.5" y="176.5" cx="72" cy="174" a="0" width="7" height="5"/>
  <staticredskin x="178" y="175" cx="173" cy="172" a="0" width="10" height="6"/>
  <staticredskin x="285.5" y="174" cx="282" cy="171" a="0" width="7" height="6"/>
  <staticredskin x="388" y="173" cx="385" cy="170" a="0" width="6" height="6"/>
  <staticblueskin x="449.5" y="196" cx="447" cy="179" a="0" width="5" height="34"/>
  <staticblueskin x="464.5" y="260.5" cx="425" cy="258" a="0" width="79" height="5"/>
  <staticblueskin x="407.75" y="244.425" cx="395" cy="221" a="55" width="53" height="6"/>
  <staticblueskin x="377.65" y="246.02499999999998" cx="360" cy="266" a="-55" width="53" height="6"/>
  <staticblueskin x="349" y="268" cx="335" cy="265" a="0" width="28" height="6"/>
  <staticblueskin x="322.15" y="258.15" cx="309" cy="235" a="55" width="53" height="5"/>
  <staticblueskin x="292.25" y="257.725" cx="275" cy="278" a="-55" width="53" height="5"/>
  <staticblueskin x="262.5" y="279.5" cx="250" cy="277" a="0" width="25" height="5"/>
  <springboardskin x="563" y="378" a="0" width="51" height="10.95"/>
  <staticblueskin x="584.5" y="373.5" cx="580" cy="368" a="0" width="9" height="11"/>
  <staticblueskin x="38.5" y="303.5" cx="36" cy="283" a="0" width="5" height="41"/>
  <staticblueskin x="217.775" y="265.8" cx="166" cy="228" a="33" width="128" height="7"/>
  <staticblueskin x="123.5" y="231" cx="82" cy="228" a="0" width="83" height="6"/>
  <staticblueskin x="78.5" y="282" cx="76" cy="229" a="0" width="5" height="106"/>
  <staticblueskin x="38.5" y="232.5" cx="36" cy="179" a="0" width="5" height="107"/>
  <staticblueskin x="2.5" y="284.5" cx="0" cy="182" a="0" width="5" height="205"/>
  <littlemouse x="14" y="21" a="0" width="37.35" height="34.3"/>
  <cheeseskin x="19" y="196" a="0" width="27.05" height="22"/>
  <minkskin x="717" y="20" a="0" width="36" height="27"/>
  <staticblueskin x="88.5" y="379.5" cx="0" cy="377" a="0" width="177" height="5"/>
  <staticredskin x="9" y="374" cx="6" cy="371" a="0" width="6" height="6"/>
  <staticblueskin x="-117.17500000000001" y="-48.375" cx="-261" cy="-149" a="34" width="351" height="6"/>
  <staticblueskin x="0.5" y="-37" cx="-2" cy="-107" a="0" width="5" height="140"/>
  <staticblueskin x="180.5" y="0.5" cx="-2" cy="-2" a="0" width="365" height="5"/>
  <staticblueskin x="197.5" y="50.5" cx="26" cy="48" a="0" width="343" height="5"/>
  <staticblueskin x="406.725" y="16.075" cx="385" cy="-1" a="33" width="55" height="5"/>
  <staticblueskin x="372.5" y="0" cx="366" cy="-3" a="0" width="13" height="6"/>
  <staticblueskin x="383.4" y="63.45" cx="366" cy="48" a="33" width="46" height="7"/>
  <staticblueskin x="455" y="384" cx="175" cy="378" a="0" width="560" height="12"/>
  <springboardskin x="514" y="378" a="0" width="51" height="10.95"/>
  <staticblueskin x="580" y="218" cx="577" cy="47" a="0" width="6" height="342"/>
</scene>