<scene width="740" height="380">
  <timer time="60"/>
  <creator id="237459"/>
  <bg id="2"/>
  <staticblueskin x="695.5" y="127" cx="691" cy="50" a="0" width="9" height="154"/>
  <staticblueskin x="719" y="321" cx="693" cy="317" a="0" width="52" height="8"/>
  <cheeseskin x="674" y="181" a="0" width="27.05" height="22"/>
  <staticblueskin x="189" y="198.5" cx="-216" cy="194" a="0" width="810" height="9"/>
  <staticblueskin x="268" y="348.5" cx="262" cy="316" a="0" width="12" height="65"/>
  <staticblueskin x="320.5" y="348.5" cx="315" cy="319" a="0" width="11" height="59"/>
  <staticblueskin x="390.5" y="352" cx="385" cy="318" a="0" width="11" height="68"/>
  <staticblueskin x="438" y="354.5" cx="431" cy="321" a="0" width="14" height="67"/>
  <staticblueskin x="509" y="353.5" cx="501" cy="318" a="0" width="16" height="71"/>
  <staticblueskin x="564.5" y="354" cx="556" cy="319" a="0" width="17" height="70"/>
  <staticblueskin x="643.5" y="351.5" cx="634" cy="316" a="0" width="19" height="71"/>
  <staticblueskin x="700.5" y="354.5" cx="690" cy="318" a="0" width="21" height="73"/>
  <staticblueskin x="142.5" y="347.5" cx="134" cy="314" a="0" width="17" height="67"/>
  <staticblueskin x="74" y="351.5" cx="65" cy="318" a="0" width="18" height="67"/>
  <staticblueskin x="160.475" y="332.475" cx="155" cy="316" a="60" width="34" height="7"/>
  <staticblueskin x="423.775" y="335.1" cx="437" cy="324" a="130" width="34" height="6"/>
  <staticblueskin x="681.525" y="334.20000000000005" cx="695" cy="322" a="130" width="36" height="5"/>
  <staticblueskin x="524.325" y="334.7" cx="517" cy="317" a="60" width="38" height="5"/>
  <staticblueskin x="281.475" y="334.2" cx="275" cy="316" a="60" width="38" height="7"/>
  <staticblueskin x="660.4" y="334.825" cx="653" cy="316" a="60" width="40" height="6"/>
  <staticblueskin x="184.4" y="333.375" cx="200" cy="321" a="130" width="39" height="8"/>
  <staticblueskin x="54.825" y="336.825" cx="71" cy="323" a="130" width="42" height="7"/>
  <staticblueskin x="403.525" y="335.6" cx="398" cy="318" a="60" width="36" height="8"/>
  <staticblueskin x="305.1" y="336.3" cx="320" cy="324" a="130" width="38" height="7"/>
  <staticblueskin x="545.85" y="336.4" cx="561" cy="323" a="130" width="40" height="6"/>
  <staticblueskin x="31.65" y="332.525" cx="25" cy="315" a="60" width="37" height="6"/>
  <staticblueskin x="14.5" y="345.5" cx="5" cy="313" a="0" width="19" height="65"/>
  <staticblueskin x="201.5" y="351.5" cx="193" cy="318" a="0" width="17" height="67"/>
  <minkskin x="21" y="288" a="0" width="36" height="27"/>
  <staticblueskin x="8.825000000000003" y="82.875" cx="-71" cy="10" a="40" width="216" height="9"/>
  <staticblueskin x="318.95000000000005" y="123.6" cx="237" cy="47" a="40" width="224" height="12"/>
  <staticblueskin x="337.95000000000005" y="72.15" cx="255" cy="-4" a="40" width="225" height="10"/>
  <staticblueskin x="477.04999999999995" y="122.4" cx="393" cy="46" a="40" width="227" height="9"/>
  <staticblueskin x="141.05" y="123.4" cx="57" cy="47" a="40" width="227" height="9"/>
  <staticblueskin x="175.47499999999997" y="73.425" cx="91" cy="-4" a="40" width="229" height="10"/>
  <littlemouse x="51" y="172" a="0" width="37.35" height="34.3"/>
  <staticredskin x="577.5" y="195.5" cx="555" cy="193" a="0" width="45" height="5"/>
  <staticblueskin x="596" y="124" cx="592" cy="49" a="0" width="8" height="150"/>
  <staticredskin x="621.5" y="200.5" cx="594" cy="198" a="0" width="55" height="5"/>
  <cheeseskin x="623" y="182" a="0" width="27.05" height="22"/>
  <staticblueskin x="647" y="126" cx="643" cy="50" a="0" width="8" height="152"/>
  <staticblueskin x="423" y="1.5" cx="-30" cy="-3" a="0" width="906" height="9"/>
  <staticredskin x="670.5" y="200.5" cx="651" cy="198" a="0" width="39" height="5"/>
</scene>