<scene width="740" height="380">
  <timer time="80"/>
  <creator id="2757952"/>
  <bg id="4"/>
  <groundred x="606.825" y="376.75" cx="588" cy="372" a="0" width="38.65" height="10.5"/>
  <staticskin x="514" y="118.5" cx="506" cy="115" a="0" width="16" height="7"/>
  <staticblueskin x="500.5" y="144" cx="493" cy="141" a="0" width="15" height="6"/>
  <staticskin x="543.5" y="276" cx="540" cy="172" a="0" width="7" height="208"/>
  <staticskin x="578" y="125" cx="575" cy="-1" a="0" width="6" height="252"/>
  <staticskin x="549" y="282.5" cx="546" cy="278" a="0" width="6" height="9"/>
  <staticskin x="578.5" y="269.5" cx="575" cy="265" a="0" width="7" height="9"/>
  <staticskin x="578.5" y="295.5" cx="575" cy="290" a="0" width="7" height="11"/>
  <staticskin x="579" y="322" cx="575" cy="317" a="0" width="8" height="10"/>
  <staticblueskin x="659.5" y="380.5" cx="547" cy="378" a="0" width="225" height="5"/>
  <staticredskin x="548" y="365.5" cx="545" cy="355" a="0" width="6" height="21"/>
  <staticblueskin x="206" y="371.5" cx="23" cy="369" a="0" width="366" height="5"/>
  <ground x="20.5" y="194.5" cx="16" cy="23" a="0" width="9" height="343"/>
  <staticredskin x="394" y="364.5" cx="390" cy="362" a="0" width="8" height="5"/>
  <littlemouse x="51" y="354" a="0" width="37.35" height="34.3"/>
  <tree x="693" y="224" a="0" width="78.35" height="100"/>
  <tree2 x="64" y="218" a="0" width="84.85" height="100"/>
  <flowers1 x="545" y="406" a="0" width="60" height="58.2"/>
  <flowers1 x="253" y="305" a="0" width="60" height="58.2"/>
  <flowers2 x="627" y="340" a="0" width="60" height="33.45"/>
  <cactus x="356" y="321" a="0" width="20" height="42.55"/>
  <bush x="180" y="315" a="0" width="59.4" height="32.3"/>
  <stone x="491" y="356" a="0" width="31.25" height="22.9"/>
  <stone x="506" y="353" a="0" width="31.25" height="22.9"/>
  <stone x="478" y="348" a="0" width="31.25" height="22.9"/>
  <stone x="503" y="335" a="0" width="31.25" height="22.9"/>
  <tree x="462" y="239" a="0" width="78.35" height="100"/>
  <staticblueskin x="86" y="344.5" cx="75" cy="342" a="0" width="22" height="5"/>
  <staticblueskin x="120.5" y="329.5" cx="109" cy="326" a="0" width="23" height="7"/>
  <ground x="161.025" y="312.05" cx="147" cy="308" a="0" width="28.05" height="8.1"/>
  <groundblue x="211.775" y="294.25" cx="190" cy="289" a="0" width="44.55" height="11.5"/>
  <staticblueskin x="257.5" y="267.5" cx="238" cy="264" a="0" width="39" height="7"/>
  <boxskin x="316" y="343" a="0" width="50" height="50"/>
  <springboardskin x="291" y="258" a="0" width="51" height="10.95"/>
  <ground x="322.6" y="155" cx="319" cy="51" a="0" width="7.2" height="208"/>
  <ballskin x="121" y="312" a="0" width="25" height="25"/>
  <ballskin x="211" y="276" a="0" width="25" height="25"/>
  <ballskin x="163" y="295" a="0" width="25" height="25"/>
  <groundblue x="209.25" y="189.75" cx="184" cy="184" a="0" width="51.5" height="12.5"/>
  <staticblueskin x="112.5" y="156" cx="108" cy="153" a="0" width="9" height="6"/>
  <staticblueskin x="142.5" y="163.5" cx="137" cy="161" a="0" width="11" height="5"/>
  <staticblueskin x="85.5" y="146" cx="78" cy="142" a="0" width="15" height="8"/>
  <staticskin x="44" y="127" cx="27" cy="123" a="0" width="34" height="8"/>
  <staticskin x="120.5" y="94.5" cx="104" cy="92" a="0" width="33" height="5"/>
  <ballskin x="38" y="110" a="0" width="25" height="25"/>
  <cheeseskin x="131" y="354" a="0" width="27.05" height="22"/>
  <minkskin x="723" y="362" a="0" width="36" height="27"/>
  <staticblueskin x="190" y="96" cx="177" cy="93" a="0" width="26" height="6"/>
  <staticblueskin x="282" y="61" cx="270" cy="57" a="0" width="24" height="8"/>
  <staticredskin x="1.5" y="0.5" cx="-145" cy="-2" a="0" width="293" height="5"/>
  <groundblue x="421.5" y="216.5" cx="414" cy="61" a="0" width="16" height="312"/>
  <ground x="412.5" y="-0.875" cx="391" cy="-4" a="0" width="43" height="6.25"/>
  <staticskin x="626.5" y="0" cx="581" cy="-4" a="0" width="91" height="8"/>
  <staticblueskin x="717.5" y="96" cx="692" cy="92" a="0" width="51" height="8"/>
  <staticblueskin x="675" y="143" cx="656" cy="138" a="0" width="38" height="10"/>
  <staticblueskin x="721" y="283" cx="701" cy="279" a="0" width="40" height="8"/>
  <staticskin x="700" y="362.5" cx="696" cy="348" a="0" width="8" height="29"/>
  <springboardskin x="451" y="363" a="0" width="51" height="10.95"/>
  <staticskin x="484.5" y="119.5" cx="478" cy="116" a="0" width="13" height="7"/>
  <staticskin x="638.5" y="238.5" cx="623" cy="93" a="0" width="31" height="291"/>
</scene>