<scene width="740" height="380">
  <timer time="40"/>
  <creator id="1257146"/>
  <bg id="1"/>
  <staticblueskin x="523" y="102" cx="510" cy="-4" a="0" width="26" height="212"/>
  <cheeseskin x="45" y="36" a="0" width="27.05" height="22"/>
  <minkskin x="646" y="50" a="0" width="36" height="27"/>
  <staticredskin x="658.5" y="354.5" cx="620" cy="352" a="0" width="77" height="5"/>
  <staticredskin x="40.5" y="343.5" cx="37" cy="340" a="0" width="7" height="7"/>
  <staticredskin x="226.15" y="354.45" cx="230" cy="347" a="100" width="16" height="5"/>
  <staticredskin x="330.5" y="348.5" cx="314" cy="345" a="0" width="33" height="7"/>
  <littlemouse x="390" y="93" a="0" width="37.35" height="34.3"/>
  <staticblueskin x="310.5" y="366" cx="1" cy="354" a="0" width="619" height="24"/>
  <staticblueskin x="674" y="367.5" cx="621" cy="357" a="0" width="106" height="21"/>
  <staticblueskin x="137" y="244" cx="123" cy="134" a="0" width="28" height="220"/>
  <staticblueskin x="258.5" y="99.5" cx="246" cy="-18" a="0" width="25" height="235"/>
  <staticblueskin x="391" y="242.5" cx="375" cy="131" a="0" width="32" height="223"/>
</scene>