<scene width="740" height="380">
  <timer time="60"/>
  <creator id="2001617"/>
  <bg id="9"/>
  <cheeseskin x="236" y="135" a="0" width="27.05" height="22"/>
  <minkskin x="262" y="363" a="0" width="36" height="27"/>
  <littlemouse x="109" y="278" a="0" width="37.35" height="34.3"/>
  <staticskin x="426" y="377.5" cx="310" cy="373" a="0" width="232" height="9"/>
  <staticredskin x="301.5" y="2.5" cx="-43" cy="0" a="0" width="689" height="5"/>
  <ballskin x="462" y="270" a="0" width="25" height="25"/>
  <ballskin x="465" y="349" a="0" width="25" height="25"/>
  <ballskin x="466" y="312" a="0" width="25" height="25"/>
  <staticredskin x="581.275" y="324.82500000000005" cx="643" cy="301" a="155" width="132" height="9"/>
  <heavyboxskin x="104" y="195" a="0" width="41.05" height="22"/>
  <staticblueskin x="650.5" y="128.5" cx="642" cy="-40" a="0" width="17" height="337"/>
  <staticblueskin x="343.5" y="357.5" cx="338" cy="342" a="0" width="11" height="31"/>
  <staticblueskin x="390.5" y="343.5" cx="385" cy="314" a="0" width="11" height="59"/>
  <staticblueskin x="438" y="329" cx="432" cy="285" a="0" width="12" height="88"/>
  <staticblueskin x="487" y="305.5" cx="480" cy="239" a="0" width="14" height="133"/>
  <staticskin x="376.5" y="134.5" cx="351" cy="117" a="0" width="51" height="35"/>
  <tree2 x="371" y="69" a="0" width="84.85" height="100"/>
  <ballskin x="415" y="352" a="0" width="25" height="25"/>
  <ballskin x="413" y="306" a="0" width="25" height="25"/>
  <ballskin x="415" y="268" a="0" width="25" height="25"/>
  <ballskin x="362" y="353" a="0" width="25" height="25"/>
  <ballskin x="360" y="304" a="0" width="25" height="25"/>
  <ballskin x="364" y="263" a="0" width="25" height="25"/>
  <staticredskin x="107.85000000000001" y="343.625" cx="-4" cy="309" a="15" width="234" height="9"/>
  <staticskin x="206" y="128" cx="197" cy="76" a="0" width="18" height="104"/>
  <staticblueskin x="88.5" y="217" cx="-136" cy="211" a="0" width="449" height="12"/>
  <staticredskin x="238" y="67" cx="192" cy="60" a="0" width="92" height="14"/>
  <staticskin x="270.5" y="128" cx="260" cy="75" a="0" width="21" height="106"/>
  <staticblueskin x="61" y="120.5" cx="41" cy="105" a="0" width="40" height="31"/>
  <staticblueskin x="110" y="158" cx="99" cy="146" a="0" width="22" height="24"/>
  <bush x="270" y="190" a="0" width="59.4" height="32.3"/>
  <bush x="205" y="192" a="0" width="59.4" height="32.3"/>
  <staticblueskin x="544.5" y="64" cx="447" cy="58" a="0" width="195" height="12"/>
  <boxskin x="235" y="409" a="0" width="50" height="50"/>
  <lpointer x="460" y="37" a="0" width="40" height="33.7"/>
  <rpointer x="264" y="318" a="0" width="40" height="33.7"/>
  <cheeseskin x="617" y="38" a="0" width="27.05" height="22"/>
  <staticblueskin x="580.5" y="22" cx="577" cy="-15" a="0" width="7" height="74"/>
  <staticblueskin x="512" y="30.5" cx="508" cy="4" a="0" width="8" height="53"/>
  <cheeseskin x="544" y="37" a="0" width="27.05" height="22"/>
  <staticblueskin x="334.5" y="186.5" cx="332" cy="176" a="0" width="5" height="21"/>
  <staticskin x="270.5" y="195.5" cx="268" cy="193" a="0" width="5" height="5"/>
  <staticredskin x="10.5" y="195.5" cx="7" cy="192" a="0" width="7" height="7"/>
  <staticblueskin x="159.5" y="122.5" cx="137" cy="107" a="0" width="45" height="31"/>
</scene>