<scene width="740" height="380">
  <timer time="60"/>
  <creator id="2657790"/>
  <bg id="1"/>
  <littlemouse x="660" y="344" a="0" width="37.35" height="34.3"/>
  <minkskin x="685" y="25" a="0" width="36" height="27"/>
  <cheeseskin x="33" y="358" a="0" width="27.05" height="22"/>
  <carrierhorizontal x="282" y="376" linewidth="300" lineheight="20" boxwidth="50" boxheight="20"/>
  <staticskin x="634.5" y="376" cx="589" cy="369" a="0" width="91" height="14"/>
  <staticblueskin x="161.5" y="208" cx="158" cy="96" a="0" width="7" height="224"/>
  <staticblueskin x="3.5" y="241.5" cx="0" cy="98" a="0" width="7" height="287"/>
  <staticblueskin x="77.875" y="385.825" cx="-41" cy="373" a="4" width="239" height="9"/>
  <staticblueskin x="29.575000000000003" y="318.375" cx="-1" cy="303" a="20" width="68" height="8"/>
  <staticblueskin x="368" y="-1" cx="10" cy="-6" a="0" width="716" height="10"/>
  <ballskin x="296" y="87" a="0" width="23.8" height="26.05"/>
  <ballskin x="331" y="91" a="0" width="23.8" height="26.05"/>
  <ballskin x="407" y="102" a="0" width="23.8" height="26.05"/>
  <ballskin x="371" y="93" a="0" width="23.8" height="26.05"/>
  <ballskin x="447" y="112" a="0" width="23.8" height="26.05"/>
  <staticblueskin x="405" y="189" cx="279" cy="184" a="0" width="252" height="10"/>
  <staticredskin x="373.5" y="179.5" cx="258" cy="176" a="0" width="231" height="7"/>
  <staticblueskin x="371" y="24" cx="250" cy="19" a="0" width="242" height="10"/>
  <staticredskin x="370.5" y="31.5" cx="250" cy="28" a="0" width="241" height="7"/>
  <staticblueskin x="552.5" y="161" cx="550" cy="137" a="0" width="5" height="48"/>
  <staticblueskin x="585.5" y="149" cx="582" cy="116" a="0" width="7" height="66"/>
  <staticblueskin x="614.5" y="138.5" cx="611" cy="96" a="0" width="7" height="85"/>
  <springboardskin x="639" y="177" a="0" width="51" height="10.95"/>
  <staticblueskin x="653" y="64.5" cx="649" cy="2" a="0" width="8" height="125"/>
  <staticblueskin x="727" y="178" cx="671" cy="175" a="0" width="112" height="6"/>
  <staticblueskin x="675.5" y="127.5" cx="655" cy="125" a="0" width="41" height="5"/>
  <staticblueskin x="727.5" y="88" cx="708" cy="85" a="0" width="39" height="6"/>
  <staticblueskin x="676" y="41.5" cx="655" cy="38" a="0" width="42" height="7"/>
  <staticblueskin x="24.625" y="224.4" cx="-10" cy="207" a="20" width="77" height="9"/>
  <staticblueskin x="126.6" y="177.85000000000002" cx="167" cy="169" a="160" width="82" height="11"/>
  <staticblueskin x="38.574999999999996" y="117.75" cx="3" cy="100" a="20" width="79" height="9"/>
  <staticblueskin x="128.075" y="278.15" cx="162" cy="269" a="160" width="70" height="6"/>
</scene>