<scene width="740" height="380">
  <timer time="60"/>
  <creator id="1855512"/>
  <bg id="3"/>
  <staticblueskin x="371" y="362.5" cx="-1" cy="359" a="0" width="744" height="7"/>
  <staticblueskin x="596" y="300" cx="435" cy="297" a="0" width="322" height="6"/>
  <springboardskin x="397" y="352" a="0" width="51" height="10.95"/>
  <staticblueskin x="2.5" y="154" cx="-2" cy="5" a="0" width="9" height="298"/>
  <staticblueskin x="153.5" y="301.5" cx="0" cy="298" a="0" width="307" height="7"/>
  <staticblueskin x="311" y="204.5" cx="307" cy="103" a="0" width="8" height="203"/>
  <staticblueskin x="439" y="243" cx="309" cy="239" a="0" width="260" height="8"/>
  <staticblueskin x="608.5" y="177" cx="461" cy="173" a="0" width="295" height="8"/>
  <staticblueskin x="455.5" y="122" cx="313" cy="117" a="0" width="285" height="10"/>
  <staticredskin x="158.5" y="294" cx="9" cy="291" a="0" width="299" height="6"/>
  <staticskin x="161" y="51" cx="157" cy="0" a="0" width="8" height="102"/>
  <staticskin x="58.5" y="108.5" cx="8" cy="102" a="0" width="101" height="13"/>
  <staticskin x="113.5" y="53.5" cx="70" cy="49" a="0" width="87" height="9"/>
  <cheeseskin x="713" y="347" a="0" width="27.05" height="22"/>
  <minkskin x="135" y="31" a="0" width="36" height="27"/>
  <rpointer x="546" y="346" a="0" width="40" height="33.7"/>
  <littlemouse x="33" y="339" a="0" width="37.35" height="34.3"/>
</scene>