<scene width="740" height="380">
  <timer time="60"/>
  <creator id="2304321"/>
  <bg id="7"/>
  <flowers1 x="539" y="322" a="0" width="60" height="58.2"/>
  <tree x="486" y="414" a="0" width="78.35" height="100"/>
  <ground x="605.5" y="346.5" cx="570" cy="343" a="0" width="71" height="7"/>
  <ground x="541.5" y="347" cx="514" cy="344" a="0" width="55" height="6"/>
  <littlemouse x="594" y="331" a="0" width="37.35" height="34.3"/>
  <ground x="474" y="348.05" cx="436" cy="345" a="0" width="76" height="6.1"/>
  <tree2 x="693" y="329" a="0" width="84.85" height="100"/>
  <ground x="401" y="346.5" cx="367" cy="344" a="0" width="68" height="5"/>
  <ground x="337" y="348.5" cx="309" cy="345" a="0" width="56" height="7"/>
  <staticredskin x="611.5" y="120" cx="608" cy="94" a="0" width="7" height="52"/>
  <ground x="273.5" y="348" cx="238" cy="345" a="0" width="71" height="6"/>
  <ground x="179" y="350.6" cx="121" cy="347" a="0" width="116" height="7.2"/>
  <ground x="95" y="314.525" cx="92" cy="304" a="0" width="6" height="21.05"/>
  <ground x="107.025" y="350" cx="89" cy="346" a="0" width="36.05" height="8"/>
  <ground x="95.6" y="333.5" cx="92" cy="324" a="0" width="7.2" height="19"/>
  <ground x="389.5" y="299.5" cx="153" cy="296" a="0" width="473" height="7"/>
  <ground x="94.575" y="275.5" cx="90" cy="250" a="0" width="9.15" height="51"/>
  <ground x="110.5" y="245.575" cx="93" cy="241" a="0" width="35" height="9.15"/>
  <ground x="343.5" y="247.575" cx="131" cy="243" a="0" width="425" height="9.15"/>
  <ground x="620" y="233.025" cx="616" cy="173" a="0" width="8" height="120.05"/>
  <ground x="383" y="201" cx="157" cy="194" a="0" width="452" height="14"/>
  <ground x="97" y="190" cx="93" cy="145" a="0" width="8" height="90"/>
  <ground x="322.5" y="146.5" cx="101" cy="142" a="0" width="443" height="9"/>
  <ground x="620.5" y="131" cx="616" cy="90" a="0" width="9" height="82"/>
  <ground x="544.05" y="120" cx="539" cy="89" a="0" width="10.1" height="62"/>
  <staticblueskin x="421.5" y="138" cx="316" cy="135" a="0" width="211" height="6"/>
  <staticredskin x="578.5" y="190" cx="545" cy="186" a="0" width="67" height="8"/>
  <staticredskin x="553" y="120" cx="550" cy="90" a="0" width="6" height="60"/>
  <staticredskin x="615" y="39" cx="612" cy="10" a="0" width="6" height="58"/>
  <staticredskin x="613.5" y="168" cx="610" cy="150" a="0" width="7" height="36"/>
  <carriervertical x="37" y="179" linewidth="50" lineheight="200" boxwidth="50" boxheight="20"/>
  <minkskin x="37" y="319" a="0" width="36" height="27"/>
  <cheeseskin x="582" y="25" a="0" width="27.05" height="22"/>
  <ballskin x="583" y="165" a="0" width="23.8" height="26.05"/>
  <ballskin x="179" y="322" a="0" width="23.8" height="26.05"/>
  <ballskin x="479" y="328" a="0" width="23.8" height="26.05"/>
  <ballskin x="246" y="268" a="0" width="23.8" height="26.05"/>
  <ballskin x="477" y="276" a="0" width="23.8" height="26.05"/>
  <ballskin x="371" y="222" a="0" width="23.8" height="26.05"/>
  <rpointer x="124" y="173" a="0" width="40" height="33.7"/>
  <lpointer x="143" y="331" a="0" width="40" height="33.7"/>
</scene>