<scene width="740" height="380">
  <timer time="60"/>
  <creator id="2106293"/>
  <bg id="5"/>
  <carrierhorizontal x="84" y="278" linewidth="300" lineheight="20" boxwidth="50" boxheight="20"/>
  <carriervertical x="399" y="170" linewidth="50" lineheight="200" boxwidth="50" boxheight="20"/>
  <carrierhorizontal x="432" y="341" linewidth="300" lineheight="20" boxwidth="50" boxheight="20"/>
  <carriervertical x="581" y="128" linewidth="50" lineheight="200" boxwidth="50" boxheight="20"/>
  <carrierhorizontal x="640" y="90" linewidth="300" lineheight="20" boxwidth="50" boxheight="20"/>
  <minkskin x="722" y="44" a="0" width="36" height="27"/>
  <cheeseskin x="490" y="297" a="0" width="27.05" height="22"/>
  <littlemouse x="119" y="239" a="0" width="37.35" height="34.3"/>
</scene>