<scene width="740" height="380">
  <timer time="60"/>
  <creator id="1059401"/>
  <bg id="3"/>
  <staticblueskin x="210.5" y="380.5" cx="131" cy="377" a="0" width="159" height="7"/>
  <staticblueskin x="334.5" y="322.85" cx="381" cy="262" a="40" width="7" height="153"/>
  <staticblueskin x="261" y="227" cx="164" cy="223" a="0" width="194" height="8"/>
  <staticblueskin x="133.47500000000002" y="22.424999999999997" cx="67" cy="-49" a="45" width="195" height="7"/>
  <tree x="197" y="327" a="0" width="78.35" height="100"/>
  <staticblueskin x="475.7" y="76.875" cx="393" cy="170" a="-50" width="249" height="7"/>
  <staticblueskin x="208" y="122.5" cx="184" cy="120" a="0" width="48" height="5"/>
  <staticblueskin x="672.5" y="170.5" cx="584" cy="167" a="0" width="177" height="7"/>
  <staticblueskin x="133.2" y="136.425" cx="96" cy="43" a="-20" width="6" height="201"/>
  <staticblueskin x="442.825" y="300.075" cx="399" cy="252" a="45" width="130" height="6"/>
  <staticblueskin x="383" y="-1.5" cx="227" cy="-5" a="0" width="312" height="7"/>
  <staticblueskin x="611.5" y="222.5" cx="530" cy="219" a="0" width="163" height="7"/>
  <littlemouse x="73" y="20" a="0" width="37.35" height="34.3"/>
  <minkskin x="705" y="25" a="0" width="36" height="27"/>
  <staticblueskin x="678.1500000000001" y="321.525" cx="742" cy="240" a="40" width="7" height="207"/>
  <staticblueskin x="419.9" y="188.85000000000002" cx="392" cy="170" a="-50" width="7" height="67"/>
  <cheeseskin x="499" y="17" a="0" width="27.05" height="22"/>
  <staticblueskin x="-2" y="170.5" cx="-6" cy="-41" a="0" width="8" height="423"/>
  <staticblueskin x="503.35" y="167.1" cx="478" cy="149" a="30" width="62" height="6"/>
  <staticblueskin x="686.625" y="115.92500000000001" cx="629" cy="170" a="-45" width="158" height="5"/>
  <staticblueskin x="64" y="314.05" cx="-6" cy="249" a="-45" width="7" height="191"/>
  <staticblueskin x="740.5" y="119.5" cx="738" cy="-5" a="0" width="5" height="249"/>
  <staticblueskin x="544.5" y="380.5" cx="460" cy="378" a="0" width="169" height="5"/>
  <staticblueskin x="306.5" y="172" cx="212" cy="169" a="0" width="189" height="6"/>
  <staticblueskin x="70" y="43" cx="44" cy="40" a="0" width="52" height="6"/>
  <staticblueskin x="99.5" y="11.5" cx="96" cy="-23" a="0" width="7" height="69"/>
</scene>