<scene width="740" height="380">
  <timer time="40"/>
  <creator id="237459"/>
  <bg id="11"/>
  <littlemouse x="127" y="265" a="0" width="37.35" height="34.3"/>
  <staticblueskin x="4" y="99" cx="1" cy="-10" a="0" width="6" height="218"/>
  <staticblueskin x="55.575" y="249.35" cx="3" cy="200" a="40" width="144" height="8"/>
  <staticblueskin x="184.5" y="296" cx="106" cy="292" a="0" width="157" height="8"/>
  <staticblueskin x="298.6" y="263.35" cx="341" cy="233" a="140" width="104" height="8"/>
  <cheeseskin x="466" y="136" a="0" width="27.05" height="22"/>
  <minkskin x="493" y="115" a="0" width="36" height="27"/>
</scene>