<scene width="740" height="380">
  <timer time="80"/>
  <creator id="340380"/>
  <bg id="0"/>
  <carrierhorizontal x="580" y="409" linewidth="300" lineheight="20" boxwidth="50" boxheight="20"/>
  <carrierhorizontal x="577" y="409" linewidth="300" lineheight="20" boxwidth="50" boxheight="20"/>
  <carrierhorizontal x="210" y="304" linewidth="300" lineheight="20" boxwidth="50" boxheight="20"/>
  <carriervertical x="313" y="265" linewidth="50" lineheight="200" boxwidth="50" boxheight="20"/>
  <carriervertical x="386" y="240" linewidth="50" lineheight="200" boxwidth="50" boxheight="20"/>
  <rpointer x="64" y="317" a="0" width="40" height="33.7"/>
  <stone x="466" y="286" a="0" width="31.25" height="22.9"/>
  <tree x="271" y="217" a="0" width="78.35" height="100"/>
  <flowers2 x="570" y="206" a="0" width="60" height="33.45"/>
  <springboardskin x="484" y="205" a="0" width="51" height="10.95"/>
  <minkskin x="639" y="77" a="0" width="36" height="27"/>
  <carriervertical x="602" y="403" linewidth="50" lineheight="200" boxwidth="50" boxheight="20"/>
  <cactus x="146" y="231" a="0" width="20" height="42.55"/>
  <ballskin x="341" y="246" a="0" width="23.8" height="26.05"/>
  <littlemouse x="83" y="315" a="0" width="37.35" height="34.3"/>
  <cheeseskin x="394" y="234" a="0" width="27.05" height="22"/>
  <boxskin x="225" y="287" a="0" width="50" height="50"/>
  <springboardskin x="350" y="137" a="0" width="51" height="10.95"/>
  <rpointer x="102" y="314" a="0" width="40" height="33.7"/>
  <rpointer x="135" y="286" a="0" width="40" height="33.7"/>
  <rpointer x="182" y="246" a="0" width="40" height="33.7"/>
  <carriervertical x="70" y="327" linewidth="50" lineheight="200" boxwidth="50" boxheight="20"/>
  <bush x="366" y="296" a="0" width="59.4" height="32.3"/>
  <tree x="339" y="255" a="0" width="78.35" height="100"/>
  <flowers1 x="299" y="247" a="0" width="60" height="58.2"/>
  <carrierhorizontal x="120" y="277" linewidth="300" lineheight="20" boxwidth="50" boxheight="20"/>
  <springboardskin x="571" y="125" a="0" width="51" height="10.95"/>
  <heavyboxskin x="376" y="235" a="0" width="41" height="22"/>
</scene>