<scene width="740" height="380">
  <timer time="60"/>
  <creator id="2971577"/>
  <bg id="1"/>
  <carrierhorizontal x="571" y="400" linewidth="300" lineheight="20" boxwidth="50" boxheight="20"/>
  <carrierhorizontal x="571" y="400" linewidth="300" lineheight="20" boxwidth="50" boxheight="20"/>
  <carrierhorizontal x="99" y="239" linewidth="300" lineheight="20" boxwidth="50" boxheight="20"/>
  <carriervertical x="321" y="59" linewidth="50" lineheight="200" boxwidth="50" boxheight="20"/>
  <carrierhorizontal x="575" y="413" linewidth="300" lineheight="20" boxwidth="50" boxheight="20"/>
  <carriervertical x="640" y="398" linewidth="50" lineheight="200" boxwidth="50" boxheight="20"/>
  <carriervertical x="636" y="400" linewidth="50" lineheight="200" boxwidth="50" boxheight="20"/>
  <carriervertical x="633" y="399" linewidth="50" lineheight="200" boxwidth="50" boxheight="20"/>
  <carrierhorizontal x="572" y="400" linewidth="300" lineheight="20" boxwidth="50" boxheight="20"/>
  <carriervertical x="626" y="394" linewidth="50" lineheight="200" boxwidth="50" boxheight="20"/>
  <carrierhorizontal x="573" y="404" linewidth="300" lineheight="20" boxwidth="50" boxheight="20"/>
  <carrierhorizontal x="274" y="343" linewidth="300" lineheight="20" boxwidth="50" boxheight="20"/>
  <minkskin x="621" y="27" a="0" width="36" height="27"/>
  <cheeseskin x="303" y="215" a="0" width="27.05" height="22"/>
  <littlemouse x="52" y="22" a="0" width="37.35" height="34.3"/>
  <carriervertical x="631" y="405" linewidth="50" lineheight="200" boxwidth="50" boxheight="20"/>
  <carriervertical x="596" y="392" linewidth="50" lineheight="200" boxwidth="50" boxheight="20"/>
  <carrierhorizontal x="571" y="402" linewidth="300" lineheight="20" boxwidth="50" boxheight="20"/>
  <carrierhorizontal x="528" y="317" linewidth="300" lineheight="20" boxwidth="50" boxheight="20"/>
  <carrierhorizontal x="578" y="414" linewidth="300" lineheight="20" boxwidth="50" boxheight="20"/>
  <carriervertical x="644" y="401" linewidth="50" lineheight="200" boxwidth="50" boxheight="20"/>
  <carrierhorizontal x="575" y="399" linewidth="300" lineheight="20" boxwidth="50" boxheight="20"/>
  <carriervertical x="645" y="400" linewidth="50" lineheight="200" boxwidth="50" boxheight="20"/>
  <carriervertical x="533" y="154" linewidth="50" lineheight="200" boxwidth="50" boxheight="20"/>
  <carrierhorizontal x="570" y="414" linewidth="300" lineheight="20" boxwidth="50" boxheight="20"/>
  <carrierhorizontal x="255" y="269" linewidth="100" lineheight="20" boxwidth="50" boxheight="20"/>
  <carriervertical x="633" y="396" linewidth="50" lineheight="200" boxwidth="50" boxheight="20"/>
  <carriervertical x="630" y="394" linewidth="50" lineheight="200" boxwidth="50" boxheight="20"/>
  <carriervertical x="634" y="392" linewidth="50" lineheight="200" boxwidth="50" boxheight="20"/>
  <carrierhorizontal x="567" y="406" linewidth="300" lineheight="20" boxwidth="50" boxheight="20"/>
  <carriervertical x="638" y="401" linewidth="50" lineheight="200" boxwidth="50" boxheight="20"/>
  <carriervertical x="623" y="43" linewidth="50" lineheight="333" boxwidth="50" boxheight="20"/>
  <carrierhorizontal x="564" y="404" linewidth="300" lineheight="20" boxwidth="50" boxheight="20"/>
  <carriervertical x="633" y="406" linewidth="50" lineheight="200" boxwidth="50" boxheight="20"/>
  <carriervertical x="477" y="55" linewidth="50" lineheight="200" boxwidth="50" boxheight="20"/>
  <carrierhorizontal x="557" y="405" linewidth="300" lineheight="20" boxwidth="50" boxheight="20"/>
  <carrierhorizontal x="23" y="48" linewidth="300" lineheight="20" boxwidth="50" boxheight="20"/>
  <carrierhorizontal x="570" y="402" linewidth="300" lineheight="20" boxwidth="50" boxheight="20"/>
  <carrierhorizontal x="568" y="411" linewidth="300" lineheight="20" boxwidth="50" boxheight="20"/>
  <carriervertical x="631" y="396" linewidth="50" lineheight="200" boxwidth="50" boxheight="20"/>
  <carriervertical x="405" y="163" linewidth="50" lineheight="200" boxwidth="50" boxheight="20"/>
  <carriervertical x="642" y="401" linewidth="50" lineheight="200" boxwidth="50" boxheight="20"/>
  <carriervertical x="203" y="88" linewidth="50" lineheight="200" boxwidth="50" boxheight="20"/>
  <carrierhorizontal x="581" y="401" linewidth="300" lineheight="20" boxwidth="50" boxheight="20"/>
  <carrierhorizontal x="26" y="311" linewidth="300" lineheight="20" boxwidth="50" boxheight="20"/>
  <carriervertical x="639" y="399" linewidth="50" lineheight="200" boxwidth="50" boxheight="20"/>
  <carriervertical x="79" y="93" linewidth="50" lineheight="200" boxwidth="50" boxheight="20"/>
  <carrierhorizontal x="573" y="404" linewidth="300" lineheight="20" boxwidth="50" boxheight="20"/>
  <carriervertical x="632" y="391" linewidth="50" lineheight="200" boxwidth="50" boxheight="20"/>
  <carrierhorizontal x="586" y="414" linewidth="300" lineheight="20" boxwidth="50" boxheight="20"/>
  <carrierhorizontal x="565" y="412" linewidth="300" lineheight="20" boxwidth="50" boxheight="20"/>
  <carriervertical x="624" y="407" linewidth="50" lineheight="200" boxwidth="50" boxheight="20"/>
  <carrierhorizontal x="587" y="413" linewidth="300" lineheight="20" boxwidth="50" boxheight="20"/>
  <carriervertical x="624" y="398" linewidth="50" lineheight="200" boxwidth="50" boxheight="20"/>
  <carriervertical x="625" y="397" linewidth="50" lineheight="200" boxwidth="50" boxheight="20"/>
  <carriervertical x="622" y="393" linewidth="50" lineheight="200" boxwidth="50" boxheight="20"/>
  <carriervertical x="594" y="391" linewidth="50" lineheight="200" boxwidth="50" boxheight="20"/>
  <carrierhorizontal x="570" y="401" linewidth="300" lineheight="20" boxwidth="50" boxheight="20"/>
  <carrierhorizontal x="571" y="401" linewidth="300" lineheight="20" boxwidth="50" boxheight="20"/>
</scene>