<scene width="900" height="760">
  <timer time="80"/>
  <creator id="573076"/>
  <bg id="11"/>
  <staticblueskin x="769" y="7.5" cx="754" cy="4" a="0" width="30" height="7"/>
  <staticblueskin x="730.5" y="29" cx="722" cy="22" a="0" width="17" height="14"/>
  <littlemouse x="327" y="44" a="0" width="37.35" height="34.3"/>
  <staticblueskin x="621.5" y="163.5" cx="618" cy="65" a="0" width="7" height="197"/>
  <staticblueskin x="598.5" y="589.5" cx="594" cy="519" a="0" width="9" height="141"/>
  <staticredskin x="596" y="508" cx="588" cy="503" a="0" width="16" height="10"/>
  <staticblueskin x="548.5" y="331.5" cx="450" cy="325" a="0" width="197" height="13"/>
  <staticblueskin x="239.5" y="333.5" cx="145" cy="328" a="0" width="189" height="11"/>
  <staticblueskin x="115.5" y="331.5" cx="86" cy="325" a="0" width="59" height="13"/>
  <staticblueskin x="138" y="308.5" cx="134" cy="295" a="0" width="8" height="27"/>
  <staticblueskin x="566" y="313.5" cx="562" cy="300" a="0" width="8" height="27"/>
  <staticredskin x="391.5" y="248.5" cx="348" cy="245" a="0" width="87" height="7"/>
  <staticredskin x="392.5" y="277" cx="326" cy="273" a="0" width="133" height="8"/>
  <staticredskin x="476" y="197.5" cx="436" cy="195" a="0" width="80" height="5"/>
  <staticredskin x="313.5" y="193.5" cx="273" cy="191" a="0" width="81" height="5"/>
  <cheeseskin x="482" y="176" a="0" width="27.05" height="22"/>
  <cheeseskin x="311" y="177" a="0" width="27.05" height="22"/>
  <staticredskin x="271.5" y="158.5" cx="269" cy="126" a="0" width="5" height="65"/>
  <staticredskin x="523.5" y="160.5" cx="520" cy="121" a="0" width="7" height="79"/>
  <staticblueskin x="446" y="424.5" cx="443" cy="322" a="0" width="6" height="205"/>
  <staticblueskin x="347" y="423" cx="341" cy="320" a="0" width="12" height="206"/>
  <staticblueskin x="449" y="562" cx="446" cy="528" a="0" width="6" height="68"/>
  <staticblueskin x="282" y="600" cx="112" cy="596" a="0" width="340" height="8"/>
  <staticblueskin x="310.5" y="659.5" cx="68" cy="655" a="0" width="485" height="9"/>
  <staticblueskin x="347" y="711" cx="102" cy="708" a="0" width="490" height="6"/>
  <staticblueskin x="358.5" y="759" cx="76" cy="754" a="0" width="565" height="10"/>
  <staticblueskin x="696.5" y="595" cx="692" cy="485" a="0" width="9" height="220"/>
  <staticredskin x="630.5" y="746.5" cx="617" cy="742" a="0" width="27" height="9"/>
  <staticblueskin x="647" y="581.5" cx="641" cy="404" a="0" width="12" height="355"/>
  <staticblueskin x="792.5" y="323" cx="787" cy="184" a="0" width="11" height="278"/>
  <staticblueskin x="790" y="111.5" cx="778" cy="32" a="0" width="24" height="159"/>
  <staticblueskin x="9" y="308" cx="4" cy="263" a="0" width="10" height="90"/>
  <staticblueskin x="632.5" y="361.5" cx="584" cy="359" a="0" width="97" height="5"/>
  <staticredskin x="755.5" y="740" cx="727" cy="737" a="0" width="57" height="6"/>
  <staticblueskin x="842.5" y="617.5" cx="838" cy="490" a="0" width="9" height="255"/>
  <staticblueskin x="687.5" y="756.5" cx="662" cy="753" a="0" width="51" height="7"/>
  <staticblueskin x="792" y="759.5" cx="786" cy="756" a="0" width="12" height="7"/>
  <staticblueskin x="852" y="751" cx="840" cy="747" a="0" width="24" height="8"/>
  <staticblueskin x="860.5" y="664" cx="849" cy="659" a="0" width="23" height="10"/>
  <staticblueskin x="854.5" y="608" cx="849" cy="602" a="0" width="11" height="12"/>
  <staticblueskin x="856" y="563" cx="848" cy="557" a="0" width="16" height="12"/>
  <staticblueskin x="860" y="716.5" cx="854" cy="712" a="0" width="12" height="9"/>
  <minkskin x="875" y="750" a="0" width="36" height="27"/>
  <staticblueskin x="885" y="645" cx="879" cy="635" a="0" width="12" height="20"/>
  <staticblueskin x="9" y="128.5" cx="3" cy="12" a="0" width="12" height="233"/>
  <staticredskin x="395" y="142" cx="392" cy="97" a="0" width="6" height="90"/>
  <staticredskin x="272.5" y="90" cx="269" cy="84" a="0" width="7" height="12"/>
  <staticredskin x="525" y="85.5" cx="521" cy="79" a="0" width="8" height="13"/>
  <staticblueskin x="10.5" y="553" cx="4" cy="396" a="0" width="13" height="314"/>
  <staticblueskin x="54" y="677" cx="43" cy="592" a="0" width="22" height="170"/>
  <staticblueskin x="694.5" y="422" cx="690" cy="390" a="0" width="9" height="64"/>
  <staticblueskin x="703.5" y="471.5" cx="700" cy="467" a="0" width="7" height="9"/>
  <staticblueskin x="597" y="671" cx="592" cy="665" a="0" width="10" height="12"/>
  <staticblueskin x="598.5" y="689.5" cx="596" cy="686" a="0" width="5" height="7"/>
  <staticredskin x="812" y="742.5" cx="796" cy="739" a="0" width="32" height="7"/>
  <staticblueskin x="59" y="343.5" cx="41" cy="338" a="0" width="36" height="11"/>
  <staticblueskin x="686.5" y="300.5" cx="682" cy="285" a="0" width="9" height="31"/>
  <staticblueskin x="702.5" y="323.5" cx="658" cy="314" a="0" width="89" height="19"/>
  <staticblueskin x="201.5" y="548.5" cx="145" cy="537" a="0" width="113" height="23"/>
  <flowers1 x="739" y="683" a="0" width="60" height="58.2"/>
  <staticredskin x="-2.5" y="752.5" cx="-13" cy="749" a="0" width="21" height="7"/>
  <staticblueskin x="350" y="63" cx="97" cy="58" a="0" width="506" height="10"/>
  <staticblueskin x="370" y="-5" cx="18" cy="-12" a="0" width="704" height="14"/>
</scene>