<scene width="740" height="380">
  <timer time="60"/>
  <creator id="2830533"/>
  <bg id="4"/>
  <tree x="691" y="269" a="0" width="78.35" height="100"/>
  <tree x="429" y="307" a="0" width="78.35" height="100"/>
  <tree x="236" y="289" a="0" width="78.35" height="100"/>
  <springboardskin x="63" y="254" a="0" width="51" height="10.95"/>
  <springboardskin x="190" y="274" a="0" width="51" height="10.95"/>
  <springboardskin x="298" y="247" a="0" width="51" height="10.95"/>
  <springboardskin x="488" y="269" a="0" width="51" height="10.95"/>
  <springboardskin x="700" y="262" a="0" width="51" height="10.95"/>
  <springboardskin x="570" y="307" a="0" width="51" height="10.95"/>
  <minkskin x="375" y="32" a="0" width="36" height="27"/>
  <tree2 x="305" y="354" a="0" width="84.85" height="100"/>
  <cactus x="203" y="342" a="0" width="20" height="42.55"/>
  <cheeseskin x="696" y="42" a="0" width="27.05" height="22"/>
  <cheeseskin x="20" y="37" a="0" width="27.05" height="22"/>
  <springboardskin x="145" y="218" a="0" width="51" height="10.95"/>
  <springboardskin x="221" y="170" a="0" width="51" height="10.95"/>
  <springboardskin x="298" y="132" a="0" width="51" height="10.95"/>
  <springboardskin x="379" y="98" a="0" width="51" height="10.95"/>
  <springboardskin x="456" y="132" a="0" width="51" height="10.95"/>
  <springboardskin x="514" y="172" a="0" width="51" height="10.95"/>
  <springboardskin x="564" y="223" a="0" width="51" height="10.95"/>
  <springboardskin x="376" y="248" a="0" width="51" height="10.95"/>
  <springboardskin x="25" y="68" a="0" width="51" height="10.95"/>
  <springboardskin x="60" y="32" a="0" width="51" height="10.95"/>
  <springboardskin x="690" y="82" a="0" width="51" height="10.95"/>
  <springboardskin x="535" y="88" a="0" width="51" height="10.95"/>
  <springboardskin x="156" y="87" a="0" width="51" height="10.95"/>
  <littlemouse x="380" y="78" a="0" width="37.35" height="34.3"/>
  <springboardskin x="640" y="144" a="0" width="51" height="10.95"/>
  <springboardskin x="69" y="140" a="0" width="51" height="10.95"/>
  <tree2 x="143" y="334" a="0" width="84.85" height="100"/>
  <tree2 x="315" y="293" a="0" width="84.85" height="100"/>
  <tree2 x="490" y="358" a="0" width="84.85" height="100"/>
  <tree2 x="585" y="279" a="0" width="84.85" height="100"/>
  <tree2 x="665" y="349" a="0" width="84.85" height="100"/>
  <tree x="54" y="277" a="0" width="78.35" height="100"/>
</scene>