<scene width="740" height="380">
  <timer time="80"/>
  <creator id="2774968"/>
  <bg id="10"/>
  <minkskin x="714" y="340" a="0" width="36" height="27"/>
  <littlemouse x="11" y="343" a="0" width="37.35" height="34.3"/>
  <ground x="373" y="361.5" cx="5" cy="359" a="0" width="736" height="5"/>
  <tree2 x="457" y="307" a="0" width="84.85" height="100"/>
  <staticblueskin x="262.5" y="308.5" cx="247" cy="306" a="0" width="31" height="5"/>
  <staticblueskin x="335.5" y="260" cx="321" cy="257" a="0" width="29" height="6"/>
  <staticblueskin x="394.5" y="223" cx="375" cy="218" a="0" width="39" height="10"/>
  <staticblueskin x="468.5" y="180" cx="446" cy="175" a="0" width="45" height="10"/>
  <staticblueskin x="550" y="115" cx="520" cy="110" a="0" width="60" height="10"/>
  <staticblueskin x="645.5" y="69.5" cx="620" cy="64" a="0" width="51" height="11"/>
  <springboardskin x="113" y="221" a="0" width="51" height="10.95"/>
  <cheeseskin x="94" y="68" a="0" width="27.05" height="22"/>
  <ballskin x="333" y="253" a="0" width="23.8" height="26.05"/>
  <ballskin x="256" y="293" a="0" width="23.8" height="26.05"/>
  <heavyboxskin x="396" y="202" a="0" width="41" height="22"/>
  <heavyboxskin x="460" y="159" a="0" width="41" height="22"/>
  <heavyboxskin x="533" y="89" a="0" width="41" height="22"/>
  <groundred x="597.75" y="214.775" cx="595" cy="74" a="0" width="6.5" height="282.55"/>
</scene>