<scene width="740" height="380">
  <timer time="60"/>
  <creator id="774585"/>
  <bg id="4"/>
  <carriervertical x="712" y="65" linewidth="50" lineheight="200" boxwidth="50" boxheight="20"/>
  <staticblueskin x="669.5" y="296.5" cx="663" cy="283" a="0" width="13" height="27"/>
  <staticblueskin x="631" y="291" cx="622" cy="251" a="0" width="18" height="80"/>
  <staticblueskin x="584.5" y="283" cx="579" cy="220" a="0" width="11" height="126"/>
  <staticblueskin x="538.5" y="299" cx="534" cy="248" a="0" width="9" height="102"/>
  <staticblueskin x="495" y="302.5" cx="489" cy="282" a="0" width="12" height="41"/>
  <staticblueskin x="454.5" y="291" cx="450" cy="228" a="0" width="9" height="126"/>
  <staticblueskin x="424.5" y="270" cx="420" cy="190" a="0" width="9" height="160"/>
  <springboardskin x="224" y="375" a="0" width="51" height="10.95"/>
  <carriervertical x="343" y="154" linewidth="50" lineheight="200" boxwidth="50" boxheight="20"/>
  <ballskin x="179" y="250" a="0" width="23.8" height="26.05"/>
  <ballskin x="221" y="243" a="0" width="23.8" height="26.05"/>
  <ballskin x="206" y="270" a="0" width="23.8" height="26.05"/>
  <ballskin x="230" y="207" a="0" width="23.8" height="26.05"/>
  <ballskin x="207" y="211" a="0" width="23.8" height="26.05"/>
  <ballskin x="201" y="218" a="0" width="23.8" height="26.05"/>
  <ballskin x="227" y="262" a="0" width="23.8" height="26.05"/>
  <minkskin x="326" y="92" a="0" width="36" height="27"/>
  <staticredskin x="217" y="289" cx="180" cy="286" a="0" width="74" height="6"/>
  <staticredskin x="84.5" y="150" cx="82" cy="-9" a="0" width="5" height="318"/>
  <staticblueskin x="64" y="45.5" cx="48" cy="37" a="0" width="32" height="17"/>
  <staticblueskin x="16" y="121.5" cx="-2" cy="111" a="0" width="36" height="21"/>
  <staticblueskin x="66.5" y="243.5" cx="44" cy="236" a="0" width="45" height="15"/>
  <staticblueskin x="67.5" y="383" cx="-21" cy="348" a="0" width="177" height="70"/>
  <staticblueskin x="218" y="303" cx="179" cy="291" a="0" width="78" height="24"/>
  <staticblueskin x="253.5" y="219" cx="244" cy="47" a="0" width="19" height="344"/>
  <staticredskin x="118" y="214.5" cx="89" cy="205" a="0" width="58" height="19"/>
  <staticredskin x="160" y="-4" cx="73" cy="-15" a="0" width="174" height="22"/>
  <littlemouse x="61" y="23" a="0" width="37.35" height="34.3"/>
  <cheeseskin x="224" y="356" a="0" width="27.05" height="22"/>
  <staticblueskin x="386.5" y="56" cx="275" cy="48" a="0" width="223" height="16"/>
  <staticblueskin x="581" y="55" cx="500" cy="42" a="0" width="162" height="26"/>
  <staticblueskin x="621.5" y="40" cx="580" cy="32" a="0" width="83" height="16"/>
</scene>