<scene width="740" height="380">
  <timer time="60"/>
  <creator id="229076"/>
  <bg id="12"/>
  <rpointer x="280" y="411" a="0" width="40" height="33.7"/>
  <rpointer x="62" y="340" a="0" width="40" height="33.7"/>
  <boxskin x="152" y="355" a="0" width="50" height="50"/>
  <boxskin x="205" y="356" a="0" width="50" height="50"/>
  <boxskin x="261" y="312" a="0" width="50" height="50"/>
  <boxskin x="312" y="263" a="0" width="50" height="50"/>
  <boxskin x="362" y="215" a="0" width="50" height="50"/>
  <stone x="213" y="320" a="0" width="31.25" height="22.9"/>
  <springboardskin x="455" y="372" a="0" width="51" height="10.95"/>
  <minkskin x="380" y="272" a="0" width="36" height="27"/>
  <cheeseskin x="89" y="92" a="0" width="27.05" height="22"/>
  <springboardskin x="415" y="188" a="0" width="51" height="10.95"/>
  <boxskin x="308" y="120" a="0" width="50" height="50"/>
  <heavyboxskin x="276" y="276" a="0" width="41" height="22"/>
  <ballskin x="492" y="369" a="0" width="23.8" height="26.05"/>
  <ballskin x="416" y="369" a="0" width="23.8" height="26.05"/>
  <flowers2 x="363" y="174" a="0" width="60" height="33.45"/>
  <springboardskin x="225" y="164" a="0" width="51" height="10.95"/>
  <littlemouse x="412" y="170" a="0" width="37.35" height="34.3"/>
</scene>