<scene width="740" height="380">
  <timer time="80"/>
  <creator id="1543875"/>
  <bg id="3"/>
  <staticblueskin x="245.5" y="142.5" cx="242" cy="63" a="0" width="7" height="159"/>
  <minkskin x="607" y="364" a="0" width="36" height="27"/>
  <cheeseskin x="727" y="248" a="0" width="27.05" height="22"/>
  <littlemouse x="26" y="218" a="0" width="37.35" height="34.3"/>
  <staticblueskin x="396.5" y="-6.5" cx="-2" cy="-18" a="0" width="797" height="23"/>
  <staticblueskin x="139" y="64.5" cx="86" cy="62" a="0" width="106" height="5"/>
  <staticblueskin x="277" y="64" cx="242" cy="61" a="0" width="70" height="6"/>
  <staticblueskin x="314" y="154" cx="311" cy="140" a="0" width="6" height="28"/>
  <staticblueskin x="84.5" y="116.5" cx="82" cy="62" a="0" width="5" height="109"/>
  <staticblueskin x="-2" y="185" cx="-7" cy="-15" a="0" width="10" height="400"/>
  <staticblueskin x="62.5" y="172" cx="-63" cy="169" a="0" width="251" height="6"/>
  <staticblueskin x="190" y="118.5" cx="186" cy="62" a="0" width="8" height="113"/>
  <staticblueskin x="332" y="265.5" cx="329" cy="105" a="0" width="6" height="321"/>
  <staticblueskin x="319" y="326.5" cx="308" cy="324" a="0" width="22" height="5"/>
  <staticblueskin x="268.5" y="282.5" cx="260" cy="279" a="0" width="17" height="7"/>
  <staticblueskin x="437.5" y="143" cx="332" cy="140" a="0" width="211" height="6"/>
  <staticredskin x="339" y="123.5" cx="336" cy="105" a="0" width="6" height="37"/>
  <staticblueskin x="335.5" y="104.5" cx="329" cy="102" a="0" width="13" height="5"/>
  <staticredskin x="641.375" y="119.625" cx="769" cy="243" a="135" width="6" height="355"/>
  <staticblueskin x="632" y="224" cx="378" cy="221" a="0" width="508" height="6"/>
  <staticblueskin x="416.325" y="386.275" cx="504" cy="469" a="135" width="7" height="241"/>
  <staticblueskin x="456.5" y="398.5" cx="402" cy="374" a="0" width="109" height="49"/>
  <staticblueskin x="531.825" y="362.55" cx="578" cy="329" a="57" width="6" height="114"/>
  <cheeseskin x="319" y="361" a="0" width="27.05" height="22"/>
  <staticblueskin x="262.5" y="379.5" cx="260" cy="375" a="0" width="5" height="9"/>
  <cheeseskin x="39" y="137" a="0" width="27.05" height="22"/>
  <staticredskin x="173" y="141.5" cx="157" cy="139" a="0" width="32" height="5"/>
  <staticredskin x="100.5" y="141" cx="83" cy="138" a="0" width="35" height="6"/>
  <staticredskin x="174" y="91" cx="157" cy="88" a="0" width="34" height="6"/>
  <staticredskin x="101" y="90" cx="86" cy="87" a="0" width="30" height="6"/>
  <ballskin x="173" y="113" a="0" width="25" height="25"/>
  <ballskin x="102" y="115" a="0" width="25" height="25"/>
  <staticblueskin x="55.5" y="239.5" cx="-116" cy="237" a="0" width="343" height="5"/>
  <staticblueskin x="225" y="348" cx="222" cy="237" a="0" width="6" height="222"/>
  <staticblueskin x="259" y="343.5" cx="256" cy="236" a="0" width="6" height="215"/>
  <ballskin x="244" y="349" a="0" width="25" height="25"/>
  <staticredskin x="241" y="380" cx="226" cy="376" a="0" width="30" height="8"/>
  <staticblueskin x="255" y="219.5" cx="243" cy="217" a="0" width="24" height="5"/>
</scene>