<scene width="740" height="380">
  <timer time="60"/>
  <creator id="2948346"/>
  <bg id="1"/>
  <ballskin x="604" y="82" a="0" width="23.8" height="26.05"/>
  <ballskin x="683" y="197" a="0" width="23.8" height="26.05"/>
  <ballskin x="637" y="143" a="0" width="23.8" height="26.05"/>
  <staticskin x="149" y="273.5" cx="120" cy="260" a="0" width="58" height="27"/>
  <staticskin x="217.5" y="241" cx="181" cy="225" a="0" width="73" height="32"/>
  <staticskin x="269.5" y="194.5" cx="239" cy="185" a="0" width="61" height="19"/>
  <staticblueskin x="38" y="282.5" cx="26" cy="275" a="0" width="24" height="15"/>
  <staticblueskin x="10" y="259" cx="1" cy="252" a="0" width="18" height="14"/>
  <staticblueskin x="57" y="219.5" cx="45" cy="211" a="0" width="24" height="17"/>
  <staticblueskin x="83" y="188" cx="72" cy="178" a="0" width="22" height="20"/>
  <staticblueskin x="110.5" y="153.5" cx="96" cy="139" a="0" width="29" height="29"/>
  <staticblueskin x="149" y="114" cx="130" cy="99" a="0" width="38" height="30"/>
  <springboardskin x="148" y="95" a="0" width="51" height="10.95"/>
  <staticskin x="40.5" y="66" cx="18" cy="52" a="0" width="45" height="28"/>
  <cheeseskin x="39" y="40" a="0" width="27.05" height="22"/>
  <ground x="372.5" y="333" cx="47" cy="287" a="0" width="651" height="92"/>
  <littlemouse x="71" y="270" a="0" width="37.35" height="34.3"/>
  <cheeseskin x="395" y="60" a="0" width="27.05" height="22"/>
  <tree2 x="354" y="237" a="0" width="84.85" height="100"/>
  <carriervertical x="641" y="386" linewidth="50" lineheight="200" boxwidth="50" boxheight="20"/>
  <staticredskin x="351.5" y="165" cx="306" cy="158" a="0" width="91" height="14"/>
  <minkskin x="686" y="43" a="0" width="36" height="27"/>
  <tree x="410" y="237" a="0" width="78.35" height="100"/>
  <tree2 x="484" y="235" a="0" width="84.85" height="100"/>
  <staticredskin x="553.5" y="123.5" cx="549" cy="10" a="0" width="9" height="227"/>
  <staticredskin x="643" y="283.5" cx="563" cy="280" a="0" width="160" height="7"/>
  <staticredskin x="723.5" y="140" cx="718" cy="12" a="0" width="11" height="256"/>
  <staticredskin x="640.5" y="14.5" cx="557" cy="10" a="0" width="167" height="9"/>
  <staticskin x="401.5" y="73.5" cx="365" cy="70" a="0" width="73" height="7"/>
  <ballskin x="583" y="148" a="0" width="23.8" height="26.05"/>
  <ballskin x="696" y="139" a="0" width="23.8" height="26.05"/>
  <ballskin x="645" y="218" a="0" width="23.8" height="26.05"/>
  <ballskin x="606" y="156" a="0" width="23.8" height="26.05"/>
  <ballskin x="637" y="100" a="0" width="23.8" height="26.05"/>
  <ballskin x="585" y="109" a="0" width="23.8" height="26.05"/>
  <ballskin x="624" y="202" a="0" width="23.8" height="26.05"/>
</scene>