<scene width="740" height="380">
  <timer time="60"/>
  <creator id="3011146"/>
  <bg id="2"/>
  <staticredskin x="47.5" y="377" cx="-10" cy="374" a="0" width="115" height="6"/>
  <ground x="155" y="376.125" cx="103" cy="373" a="0" width="104" height="6.25"/>
  <ground x="114.05" y="256.5" cx="110" cy="188" a="0" width="8.1" height="137"/>
  <ground x="144.075" y="182.55" cx="109" cy="177" a="0" width="70.15" height="11.1"/>
  <ground x="50.5" y="143.05" cx="-29" cy="140" a="0" width="159" height="6.1"/>
  <ground x="189.675" y="85.5" cx="182" cy="-15" a="0" width="15.35" height="201"/>
  <ground x="117.5" y="93.5" cx="55" cy="89" a="0" width="125" height="9"/>
  <ground x="51" y="51.5" cx="-4" cy="44" a="0" width="110" height="15"/>
  <cheeseskin x="27" y="24" a="0" width="27.05" height="22"/>
  <ground x="287.5" y="376.05" cx="207" cy="373" a="0" width="161" height="6.1"/>
  <staticredskin x="549.5" y="378" cx="370" cy="374" a="0" width="359" height="8"/>
  <ground x="364.05" y="248" cx="357" cy="122" a="0" width="14.1" height="252"/>
  <staticredskin x="587.5" y="376.5" cx="438" cy="374" a="0" width="299" height="5"/>
  <staticredskin x="536.5" y="7.5" cx="376" cy="1" a="0" width="321" height="13"/>
  <staticredskin x="678" y="7.5" cx="617" cy="1" a="0" width="122" height="13"/>
  <ground x="568.025" y="115.5" cx="562" cy="13" a="0" width="12.05" height="205"/>
  <ground x="464.025" y="295" cx="456" cy="219" a="0" width="16.05" height="152"/>
  <ballskin x="413" y="360" a="0" width="25" height="25"/>
  <ground x="652.675" y="281" cx="650" cy="189" a="0" width="5.35" height="184"/>
  <ground x="3.6500000000000004" y="272" cx="-1" cy="140" a="0" width="9.3" height="264"/>
  <ground x="1" y="105.5" cx="-5" cy="3" a="0" width="12" height="205"/>
  <ground x="190" y="3" cx="12" cy="-1" a="0" width="356" height="8"/>
  <ballskin x="510" y="365" a="0" width="25" height="25"/>
  <ballskin x="614" y="359" a="0" width="25" height="25"/>
  <ground x="677.5" y="229" cx="656" cy="226" a="0" width="43" height="6"/>
  <ground x="715" y="279.5" cx="690" cy="276" a="0" width="50" height="7"/>
  <ground x="682" y="337" cx="656" cy="332" a="0" width="52" height="10"/>
  <minkskin x="720" y="359" a="0" width="36" height="27"/>
  <littlemouse x="265" y="359" a="0" width="37.35" height="34.3"/>
  <cactus x="342" y="356" a="0" width="20" height="42.55"/>
  <flowers2 x="675" y="316" a="0" width="60" height="33.45"/>
  <stone x="669" y="215" a="0" width="31.25" height="22.9"/>
  <lpointer x="209" y="356" a="0" width="40" height="33.7"/>
  <rpointer x="123" y="162" a="0" width="40" height="33.7"/>
  <rpointer x="247" y="403" a="0" width="40" height="33.7"/>
  <lpointer x="77" y="123" a="0" width="40" height="33.7"/>
  <rpointer x="116" y="71" a="0" width="40" height="33.7"/>
  <lpointer x="253" y="411" a="0" width="40" height="33.7"/>
  <lpointer x="80" y="29" a="0" width="40" height="33.7"/>
  <rpointer x="293" y="405" a="0" width="40" height="33.7"/>
  <rpointer x="372" y="105" a="0" width="40" height="33.7"/>
  <tree2 x="305" y="324" a="0" width="84.85" height="100"/>
  <rpointer x="463" y="201" a="0" width="40" height="33.7"/>
  <rpointer x="654" y="173" a="0" width="40" height="33.7"/>
</scene>