<scene width="740" height="380">
  <timer time="80"/>
  <creator id="2484382"/>
  <bg id="12"/>
  <staticredskin x="159.5" y="337" cx="112" cy="333" a="0" width="95" height="8"/>
  <cheeseskin x="29" y="220" a="0" width="27.05" height="22"/>
  <minkskin x="716" y="211" a="0" width="36" height="27"/>
  <springboardskin x="717" y="347" a="0" width="51" height="10.95"/>
  <staticblueskin x="416" y="381.5" cx="73" cy="371" a="0" width="686" height="21"/>
  <staticblueskin x="173.22500000000002" y="42.55" cx="251" cy="-43" a="45" width="11" height="231"/>
  <staticblueskin x="449.875" y="64.175" cx="510" cy="-3" a="45" width="10" height="180"/>
  <staticblueskin x="316.125" y="60.650000000000006" cx="384" cy="-15" a="45" width="11" height="203"/>
  <staticblueskin x="-4" y="236" cx="-23" cy="83" a="0" width="38" height="306"/>
  <springboardskin x="42" y="374" a="0" width="51" height="10.95"/>
  <staticblueskin x="172.35000000000002" y="126.7" cx="230" cy="62" a="45" width="10" height="173"/>
  <staticblueskin x="317.3" y="126.05" cx="376" cy="61" a="45" width="9" height="175"/>
  <staticblueskin x="457.375" y="127" cx="515" cy="63" a="45" width="9" height="172"/>
  <staticblueskin x="597.4" y="61.650000000000006" cx="660" cy="-8" a="45" width="10" height="187"/>
  <rpointer x="288" y="408" a="0" width="40" height="33.7"/>
  <rpointer x="288" y="408" a="0" width="40" height="33.7"/>
  <staticblueskin x="603.8" y="132.575" cx="654" cy="76" a="45" width="9" height="151"/>
  <staticblueskin x="698" y="13.5" cx="649" cy="-5" a="0" width="98" height="37"/>
  <lpointer x="485" y="313" a="180" width="40" height="33.7"/>
  <lpointer x="641" y="266" a="180" width="40" height="33.7"/>
  <rpointer x="415" y="212" a="180" width="40" height="33.7"/>
  <rpointer x="225" y="211" a="180" width="40" height="33.7"/>
  <staticblueskin x="333.5" y="188.5" cx="24" cy="183" a="0" width="619" height="11"/>
  <staticskin x="22.5" y="76.5" cx="-8" cy="71" a="0" width="61" height="11"/>
  <littlemouse x="22" y="56" a="0" width="37.35" height="34.3"/>
  <staticredskin x="643.5" y="244" cx="588" cy="239" a="0" width="111" height="10"/>
  <staticredskin x="553" y="270" cx="501" cy="266" a="0" width="104" height="8"/>
  <staticredskin x="445.5" y="290.5" cx="392" cy="286" a="0" width="107" height="9"/>
  <staticredskin x="346" y="304" cx="301" cy="300" a="0" width="90" height="8"/>
  <staticredskin x="253" y="322" cx="204" cy="318" a="0" width="98" height="8"/>
</scene>