<scene width="740" height="380">
  <timer time="60"/>
  <creator id="2767512"/>
  <bg id="7"/>
  <staticblueskin x="489.5" y="253" cx="383" cy="249" a="0" width="213" height="8"/>
  <staticredskin x="662.5" y="371.5" cx="620" cy="369" a="0" width="85" height="5"/>
  <staticblueskin x="584" y="1" cx="398" cy="-5" a="0" width="372" height="12"/>
  <tree2 x="724" y="318" a="0" width="84.85" height="100"/>
  <flowers1 x="561" y="226" a="0" width="60" height="58.2"/>
  <flowers2 x="497" y="154" a="0" width="60" height="33.45"/>
  <flowers2 x="559" y="150" a="0" width="60" height="33.45"/>
  <springboardskin x="324" y="364" a="0" width="51" height="10.95"/>
  <staticblueskin x="246.5" y="137.5" cx="170" cy="135" a="0" width="153" height="5"/>
  <littlemouse x="99" y="63" a="0" width="37.35" height="34.3"/>
  <minkskin x="561" y="232" a="0" width="36" height="27"/>
  <staticskin x="4.5" y="374.5" cx="-341" cy="369" a="0" width="691" height="11"/>
  <staticblueskin x="157" y="125" cx="152" cy="111" a="0" width="10" height="28"/>
  <staticskin x="655" y="376.5" cx="455" cy="370" a="0" width="400" height="13"/>
  <cheeseskin x="75" y="338" a="0" width="27.05" height="22"/>
  <staticblueskin x="75" y="91.5" cx="-2" cy="84" a="0" width="154" height="15"/>
  <staticblueskin x="188.5" y="-2" cx="-82" cy="-10" a="0" width="541" height="16"/>
  <staticblueskin x="392" y="154" cx="317" cy="150" a="0" width="150" height="8"/>
  <staticblueskin x="537.5" y="169.5" cx="475" cy="165" a="0" width="125" height="9"/>
  <staticblueskin x="600" y="245" cx="597" cy="196" a="0" width="6" height="98"/>
  <staticblueskin x="600" y="366" cx="596" cy="354" a="0" width="8" height="24"/>
</scene>