<scene width="740" height="380">
  <timer time="40"/>
  <creator id="2657094"/>
  <bg id="3"/>
  <cheeseskin x="446" y="347" a="0" width="27.05" height="22"/>
  <staticskin x="427" y="187.5" cx="378" cy="181" a="0" width="98" height="13"/>
  <staticskin x="475.5" y="106" cx="452" cy="101" a="0" width="47" height="10"/>
  <staticskin x="705" y="118" cx="675" cy="114" a="0" width="60" height="8"/>
  <staticskin x="647" y="99.5" cx="618" cy="95" a="0" width="58" height="9"/>
  <staticskin x="600.5" y="81.5" cx="570" cy="77" a="0" width="61" height="9"/>
  <staticskin x="561" y="63.5" cx="527" cy="60" a="0" width="68" height="7"/>
  <cheeseskin x="713" y="325" a="0" width="27.05" height="22"/>
  <cheeseskin x="209" y="339" a="0" width="27.05" height="22"/>
  <minkskin x="721" y="179" a="0" width="36" height="27"/>
  <staticskin x="306" y="44.5" cx="43" cy="40" a="0" width="526" height="9"/>
  <staticskin x="616.5" y="210" cx="612" cy="102" a="0" width="9" height="216"/>
  <staticskin x="519" y="148" cx="481" cy="144" a="0" width="76" height="8"/>
  <staticskin x="577" y="193.5" cx="544" cy="189" a="0" width="66" height="9"/>
  <staticskin x="517" y="237.5" cx="483" cy="231" a="0" width="68" height="13"/>
  <staticskin x="583" y="285.5" cx="552" cy="281" a="0" width="62" height="9"/>
  <staticskin x="515.5" y="325.5" cx="482" cy="320" a="0" width="67" height="11"/>
  <staticskin x="706.5" y="351" cx="687" cy="346" a="0" width="39" height="10"/>
  <staticskin x="642.5" y="316.5" cx="622" cy="313" a="0" width="41" height="7"/>
  <staticskin x="715.5" y="291.5" cx="693" cy="289" a="0" width="45" height="5"/>
  <staticskin x="739.5" y="262" cx="711" cy="259" a="0" width="57" height="6"/>
  <staticskin x="644.5" y="247" cx="613" cy="242" a="0" width="63" height="10"/>
  <staticskin x="717.5" y="202" cx="692" cy="198" a="0" width="51" height="8"/>
  <littlemouse x="710" y="90" a="0" width="37.35" height="34.3"/>
  <lpointer x="554" y="23" a="0" width="40" height="33.7"/>
  <rpointer x="47" y="105" a="0" width="40" height="33.7"/>
  <rpointer x="83" y="287" a="0" width="40" height="33.7"/>
  <rpointer x="322" y="287" a="0" width="40" height="33.7"/>
  <rpointer x="525" y="126" a="0" width="40" height="33.7"/>
  <springboardskin x="708" y="110" a="0" width="51" height="10.95"/>
  <staticskin x="369" y="371.5" cx="3" cy="365" a="0" width="732" height="13"/>
  <staticskin x="478" y="234.5" cx="475" cy="103" a="0" width="6" height="263"/>
  <staticskin x="295" y="232.5" cx="292" cy="98" a="0" width="6" height="269"/>
  <staticskin x="31" y="127.5" cx="0" cy="122" a="0" width="62" height="11"/>
  <staticskin x="140.5" y="172" cx="107" cy="166" a="0" width="67" height="12"/>
  <staticskin x="256.5" y="143.5" cx="221" cy="137" a="0" width="71" height="13"/>
  <staticskin x="140" y="227.5" cx="107" cy="221" a="0" width="66" height="13"/>
  <staticskin x="106.5" y="318.5" cx="71" cy="310" a="0" width="71" height="17"/>
  <boxskin x="375" y="339" a="0" width="50" height="50"/>
  <boxskin x="324" y="339" a="0" width="50" height="50"/>
  <boxskin x="266" y="338" a="0" width="50" height="50"/>
  <staticskin x="451.5" y="127.5" cx="428" cy="123" a="0" width="47" height="9"/>
  <staticskin x="413" y="222" cx="351" cy="217" a="0" width="124" height="10"/>
  <staticskin x="273.5" y="105" cx="255" cy="99" a="0" width="37" height="12"/>
  <staticskin x="439" y="152.5" cx="402" cy="146" a="0" width="74" height="13"/>
</scene>