<scene width="740" height="380">
  <timer time="80"/>
  <creator id="2037479"/>
  <bg id="2"/>
  <staticblueskin x="93" y="136" cx="84" cy="128" a="0" width="18" height="16"/>
  <staticblueskin x="75.5" y="155" cx="67" cy="146" a="0" width="17" height="18"/>
  <staticskin x="47" y="227" cx="35" cy="219" a="0" width="24" height="16"/>
  <staticblueskin x="635.5" y="338.5" cx="533" cy="333" a="0" width="205" height="11"/>
  <staticredskin x="646" y="322.5" cx="554" cy="317" a="0" width="184" height="11"/>
  <staticblueskin x="627" y="305" cx="517" cy="299" a="0" width="220" height="12"/>
  <stone x="396" y="24" a="0" width="31.25" height="22.9"/>
  <cheeseskin x="39" y="40" a="0" width="27.05" height="22"/>
  <minkskin x="340" y="83" a="0" width="36" height="27"/>
  <littlemouse x="562" y="284" a="0" width="37.35" height="34.3"/>
  <staticblueskin x="585.5" y="285.5" cx="582" cy="272" a="0" width="7" height="27"/>
  <lpointer x="671" y="39" a="0" width="40" height="33.7"/>
  <rpointer x="507" y="409" a="0" width="40" height="33.7"/>
  <staticskin x="557" y="156.5" cx="553" cy="135" a="0" width="8" height="43"/>
  <staticskin x="538" y="158.5" cx="534" cy="139" a="0" width="8" height="39"/>
  <carriervertical x="360" y="168" linewidth="50" lineheight="200" boxwidth="50" boxheight="20"/>
  <staticblueskin x="487" y="316.5" cx="477" cy="308" a="0" width="20" height="17"/>
  <staticblueskin x="434.5" y="324.5" cx="414" cy="310" a="0" width="41" height="29"/>
  <staticskin x="287.5" y="64.5" cx="284" cy="2" a="0" width="7" height="125"/>
  <staticskin x="338.5" y="122" cx="291" cy="118" a="0" width="95" height="8"/>
  <staticskin x="328" y="4" cx="292" cy="1" a="0" width="72" height="6"/>
  <staticskin x="407" y="102.5" cx="322" cy="96" a="0" width="170" height="13"/>
  <staticskin x="367" y="26.5" cx="363" cy="1" a="0" width="8" height="51"/>
  <staticskin x="483" y="48" cx="371" cy="44" a="0" width="224" height="8"/>
  <staticskin x="598.5" y="119" cx="594" cy="44" a="0" width="9" height="150"/>
  <staticredskin x="669" y="289" cx="601" cy="284" a="0" width="136" height="10"/>
  <staticskin x="733.5" y="114.5" cx="729" cy="42" a="0" width="9" height="145"/>
  <staticskin x="673.5" y="137" cx="668" cy="61" a="0" width="11" height="152"/>
  <staticskin x="503.5" y="186.5" cx="403" cy="179" a="0" width="201" height="15"/>
  <staticskin x="17" y="282" cx="5" cy="185" a="0" width="24" height="194"/>
  <staticskin x="111" y="301.5" cx="102" cy="226" a="0" width="18" height="151"/>
  <staticskin x="88" y="276" cx="78" cy="268" a="0" width="20" height="16"/>
  <staticskin x="173.5" y="264" cx="162" cy="255" a="0" width="23" height="18"/>
  <staticskin x="223" y="296" cx="213" cy="214" a="0" width="20" height="164"/>
  <staticskin x="262.5" y="241" cx="249" cy="231" a="0" width="27" height="20"/>
  <staticskin x="297.5" y="280.5" cx="284" cy="270" a="0" width="27" height="21"/>
  <staticblueskin x="137" y="11" cx="5" cy="4" a="0" width="264" height="14"/>
  <staticblueskin x="10.5" y="95.5" cx="4" cy="27" a="0" width="13" height="137"/>
  <staticskin x="560" y="2.5" cx="381" cy="-1" a="0" width="358" height="7"/>
  <staticblueskin x="108" y="67" cx="17" cy="61" a="0" width="182" height="12"/>
  <staticblueskin x="191.5" y="121" cx="101" cy="115" a="0" width="181" height="12"/>
  <stone x="42" y="43" a="0" width="31.25" height="22.9"/>
  <stone x="398" y="31" a="0" width="31.25" height="22.9"/>
</scene>