<scene width="740" height="380">
  <timer time="80"/>
  <creator id="1421557"/>
  <bg id="8"/>
  <staticskin x="562.5" y="202.5" cx="453" cy="199" a="0" width="219" height="7"/>
  <staticskin x="4" y="180" cx="-2" cy="-22" a="0" width="12" height="404"/>
  <staticskin x="730.5" y="192.5" cx="721" cy="-10" a="0" width="19" height="405"/>
  <staticskin x="374.5" y="24.5" cx="78" cy="20" a="0" width="593" height="9"/>
  <staticskin x="636" y="73.5" cx="524" cy="69" a="0" width="224" height="9"/>
  <staticskin x="572" y="118.5" cx="466" cy="115" a="0" width="212" height="7"/>
  <staticskin x="678.5" y="159.5" cx="577" cy="156" a="0" width="203" height="7"/>
  <staticskin x="367.5" y="374.5" cx="9" cy="368" a="0" width="717" height="13"/>
  <littlemouse x="355" y="4" a="0" width="37.35" height="34.3"/>
  <minkskin x="697" y="349" a="0" width="36" height="27"/>
  <staticskin x="155.5" y="69" cx="-13" cy="64" a="0" width="337" height="10"/>
  <staticskin x="212" y="119.5" cx="68" cy="115" a="0" width="288" height="9"/>
  <staticskin x="323" y="285.5" cx="9" cy="281" a="0" width="628" height="9"/>
  <staticskin x="412.5" y="328" cx="103" cy="324" a="0" width="619" height="8"/>
  <lpointer x="238" y="16" a="0" width="40" height="33.7"/>
  <rpointer x="522" y="12" a="0" width="40" height="33.7"/>
  <lpointer x="616" y="141" a="0" width="40" height="33.7"/>
  <lpointer x="280" y="407" a="0" width="40" height="33.7"/>
  <rpointer x="255" y="143" a="0" width="40" height="33.7"/>
  <cheeseskin x="451" y="138" a="0" width="27.05" height="22"/>
  <cheeseskin x="405" y="139" a="0" width="27.05" height="22"/>
  <cheeseskin x="448" y="181" a="0" width="27.05" height="22"/>
  <cheeseskin x="402" y="180" a="0" width="27.05" height="22"/>
  <staticskin x="425.5" y="161.5" cx="423" cy="80" a="0" width="5" height="163"/>
  <staticskin x="426.5" y="202.5" cx="353" cy="200" a="0" width="147" height="5"/>
  <staticskin x="473.5" y="159.5" cx="471" cy="94" a="0" width="5" height="131"/>
  <staticskin x="426.5" y="161" cx="340" cy="158" a="0" width="173" height="6"/>
  <staticskin x="429.5" y="119.5" cx="357" cy="115" a="0" width="145" height="9"/>
  <staticskin x="382.5" y="122" cx="380" cy="87" a="0" width="5" height="70"/>
  <staticskin x="381.5" y="219" cx="379" cy="207" a="0" width="5" height="24"/>
  <staticskin x="283" y="203.5" cx="112" cy="200" a="0" width="342" height="7"/>
  <staticskin x="127" y="165" cx="0" cy="161" a="0" width="254" height="8"/>
  <stone x="705" y="60" a="0" width="31.25" height="22.9"/>
  <stone x="28" y="56" a="0" width="31.25" height="22.9"/>
</scene>