<scene width="740" height="380">
  <timer time="60"/>
  <creator id="710583"/>
  <bg id="7"/>
  <ground x="332.525" y="228.5" cx="321" cy="68" a="0" width="23.05" height="321"/>
  <carriervertical x="376" y="93" linewidth="50" lineheight="200" boxwidth="50" boxheight="20"/>
  <littlemouse x="332" y="22" a="0" width="37.35" height="34.3"/>
  <carriervertical x="285" y="92" linewidth="50" lineheight="200" boxwidth="50" boxheight="20"/>
  <minkskin x="331" y="42" a="0" width="36" height="27"/>
  <carrierhorizontal x="562" y="404" linewidth="300" lineheight="20" boxwidth="50" boxheight="20"/>
  <ground x="643" y="73.5" cx="603" cy="65" a="0" width="80" height="17"/>
  <ground x="63" y="89" cx="14" cy="79" a="0" width="98" height="20"/>
  <cheeseskin x="61" y="57" a="0" width="27.05" height="22"/>
  <cheeseskin x="640" y="43" a="0" width="27.05" height="22"/>
  <flowers2 x="705" y="250" a="0" width="60" height="33.45"/>
  <flowers1 x="634" y="282" a="0" width="60" height="58.2"/>
  <bush x="572" y="303" a="0" width="59.4" height="32.3"/>
  <flowers2 x="511" y="318" a="0" width="60" height="33.45"/>
  <flowers1 x="450" y="322" a="0" width="60" height="58.2"/>
  <cactus x="333" y="408" a="0" width="20" height="42.55"/>
  <bush x="394" y="328" a="0" width="59.4" height="32.3"/>
  <groundblue x="183" y="351.025" cx="126" cy="335" a="0" width="114" height="32.05"/>
  <groundblue x="553.5" y="355.025" cx="506" cy="338" a="0" width="95" height="34.05"/>
  <springboardskin x="572" y="285" a="0" width="51" height="10.95"/>
  <springboardskin x="627" y="225" a="0" width="51" height="10.95"/>
  <springboardskin x="694" y="182" a="0" width="51" height="10.95"/>
  <springboardskin x="735" y="112" a="0" width="51" height="10.95"/>
  <staticskin x="531.5" y="110.5" cx="481" cy="107" a="0" width="101" height="7"/>
  <staticskin x="187.5" y="108.5" cx="140" cy="105" a="0" width="95" height="7"/>
  <boxskin x="147" y="307" a="0" width="50" height="50"/>
  <boxskin x="148" y="259" a="0" width="50" height="50"/>
  <boxskin x="148" y="207" a="0" width="50" height="50"/>
  <boxskin x="147" y="157" a="0" width="50" height="50"/>
  <boxskin x="206" y="308" a="0" width="50" height="50"/>
  <boxskin x="206" y="258" a="0" width="50" height="50"/>
  <boxskin x="205" y="211" a="0" width="50" height="50"/>
  <boxskin x="207" y="159" a="0" width="50" height="50"/>
  <rpointer x="513" y="86" a="0" width="40" height="33.7"/>
  <lpointer x="179" y="84" a="0" width="40" height="33.7"/>
  <ground x="476.6" y="86" cx="473" cy="43" a="0" width="7.2" height="86"/>
  <rpointer x="398" y="42" a="0" width="40" height="33.7"/>
  <lpointer x="280" y="38" a="0" width="40" height="33.7"/>
</scene>