<scene width="740" height="380">
  <timer time="60"/>
  <creator id="3017950"/>
  <bg id="12"/>
  <ground x="589.5" y="298.125" cx="574" cy="295" a="0" width="31" height="6.25"/>
  <cheeseskin x="319" y="152" a="0" width="27.05" height="22"/>
  <cheeseskin x="598" y="321" a="0" width="27.05" height="22"/>
  <flowers2 x="278" y="309" a="0" width="60" height="33.45"/>
  <ground x="730.5" y="188" cx="723" cy="0" a="0" width="15" height="376"/>
  <ground x="348" y="-0.4500000000000002" cx="4" cy="-4" a="0" width="688" height="7.1"/>
  <ground x="708" y="-2" cx="683" cy="-7" a="0" width="50" height="10"/>
  <ground x="0.5499999999999998" y="187" cx="-4" cy="0" a="0" width="9.1" height="374"/>
  <ground x="151" y="48" cx="74" cy="45" a="0" width="154" height="6"/>
  <ground x="645" y="44.6" cx="568" cy="41" a="0" width="154" height="7.2"/>
  <ground x="239.6" y="50.5" cx="236" cy="34" a="0" width="7.2" height="33"/>
  <ground x="549" y="51.525" cx="545" cy="35" a="0" width="8" height="33.05"/>
  <littlemouse x="640" y="24" a="0" width="37.35" height="34.3"/>
  <lpointer x="310" y="25" a="0" width="40" height="33.7"/>
  <groundred x="482.75" y="329.775" cx="475" cy="321" a="0" width="16.5" height="18.55"/>
  <ground x="554.5" y="336.6" cx="538" cy="333" a="0" width="33" height="7.2"/>
  <ground x="515.025" y="288" cx="498" cy="285" a="0" width="34.05" height="6"/>
  <ground x="553.525" y="244" cx="535" cy="240" a="0" width="37.05" height="8"/>
  <ground x="510.025" y="205.5" cx="491" cy="202" a="0" width="38.05" height="7"/>
  <ground x="554.025" y="167" cx="536" cy="163" a="0" width="36.05" height="8"/>
  <ground x="307.5" y="171.575" cx="278" cy="167" a="0" width="59" height="9.15"/>
  <ground x="302" y="46.575" cx="252" cy="42" a="0" width="100" height="9.15"/>
  <ground x="483" y="41.6" cx="432" cy="38" a="0" width="102" height="7.2"/>
  <ground x="347" y="181.5" cx="343" cy="52" a="0" width="8" height="259"/>
  <ground x="434.5" y="162.5" cx="429" cy="34" a="0" width="11" height="257"/>
  <carriervertical x="396" y="10" linewidth="50" lineheight="350" boxwidth="50" boxheight="20"/>
  <ground x="79" y="171.5" cx="73" cy="46" a="0" width="12" height="251"/>
  <carriervertical x="41" y="14" linewidth="50" lineheight="350" boxwidth="50" boxheight="20"/>
  <ground x="346.5" y="322" cx="341" cy="300" a="0" width="11" height="44"/>
  <ground x="495" y="204.5" cx="490" cy="80" a="0" width="10" height="249"/>
  <ground x="537" y="105.55" cx="499" cy="102" a="0" width="76" height="7.1"/>
  <ground x="569.05" y="224" cx="564" cy="103" a="0" width="10.1" height="242"/>
  <ground x="606" y="338.55" cx="566" cy="335" a="0" width="80" height="7.1"/>
  <ground x="637" y="220.5" cx="629" cy="101" a="0" width="16" height="239"/>
  <groundred x="586.325" y="143.75" cx="578" cy="136" a="0" width="17.65" height="16.5"/>
  <ground x="707" y="142.05" cx="690" cy="137" a="0" width="34" height="10.1"/>
  <ground x="661.525" y="192.5" cx="643" cy="188" a="0" width="37.05" height="9"/>
  <ground x="704.525" y="251" cx="688" cy="247" a="0" width="33.05" height="8"/>
  <ground x="661.525" y="307" cx="643" cy="302" a="0" width="37.05" height="10"/>
  <ground x="686.5" y="379.5" cx="646" cy="376" a="0" width="81" height="7"/>
  <ground x="668.025" y="327" cx="648" cy="323" a="0" width="40.05" height="8"/>
  <minkskin x="671" y="354" a="0" width="36" height="27"/>
  <ground x="650.55" y="354.05" cx="647" cy="331" a="0" width="7.1" height="46.1"/>
  <ground x="442" y="376.5" cx="309" cy="371" a="0" width="266" height="11"/>
  <ground x="61.5" y="374.05" cx="-5" cy="369" a="0" width="133" height="10.1"/>
  <groundred x="127.75" y="342.8" cx="119" cy="333" a="0" width="18.5" height="20.6"/>
  <ground x="140.5" y="224" cx="136" cy="99" a="0" width="9" height="250"/>
  <ground x="628" y="166.5" cx="622" cy="131" a="0" width="12" height="71"/>
  <ground x="193" y="223" cx="188" cy="97" a="0" width="10" height="252"/>
  <groundred x="170.3" y="321.25" cx="161" cy="312" a="0" width="19.6" height="19.5"/>
  <ground x="166.5" y="363.5" cx="136" cy="360" a="0" width="61" height="7"/>
  <carriervertical x="238" y="104" linewidth="50" lineheight="200" boxwidth="50" boxheight="20"/>
  <ground x="266" y="331.55" cx="226" cy="328" a="0" width="80" height="7.1"/>
  <cheeseskin x="531" y="126" a="0" width="27.05" height="22"/>
  <ground x="316.5" y="133" cx="274" cy="129" a="0" width="85" height="8"/>
  <groundblue x="281.25" y="215.3" cx="274" cy="207" a="0" width="15.5" height="17.6"/>
  <groundblue x="290.8" y="223.75" cx="282" cy="216" a="0" width="18.6" height="16.5"/>
  <groundblue x="307.75" y="231.8" cx="294" cy="225" a="0" width="28.5" height="14.6"/>
  <groundblue x="323.3" y="226.25" cx="316" cy="218" a="0" width="15.6" height="17.5"/>
  <ground x="588.6" y="219.5" cx="585" cy="147" a="0" width="7.2" height="145"/>
</scene>