<scene width="740" height="567">
  <timer time="60"/>
  <creator id="816977"/>
  <bg id="12"/>
  <staticblueskin x="252.5" y="261.5" cx="250" cy="230" a="0" width="5" height="63"/>
  <staticblueskin x="278.5" y="258.5" cx="256" cy="255" a="0" width="45" height="7"/>
  <staticblueskin x="304" y="229.5" cx="301" cy="197" a="0" width="6" height="65"/>
  <flowers1 x="279" y="241" a="0" width="60" height="58.2"/>
  <flowers1 x="221" y="277" a="0" width="60" height="58.2"/>
  <staticblueskin x="660" y="329.5" cx="647" cy="317" a="0" width="26" height="25"/>
  <staticblueskin x="595" y="278.5" cx="582" cy="265" a="0" width="26" height="27"/>
  <staticblueskin x="677.5" y="206" cx="674" cy="35" a="0" width="7" height="342"/>
  <staticblueskin x="658.5" y="220.5" cx="644" cy="206" a="0" width="29" height="29"/>
  <staticblueskin x="598" y="169" cx="583" cy="155" a="0" width="30" height="28"/>
  <staticblueskin x="660.5" y="115.5" cx="646" cy="101" a="0" width="29" height="29"/>
  <tree2 x="590" y="213" a="0" width="84.85" height="100"/>
  <flowers2 x="656" y="86" a="0" width="60" height="33.45"/>
  <bush x="711" y="309" a="0" width="59.4" height="32.3"/>
  <bush x="709" y="248" a="0" width="59.4" height="32.3"/>
  <bush x="708" y="180" a="0" width="59.4" height="32.3"/>
  <bush x="707" y="119" a="0" width="59.4" height="32.3"/>
  <flowers1 x="707" y="155" a="0" width="60" height="58.2"/>
  <flowers1 x="706" y="216" a="0" width="60" height="58.2"/>
  <flowers1 x="705" y="280" a="0" width="60" height="58.2"/>
  <boxskin x="364" y="416" a="0" width="50" height="50"/>
  <cactus x="141" y="352" a="0" width="20" height="42.55"/>
  <springboardskin x="385" y="322" a="0" width="51" height="10.95"/>
  <springboardskin x="385" y="323" a="0" width="51" height="10.95"/>
  <staticblueskin x="599.5" y="63" cx="583" cy="49" a="0" width="33" height="28"/>
  <staticredskin x="735" y="40" cx="730" cy="36" a="0" width="10" height="8"/>
  <staticredskin x="311.5" y="178" cx="304" cy="171" a="0" width="15" height="14"/>
  <minkskin x="710" y="360" a="0" width="36" height="27"/>
  <cheeseskin x="349" y="104" a="0" width="27.05" height="22"/>
  <staticblueskin x="187.5" y="123.5" cx="185" cy="101" a="0" width="5" height="45"/>
  <littlemouse x="122" y="30" a="0" width="37.35" height="34.3"/>
  <staticredskin x="687" y="40" cx="681" cy="36" a="0" width="12" height="8"/>
  <tree x="465" y="319" a="0" width="78.35" height="100"/>
  <flowers2 x="311" y="351" a="0" width="60" height="33.45"/>
  <flowers2 x="400" y="355" a="0" width="60" height="33.45"/>
  <flowers1 x="354" y="355" a="0" width="60" height="58.2"/>
  <staticblueskin x="118.5" y="210.5" cx="115" cy="44" a="0" width="7" height="333"/>
  <staticblueskin x="362.5" y="12" cx="144" cy="8" a="0" width="437" height="8"/>
  <staticblueskin x="578.5" y="169.5" cx="575" cy="7" a="0" width="7" height="325"/>
  <staticblueskin x="365" y="373.5" cx="124" cy="370" a="0" width="482" height="7"/>
  <staticblueskin x="196.5" y="62" cx="124" cy="59" a="0" width="145" height="6"/>
  <staticblueskin x="321" y="125.5" cx="318" cy="59" a="0" width="6" height="133"/>
  <staticblueskin x="254.5" y="189" cx="185" cy="185" a="0" width="139" height="8"/>
  <staticblueskin x="187.5" y="161.5" cx="185" cy="132" a="0" width="5" height="59"/>
  <staticblueskin x="249" y="131.5" cx="218" cy="128" a="0" width="62" height="7"/>
  <staticblueskin x="276.5" y="97.5" cx="273" cy="61" a="0" width="7" height="73"/>
  <staticblueskin x="193.5" y="240.5" cx="190" cy="188" a="0" width="7" height="105"/>
  <staticblueskin x="275.5" y="355" cx="271" cy="329" a="0" width="9" height="52"/>
  <staticblueskin x="342.5" y="333" cx="271" cy="329" a="0" width="143" height="8"/>
  <staticblueskin x="411" y="278" cx="406" cy="221" a="0" width="10" height="114"/>
  <staticblueskin x="553.525" y="111.75" cx="569" cy="19" a="11" width="5" height="188"/>
  <staticblueskin x="489" y="201" cx="439" cy="197" a="0" width="100" height="8"/>
  <staticblueskin x="321.5" y="41" cx="319" cy="20" a="0" width="5" height="42"/>
  <staticblueskin x="367" y="126.5" cx="326" cy="123" a="0" width="82" height="7"/>
  <staticblueskin x="417.5" y="136" cx="413" cy="132" a="0" width="9" height="8"/>
  <staticblueskin x="431" y="147" cx="427" cy="143" a="0" width="8" height="8"/>
  <staticblueskin x="223.5" y="291.5" cx="195" cy="288" a="0" width="57" height="7"/>
</scene>