<scene width="740" height="380">
  <timer time="60"/>
  <creator id="1800528"/>
  <bg id="4"/>
  <ballskin x="387" y="253" a="0" width="23.8" height="26.05"/>
  <carrierhorizontal x="305" y="343" linewidth="300" lineheight="20" boxwidth="50" boxheight="20"/>
  <carrierhorizontal x="392" y="301" linewidth="300" lineheight="20" boxwidth="50" boxheight="20"/>
  <carrierhorizontal x="429" y="311" linewidth="300" lineheight="20" boxwidth="50" boxheight="20"/>
  <springboardskin x="459" y="296" a="0" width="51" height="10.95"/>
  <carriervertical x="619" y="214" linewidth="50" lineheight="200" boxwidth="50" boxheight="20"/>
  <carrierhorizontal x="264" y="318" linewidth="300" lineheight="20" boxwidth="50" boxheight="20"/>
  <carriervertical x="254" y="309" linewidth="50" lineheight="200" boxwidth="50" boxheight="20"/>
  <carriervertical x="336" y="262" linewidth="50" lineheight="200" boxwidth="50" boxheight="20"/>
  <carrierhorizontal x="387" y="359" linewidth="300" lineheight="20" boxwidth="50" boxheight="20"/>
  <carriervertical x="329" y="310" linewidth="50" lineheight="200" boxwidth="50" boxheight="20"/>
  <carrierhorizontal x="541" y="213" linewidth="300" lineheight="20" boxwidth="50" boxheight="20"/>
  <minkskin x="616" y="198" a="0" width="36" height="27"/>
  <carrierhorizontal x="237" y="269" linewidth="300" lineheight="20" boxwidth="50" boxheight="20"/>
  <carriervertical x="367" y="334" linewidth="50" lineheight="200" boxwidth="50" boxheight="20"/>
  <carrierhorizontal x="390" y="332" linewidth="300" lineheight="20" boxwidth="50" boxheight="20"/>
  <cheeseskin x="261" y="242" a="0" width="27.05" height="22"/>
  <littlemouse x="387" y="249" a="0" width="37.35" height="34.3"/>
  <carrierhorizontal x="355" y="319" linewidth="300" lineheight="20" boxwidth="50" boxheight="20"/>
  <boxskin x="384" y="286" a="0" width="50" height="50"/>
</scene>