<scene width="740" height="380">
  <timer time="80"/>
  <creator id="898340"/>
  <bg id="12"/>
  <staticredskin x="60.5" y="369.5" cx="44" cy="362" a="0" width="33" height="15"/>
  <staticskin x="184" y="361.5" cx="174" cy="340" a="0" width="20" height="43"/>
  <springboardskin x="245" y="332" a="0" width="51" height="10.95"/>
  <staticblueskin x="322.5" y="310" cx="320" cy="276" a="0" width="5" height="68"/>
  <groundblue x="529.25" y="285.75" cx="390" cy="282" a="0" width="279.5" height="8.5"/>
  <groundred x="517.25" y="365.775" cx="296" cy="360" a="0" width="443.5" height="12.55"/>
  <staticskin x="100.5" y="74" cx="43" cy="62" a="0" width="115" height="24"/>
  <staticredskin x="194.5" y="46" cx="186" cy="39" a="0" width="17" height="14"/>
  <minkskin x="704" y="340" a="0" width="36" height="27"/>
  <cheeseskin x="43" y="263" a="0" width="27.05" height="22"/>
  <littlemouse x="62" y="46" a="0" width="37.35" height="34.3"/>
  <staticblueskin x="297.5" y="73" cx="240" cy="67" a="0" width="115" height="12"/>
  <staticskin x="462.5" y="81" cx="391" cy="76" a="0" width="143" height="10"/>
  <lpointer x="241" y="399" a="0" width="40" height="33.7"/>
  <lpointer x="269" y="49" a="0" width="40" height="33.7"/>
  <staticblueskin x="194" y="161" cx="128" cy="158" a="0" width="132" height="6"/>
  <carrierhorizontal x="399" y="140" linewidth="300" lineheight="20" boxwidth="50" boxheight="20"/>
  <springboardskin x="333" y="176" a="0" width="51" height="10.95"/>
  <staticblueskin x="109" y="266.5" cx="102" cy="202" a="0" width="14" height="129"/>
</scene>