<scene width="740" height="380">
  <timer time="40"/>
  <creator id="1747409"/>
  <bg id="6"/>
  <ballskin x="456" y="344" a="0" width="25" height="25"/>
  <ballskin x="405" y="344" a="0" width="25" height="25"/>
  <ballskin x="338" y="345" a="0" width="25" height="25"/>
  <ballskin x="260" y="326" a="0" width="25" height="25"/>
  <ballskin x="192" y="350" a="0" width="25" height="25"/>
  <ballskin x="161" y="357" a="0" width="25" height="25"/>
  <cheeseskin x="30" y="362" a="0" width="27.05" height="22"/>
  <littlemouse x="27" y="356" a="0" width="37.35" height="34.3"/>
  <groundblue x="158.25" y="397.25" cx="-207" cy="373" a="0" width="731.5" height="49.5"/>
  <minkskin x="719" y="364" a="0" width="36" height="27"/>
  <ballskin x="376" y="318" a="0" width="25" height="25"/>
</scene>