<scene width="740" height="380">
  <timer time="60"/>
  <creator id="1192663"/>
  <bg id="3"/>
  <staticblueskin x="387" y="169.5" cx="383" cy="-3" a="0" width="8" height="345"/>
  <staticblueskin x="487" y="225" cx="482" cy="71" a="0" width="10" height="308"/>
  <staticblueskin x="464.5" y="336" cx="447" cy="331" a="0" width="35" height="10"/>
  <staticblueskin x="411" y="286.5" cx="392" cy="282" a="0" width="38" height="9"/>
  <staticblueskin x="461.5" y="213.5" cx="443" cy="210" a="0" width="37" height="7"/>
  <staticblueskin x="414.5" y="158" cx="395" cy="151" a="0" width="39" height="14"/>
  <staticblueskin x="474" y="114.5" cx="468" cy="112" a="0" width="12" height="5"/>
  <staticredskin x="582" y="329.5" cx="522" cy="324" a="0" width="120" height="11"/>
  <staticskin x="720.5" y="145" cx="700" cy="140" a="0" width="41" height="10"/>
  <cheeseskin x="727" y="127" a="0" width="27.05" height="22"/>
  <minkskin x="26" y="348" a="0" width="36" height="27"/>
  <staticblueskin x="314" y="372.5" cx="186" cy="368" a="0" width="256" height="9"/>
  <staticblueskin x="254.5" y="208.5" cx="247" cy="49" a="0" width="15" height="319"/>
  <groundblue x="287.5" y="328.5" cx="263" cy="323" a="0" width="49" height="11"/>
  <groundblue x="356" y="276.5" cx="332" cy="271" a="0" width="48" height="11"/>
  <groundblue x="288" y="219.05" cx="263" cy="216" a="0" width="50" height="6.1"/>
  <groundblue x="351.5" y="169.5" cx="324" cy="165" a="0" width="55" height="9"/>
  <groundblue x="287.5" y="118.5" cx="264" cy="114" a="0" width="47" height="9"/>
  <groundblue x="351" y="60" cx="321" cy="55" a="0" width="60" height="10"/>
  <staticblueskin x="132.5" y="355.5" cx="129" cy="352" a="0" width="7" height="7"/>
  <staticblueskin x="97.5" y="355" cx="87" cy="349" a="0" width="21" height="12"/>
  <littlemouse x="293" y="308" a="0" width="37.35" height="34.3"/>
  <rpointer x="316" y="360" a="0" width="40" height="33.7"/>
  <lpointer x="210" y="356" a="0" width="40" height="33.7"/>
</scene>