<scene width="740" height="380">
  <timer time="60"/>
  <creator id="2776147"/>
  <bg id="3"/>
  <springboardskin x="242" y="105" a="0" width="51" height="10.95"/>
  <springboardskin x="89" y="102" a="0" width="51" height="10.95"/>
  <littlemouse x="718" y="319" a="0" width="37.35" height="34.3"/>
  <carriervertical x="329" y="177" linewidth="50" lineheight="200" boxwidth="50" boxheight="20"/>
  <boxskin x="466" y="315" a="0" width="50" height="50"/>
  <groundblue x="704.5" y="368.05" cx="672" cy="361" a="0" width="65" height="14.1"/>
  <groundblue x="612" y="370" cx="554" cy="364" a="0" width="116" height="12"/>
  <staticredskin x="495.5" y="348" cx="492" cy="318" a="0" width="7" height="60"/>
  <springboardskin x="530" y="371" a="0" width="51" height="10.95"/>
  <boxskin x="417" y="334" a="0" width="50" height="50"/>
  <groundblue x="243" y="374" cx="1" cy="369" a="0" width="484" height="10"/>
  <staticredskin x="416.5" y="295" cx="391" cy="281" a="0" width="51" height="28"/>
  <staticskin x="647" y="351.5" cx="557" cy="345" a="0" width="180" height="13"/>
  <staticblueskin x="130" y="278.5" cx="5" cy="194" a="0" width="250" height="169"/>
  <minkskin x="24" y="15" a="0" width="36" height="27"/>
  <springboardskin x="163" y="181" a="0" width="51" height="10.95"/>
  <cheeseskin x="318" y="359" a="0" width="27.05" height="22"/>
  <staticredskin x="275" y="364" cx="260" cy="360" a="0" width="30" height="8"/>
  <carriervertical x="381" y="177" linewidth="50" lineheight="200" boxwidth="50" boxheight="20"/>
  <staticblueskin x="312.5" y="307" cx="297" cy="302" a="0" width="31" height="10"/>
</scene>