<scene width="740" height="380">
  <timer time="180"/>
  <creator id="2938171"/>
  <bg id="3"/>
  <minkskin x="686" y="346" a="0" width="36" height="27"/>
  <boxskin x="50" y="353" a="0" width="50" height="50"/>
  <boxskin x="646" y="358" a="0" width="50" height="50"/>
  <staticblueskin x="310" y="355.5" cx="85" cy="343" a="0" width="450" height="25"/>
  <staticblueskin x="644.5" y="328.5" cx="620" cy="326" a="0" width="49" height="5"/>
  <ground x="669.5" y="323.125" cx="667" cy="320" a="0" width="5" height="6.25"/>
  <ground x="662" y="160" cx="659" cy="41" a="0" width="6" height="238"/>
  <staticblueskin x="644" y="322.5" cx="620" cy="318" a="0" width="48" height="9"/>
  <staticredskin x="321.5" y="294.5" cx="117" cy="291" a="0" width="409" height="7"/>
  <staticredskin x="315.5" y="239.5" cx="117" cy="236" a="0" width="397" height="7"/>
  <staticskin x="63.5" y="292" cx="12" cy="285" a="0" width="103" height="14"/>
  <littlemouse x="57" y="320" a="0" width="37.35" height="34.3"/>
  <springboardskin x="595" y="364" a="0" width="51" height="10.95"/>
  <ground x="618.8" y="240.6" cx="583" cy="237" a="0" width="71.6" height="7.2"/>
  <springboardskin x="622" y="227" a="0" width="51" height="10.95"/>
  <cheeseskin x="44" y="219" a="0" width="27.05" height="22"/>
  <ground x="70" y="159.5" cx="66" cy="34" a="0" width="8" height="251"/>
  <staticblueskin x="5" y="169.5" cx="-8" cy="39" a="0" width="26" height="261"/>
  <springboardskin x="31" y="279" a="0" width="51" height="10.95"/>
  <springboardskin x="546" y="249" a="0" width="51" height="10.95"/>
  <staticblueskin x="327" y="181.5" cx="81" cy="176" a="0" width="492" height="11"/>
  <staticblueskin x="390.5" y="110.5" cx="129" cy="99" a="0" width="523" height="23"/>
  <staticredskin x="342.5" y="45" cx="81" cy="40" a="0" width="523" height="10"/>
  <springboardskin x="716" y="377" a="0" width="51" height="10.95"/>
  <staticblueskin x="555.5" y="301" cx="537" cy="294" a="0" width="37" height="14"/>
  <tree x="664" y="39" a="0" width="78.35" height="100"/>
  <staticblueskin x="63.5" y="149.5" cx="61" cy="141" a="0" width="5" height="17"/>
  <staticblueskin x="24" y="75" cx="20" cy="60" a="0" width="8" height="30"/>
  <staticredskin x="34" y="253" cx="19" cy="236" a="0" width="30" height="34"/>
  <ballskin x="256" y="272" a="0" width="23.8" height="26.05"/>
  <ballskin x="303" y="280" a="0" width="23.8" height="26.05"/>
  <ballskin x="335" y="273" a="0" width="23.8" height="26.05"/>
  <ballskin x="380" y="272" a="0" width="23.8" height="26.05"/>
  <ballskin x="419" y="273" a="0" width="23.8" height="26.05"/>
  <ballskin x="218" y="270" a="0" width="23.8" height="26.05"/>
  <ballskin x="193" y="281" a="0" width="23.8" height="26.05"/>
  <ballskin x="150" y="278" a="0" width="23.8" height="26.05"/>
  <ballskin x="472" y="275" a="0" width="23.8" height="26.05"/>
  <ballskin x="508" y="272" a="0" width="23.8" height="26.05"/>
  <ballskin x="481" y="226" a="0" width="23.8" height="26.05"/>
  <ballskin x="425" y="218" a="0" width="23.8" height="26.05"/>
  <ballskin x="375" y="215" a="0" width="23.8" height="26.05"/>
  <heavyboxskin x="327" y="218" a="0" width="41" height="22"/>
  <heavyboxskin x="273" y="214" a="0" width="41" height="22"/>
  <heavyboxskin x="217" y="206" a="0" width="41" height="22"/>
  <heavyboxskin x="151" y="212" a="0" width="41" height="22"/>
</scene>