<scene width="740" height="380">
  <timer time="80"/>
  <creator id="2782302"/>
  <bg id="12"/>
  <littlemouse x="77" y="321" a="0" width="37.35" height="34.3"/>
  <carrierhorizontal x="52" y="345" linewidth="300" lineheight="20" boxwidth="50" boxheight="20"/>
  <carriervertical x="404" y="141" linewidth="50" lineheight="200" boxwidth="50" boxheight="20"/>
  <cheeseskin x="193" y="295" a="0" width="27.05" height="22"/>
  <carrierhorizontal x="61" y="143" linewidth="300" lineheight="20" boxwidth="50" boxheight="20"/>
  <carriervertical x="150" y="34" linewidth="50" lineheight="200" boxwidth="50" boxheight="20"/>
  <carrierhorizontal x="196" y="47" linewidth="300" lineheight="20" boxwidth="50" boxheight="20"/>
  <minkskin x="624" y="334" a="0" width="36" height="27"/>
</scene>