<scene width="740" height="380">
  <timer time="120"/>
  <creator id="237459"/>
  <bg id="2"/>
  <staticskin x="41.5" y="101.5" cx="3" cy="95" a="0" width="77" height="13"/>
  <staticskin x="6" y="194.5" cx="0" cy="96" a="0" width="12" height="197"/>
  <staticskin x="48.5" y="284.5" cx="5" cy="278" a="0" width="87" height="13"/>
  <staticskin x="86.5" y="234.5" cx="80" cy="191" a="0" width="13" height="87"/>
  <staticskin x="49" y="197" cx="5" cy="191" a="0" width="88" height="12"/>
  <minkskin x="39" y="167" a="0" width="36" height="27"/>
  <staticskin x="111" y="241" cx="105" cy="189" a="0" width="12" height="104"/>
  <staticskin x="135" y="288.5" cx="111" cy="285" a="0" width="48" height="7"/>
  <staticskin x="156.5" y="238.5" cx="151" cy="187" a="0" width="11" height="103"/>
  <staticskin x="158" y="312" cx="154" cy="289" a="0" width="8" height="46"/>
  <staticskin x="135.5" y="340" cx="108" cy="335" a="0" width="55" height="10"/>
  <staticskin x="186" y="240" cx="180" cy="187" a="0" width="12" height="106"/>
  <staticskin x="222.5" y="253" cx="217" cy="216" a="0" width="11" height="74"/>
  <staticskin x="257.5" y="237.5" cx="252" cy="185" a="0" width="11" height="105"/>
  <staticskin x="287.5" y="242.5" cx="282" cy="187" a="0" width="11" height="111"/>
  <staticskin x="342" y="244" cx="336" cy="189" a="0" width="12" height="110"/>
  <staticskin x="302.95000000000005" y="205.25" cx="294" cy="186" a="50" width="41" height="11"/>
  <staticskin x="329.575" y="205.625" cx="348" cy="193" a="130" width="43" height="12"/>
  <staticskin x="371" y="244.5" cx="366" cy="187" a="0" width="10" height="115"/>
  <staticskin x="393" y="296.5" cx="369" cy="292" a="0" width="48" height="9"/>
  <staticskin x="389.5" y="240.5" cx="371" cy="237" a="0" width="37" height="7"/>
  <staticskin x="389" y="190.5" cx="370" cy="187" a="0" width="38" height="7"/>
  <staticskin x="429.5" y="247" cx="423" cy="186" a="0" width="13" height="122"/>
  <staticskin x="482" y="250" cx="477" cy="189" a="0" width="10" height="122"/>
  <staticskin x="458.35" y="264.15" cx="485" cy="227" a="120" width="91" height="9"/>
  <staticskin x="457" y="161.5" cx="442" cy="158" a="0" width="30" height="7"/>
  <staticskin x="504.5" y="250" cx="500" cy="189" a="0" width="9" height="122"/>
  <staticskin x="522.5" y="307" cx="502" cy="304" a="0" width="41" height="6"/>
  <staticskin x="526" y="191" cx="510" cy="188" a="0" width="32" height="6"/>
  <staticskin x="584" y="191" cx="555" cy="187" a="0" width="58" height="8"/>
  <staticskin x="584.5" y="257.5" cx="579" cy="195" a="0" width="11" height="125"/>
  <staticskin x="626" y="252" cx="622" cy="186" a="0" width="8" height="132"/>
  <staticskin x="223" y="294" cx="175" cy="289" a="0" width="96" height="10"/>
  <staticskin x="643" y="188" cx="622" cy="184" a="0" width="42" height="8"/>
  <staticskin x="684" y="254" cx="678" cy="184" a="0" width="12" height="140"/>
  <staticskin x="711" y="185.5" cx="690" cy="182" a="0" width="42" height="7"/>
  <staticskin x="731" y="213.5" cx="726" cy="187" a="0" width="10" height="53"/>
  <staticskin x="713.5" y="242.5" cx="691" cy="237" a="0" width="45" height="11"/>
  <cheeseskin x="708" y="164" a="0" width="27.05" height="22"/>
  <staticskin x="644" y="312.5" cx="624" cy="308" a="0" width="40" height="9"/>
  <staticskin x="643" y="253" cx="628" cy="249" a="0" width="30" height="8"/>
  <littlemouse x="41" y="77" a="0" width="37.35" height="34.3"/>
</scene>