<scene width="740" height="380">
  <timer time="60"/>
  <creator id="2977730"/>
  <bg id="7"/>
  <staticblueskin x="176" y="54.5" cx="173" cy="46" a="0" width="6" height="17"/>
  <groundblue x="357" y="147.5" cx="348" cy="0" a="0" width="19" height="296"/>
  <staticskin x="599.5" y="65" cx="452" cy="60" a="0" width="295" height="10"/>
  <staticblueskin x="528" y="49.5" cx="525" cy="39" a="0" width="6" height="21"/>
  <staticblueskin x="159" y="368" cx="152" cy="362" a="0" width="14" height="12"/>
  <staticblueskin x="549" y="372" cx="543" cy="368" a="0" width="12" height="8"/>
  <staticskin x="184" y="375.5" cx="178" cy="372" a="0" width="12" height="7"/>
  <staticskin x="525" y="375.5" cx="520" cy="372" a="0" width="10" height="7"/>
  <staticskin x="426" y="375.5" cx="422" cy="371" a="0" width="8" height="9"/>
  <staticskin x="300" y="375" cx="296" cy="370" a="0" width="8" height="10"/>
  <staticblueskin x="653" y="49" cx="650" cy="37" a="0" width="6" height="24"/>
  <flowers2 x="587" y="42" a="0" width="60" height="33.45"/>
  <flowers2 x="110" y="46" a="0" width="60" height="33.45"/>
  <minkskin x="356" y="342" a="0" width="36" height="27"/>
  <ground x="353.5" y="134.5" cx="191" cy="131" a="0" width="325" height="7"/>
  <lpointer x="486" y="42" a="0" width="40" height="33.7"/>
  <cheeseskin x="659" y="99" a="0" width="27.05" height="22"/>
  <carriervertical x="664" y="161" linewidth="50" lineheight="200" boxwidth="50" boxheight="20"/>
  <ground x="539.55" y="159" cx="515" cy="155" a="0" width="49.1" height="8"/>
  <ground x="180" y="160.6" cx="154" cy="157" a="0" width="52" height="7.2"/>
  <carriervertical x="38" y="156" linewidth="50" lineheight="200" boxwidth="50" boxheight="20"/>
  <cheeseskin x="33" y="99" a="0" width="27.05" height="22"/>
  <springboardskin x="603" y="329" a="0" width="51" height="10.95"/>
  <springboardskin x="109" y="321" a="0" width="51" height="10.95"/>
  <staticblueskin x="441.175" y="371.6" cx="445" cy="364" a="67" width="11" height="13"/>
  <staticblueskin x="284.75" y="368.475" cx="287" cy="361" a="67" width="12" height="10"/>
  <staticskin x="137" y="351" cx="130" cy="348" a="0" width="14" height="6"/>
  <staticskin x="570" y="353.5" cx="562" cy="351" a="0" width="16" height="5"/>
  <littlemouse x="25" y="48" a="0" width="37.35" height="34.3"/>
  <staticskin x="131" y="66.5" cx="-1" cy="63" a="0" width="264" height="7"/>
  <staticblueskin x="56.5" y="54.5" cx="53" cy="46" a="0" width="7" height="17"/>
</scene>