<scene width="740" height="380">
  <timer time="80"/>
  <creator id="2797505"/>
  <bg id="3"/>
  <minkskin x="22" y="336" a="0" width="36" height="27"/>
  <staticskin x="380.5" y="375" cx="356" cy="362" a="0" width="49" height="26"/>
  <staticskin x="495" y="375.5" cx="468" cy="361" a="0" width="54" height="29"/>
  <staticskin x="549" y="132" cx="536" cy="117" a="0" width="26" height="30"/>
  <staticskin x="436" y="347" cx="404" cy="333" a="0" width="64" height="28"/>
  <staticskin x="549.5" y="345.5" cx="521" cy="332" a="0" width="57" height="27"/>
  <staticskin x="597.5" y="368.5" cx="578" cy="359" a="0" width="39" height="19"/>
  <staticskin x="646" y="345" cx="618" cy="331" a="0" width="56" height="28"/>
  <staticskin x="706.5" y="374.5" cx="674" cy="358" a="0" width="65" height="33"/>
  <staticredskin x="707" y="348" cx="677" cy="339" a="0" width="60" height="18"/>
  <staticskin x="639" y="246.5" cx="608" cy="231" a="0" width="62" height="31"/>
  <staticskin x="587" y="271.5" cx="567" cy="257" a="0" width="40" height="29"/>
  <staticskin x="545.5" y="244.5" cx="524" cy="231" a="0" width="43" height="27"/>
  <littlemouse x="16" y="344" a="0" width="37.35" height="34.3"/>
  <staticskin x="497" y="271.5" cx="471" cy="255" a="0" width="52" height="33"/>
  <staticskin x="441.5" y="240" cx="413" cy="225" a="0" width="57" height="30"/>
  <staticskin x="391.5" y="268" cx="367" cy="253" a="0" width="49" height="30"/>
  <staticskin x="344.5" y="237.5" cx="322" cy="221" a="0" width="45" height="33"/>
  <staticskin x="295" y="268.5" cx="271" cy="252" a="0" width="48" height="33"/>
  <staticskin x="251" y="236.5" cx="230" cy="222" a="0" width="42" height="29"/>
  <staticskin x="203.5" y="266" cx="177" cy="250" a="0" width="53" height="32"/>
  <staticskin x="160.5" y="241" cx="139" cy="224" a="0" width="43" height="34"/>
  <staticskin x="118.5" y="261" cx="99" cy="245" a="0" width="39" height="32"/>
  <rpointer x="100" y="318" a="0" width="40" height="33.7"/>
  <lpointer x="640" y="212" a="0" width="40" height="33.7"/>
  <cheeseskin x="626" y="87" a="0" width="27.05" height="22"/>
  <staticredskin x="599.5" y="47" cx="592" cy="42" a="0" width="15" height="10"/>
  <staticredskin x="689" y="100.5" cx="678" cy="95" a="0" width="22" height="11"/>
  <staticredskin x="630" y="45" cx="618" cy="42" a="0" width="24" height="6"/>
  <staticredskin x="667.5" y="52" cx="657" cy="46" a="0" width="21" height="12"/>
  <staticredskin x="685.5" y="75" cx="672" cy="70" a="0" width="27" height="10"/>
  <staticredskin x="685" y="121.5" cx="674" cy="115" a="0" width="22" height="13"/>
  <staticredskin x="653" y="150" cx="641" cy="142" a="0" width="24" height="16"/>
  <staticredskin x="613" y="148.5" cx="601" cy="141" a="0" width="24" height="15"/>
  <staticredskin x="578" y="141" cx="566" cy="133" a="0" width="24" height="16"/>
  <staticskin x="503.5" y="117.5" cx="477" cy="104" a="0" width="53" height="27"/>
  <staticskin x="454.5" y="90.5" cx="432" cy="77" a="0" width="45" height="27"/>
  <staticskin x="409" y="114" cx="387" cy="99" a="0" width="44" height="30"/>
  <staticskin x="360.5" y="92" cx="335" cy="76" a="0" width="51" height="32"/>
  <staticskin x="312.5" y="114.5" cx="288" cy="99" a="0" width="49" height="31"/>
  <staticskin x="267" y="131" cx="248" cy="113" a="0" width="38" height="36"/>
  <staticskin x="228.5" y="104" cx="207" cy="92" a="0" width="43" height="24"/>
  <staticskin x="184" y="129.5" cx="162" cy="117" a="0" width="44" height="25"/>
  <staticredskin x="117" y="236" cx="94" cy="227" a="0" width="46" height="18"/>
  <cheeseskin x="588" y="415" a="0" width="27.05" height="22"/>
  <staticskin x="35" y="368" cx="2" cy="357" a="0" width="66" height="22"/>
  <staticskin x="103" y="344.5" cx="68" cy="332" a="0" width="70" height="25"/>
  <staticskin x="171" y="368.5" cx="140" cy="359" a="0" width="62" height="19"/>
  <staticskin x="236.5" y="347" cx="202" cy="334" a="0" width="69" height="26"/>
  <staticskin x="286.5" y="369.5" cx="272" cy="363" a="0" width="29" height="13"/>
  <staticskin x="328.5" y="349" cx="301" cy="337" a="0" width="55" height="24"/>
</scene>