<scene width="740" height="380">
  <timer time="120"/>
  <creator id="2267371"/>
  <bg id="3"/>
  <staticblueskin x="28.5" y="43" cx="10" cy="39" a="0" width="37" height="8"/>
  <staticblueskin x="79" y="67" cx="62" cy="64" a="0" width="34" height="6"/>
  <staticblueskin x="146" y="84" cx="125" cy="80" a="0" width="42" height="8"/>
  <staticblueskin x="214" y="68.5" cx="191" cy="65" a="0" width="46" height="7"/>
  <minkskin x="29" y="24" a="0" width="36" height="27"/>
  <springboardskin x="350" y="149" a="0" width="51" height="10.95"/>
  <staticskin x="443.5" y="70.5" cx="422" cy="66" a="0" width="43" height="9"/>
  <staticskin x="506" y="91" cx="472" cy="86" a="0" width="68" height="10"/>
  <staticskin x="576" y="114" cx="547" cy="108" a="0" width="58" height="12"/>
  <staticblueskin x="688" y="158" cx="666" cy="155" a="0" width="44" height="6"/>
  <staticblueskin x="628.5" y="179.5" cx="607" cy="175" a="0" width="43" height="9"/>
  <staticblueskin x="567" y="198.5" cx="544" cy="194" a="0" width="46" height="9"/>
  <staticskin x="512" y="221.5" cx="495" cy="219" a="0" width="34" height="5"/>
  <springboardskin x="387" y="315" a="0" width="51" height="10.95"/>
  <springboardskin x="251" y="269" a="0" width="51" height="10.95"/>
  <springboardskin x="134" y="315" a="0" width="51" height="10.95"/>
  <staticredskin x="178" y="286.5" cx="173" cy="282" a="0" width="10" height="9"/>
  <staticredskin x="325.5" y="289" cx="319" cy="284" a="0" width="13" height="10"/>
  <staticblueskin x="271.5" y="95" cx="260" cy="91" a="0" width="23" height="8"/>
  <staticblueskin x="298" y="119" cx="288" cy="116" a="0" width="20" height="6"/>
  <staticblueskin x="314" y="142" cx="310" cy="138" a="0" width="8" height="8"/>
  <staticskin x="385.5" y="140" cx="381" cy="136" a="0" width="9" height="8"/>
  <staticskin x="405" y="115" cx="391" cy="112" a="0" width="28" height="6"/>
  <staticskin x="413.5" y="94.5" cx="402" cy="91" a="0" width="23" height="7"/>
  <staticredskin x="484.5" y="243" cx="480" cy="239" a="0" width="9" height="8"/>
  <staticblueskin x="720.55" y="172.2" cx="717" cy="163" a="45" width="18" height="8"/>
  <staticblueskin x="644" y="259" cx="618" cy="256" a="0" width="52" height="6"/>
  <cheeseskin x="647" y="236" a="0" width="27.05" height="22"/>
  <staticblueskin x="301.5" y="361.5" cx="40" cy="358" a="0" width="523" height="7"/>
  <springboardskin x="574" y="330" a="0" width="51" height="10.95"/>
  <staticredskin x="467" y="264" cx="464" cy="260" a="0" width="6" height="8"/>
  <staticredskin x="451" y="282.5" cx="447" cy="279" a="0" width="8" height="7"/>
  <staticredskin x="433" y="304" cx="428" cy="300" a="0" width="10" height="8"/>
  <staticblueskin x="345" y="308.5" cx="339" cy="303" a="0" width="12" height="11"/>
  <staticblueskin x="296" y="287" cx="286" cy="283" a="0" width="20" height="8"/>
  <staticblueskin x="206" y="283.5" cx="193" cy="281" a="0" width="26" height="5"/>
  <bush x="443" y="49" a="0" width="59.4" height="32.3"/>
  <bush x="218" y="43" a="0" width="59.4" height="32.3"/>
  <flowers1 x="687" y="139" a="0" width="60" height="58.2"/>
  <flowers2 x="48" y="339" a="0" width="60" height="33.45"/>
  <littlemouse x="33" y="23" a="0" width="37.35" height="34.3"/>
  <staticblueskin x="107.5" y="78" cx="104" cy="74" a="0" width="7" height="8"/>
  <staticblueskin x="178" y="78.5" cx="173" cy="75" a="0" width="10" height="7"/>
  <staticblueskin x="50" y="57.5" cx="47" cy="54" a="0" width="6" height="7"/>
  <staticblueskin x="244.5" y="83.5" cx="241" cy="81" a="0" width="7" height="5"/>
</scene>