<scene width="740" height="380">
  <timer time="120"/>
  <creator id="860193"/>
  <bg id="4"/>
  <staticredskin x="61.5" y="203" cx="45" cy="55" a="0" width="33" height="296"/>
  <staticblueskin x="618" y="319" cx="512" cy="305" a="0" width="212" height="28"/>
  <staticblueskin x="386.5" y="269" cx="305" cy="252" a="0" width="163" height="34"/>
  <staticblueskin x="642.5" y="213.5" cx="551" cy="201" a="0" width="183" height="25"/>
  <staticblueskin x="411" y="172" cx="336" cy="157" a="0" width="150" height="30"/>
  <cheeseskin x="25" y="330" a="0" width="27.05" height="22"/>
  <boxskin x="15" y="361" a="0" width="50" height="50"/>
  <staticblueskin x="639.5" y="68" cx="554" cy="51" a="0" width="171" height="34"/>
  <minkskin x="670" y="32" a="0" width="36" height="27"/>
  <littlemouse x="454" y="328" a="0" width="37.35" height="34.3"/>
  <staticblueskin x="380.5" y="360.5" cx="22" cy="347" a="0" width="717" height="27"/>
  <staticredskin x="196.5" y="240.5" cx="188" cy="133" a="0" width="17" height="215"/>
  <staticredskin x="126" y="222.5" cx="119" cy="95" a="0" width="14" height="255"/>
</scene>