<scene width="740" height="380">
  <timer time="80"/>
  <creator id="1566663"/>
  <bg id="6"/>
  <springboardskin x="480" y="180" a="0" width="51" height="10.95"/>
  <springboardskin x="211" y="140" a="0" width="51" height="10.95"/>
  <springboardskin x="305" y="94" a="0" width="51" height="10.95"/>
  <springboardskin x="379" y="43" a="0" width="51" height="10.95"/>
  <springboardskin x="493" y="42" a="0" width="51" height="10.95"/>
  <springboardskin x="579" y="99" a="0" width="51" height="10.95"/>
  <springboardskin x="634" y="155" a="0" width="51" height="10.95"/>
  <ballskin x="475" y="161" a="0" width="25" height="25"/>
  <ballskin x="696" y="161" a="0" width="25" height="25"/>
  <ballskin x="575" y="83" a="0" width="25" height="25"/>
  <ballskin x="352" y="162" a="0" width="25" height="25"/>
  <ballskin x="298" y="219" a="0" width="25" height="25"/>
  <ballskin x="239" y="270" a="0" width="25" height="25"/>
  <ballskin x="122" y="286" a="0" width="25" height="25"/>
  <ballskin x="47" y="242" a="0" width="25" height="25"/>
  <ballskin x="136" y="178" a="0" width="25" height="25"/>
  <ballskin x="214" y="120" a="0" width="25" height="25"/>
  <ballskin x="312" y="76" a="0" width="25" height="25"/>
  <minkskin x="416" y="118" a="0" width="36" height="27"/>
  <littlemouse x="416" y="116" a="0" width="37.35" height="34.3"/>
  <cheeseskin x="699" y="265" a="0" width="27.05" height="22"/>
  <carriervertical x="696" y="171" linewidth="50" lineheight="200" boxwidth="50" boxheight="20"/>
  <springboardskin x="628" y="414" a="0" width="51" height="10.95"/>
  <carriervertical x="416" y="165" linewidth="50" lineheight="200" boxwidth="50" boxheight="20"/>
  <springboardskin x="343" y="180" a="0" width="51" height="10.95"/>
  <springboardskin x="299" y="231" a="0" width="51" height="10.95"/>
  <springboardskin x="232" y="280" a="0" width="51" height="10.95"/>
  <springboardskin x="129" y="304" a="0" width="51" height="10.95"/>
  <springboardskin x="43" y="264" a="0" width="51" height="10.95"/>
  <springboardskin x="130" y="195" a="0" width="51" height="10.95"/>
</scene>