<scene width="740" height="380">
  <timer time="60"/>
  <creator id="2696419"/>
  <bg id="0"/>
  <staticblueskin x="649" y="168" cx="635" cy="155" a="0" width="28" height="26"/>
  <ballskin x="428" y="240" a="0" width="23.8" height="26.05"/>
  <ballskin x="335" y="213" a="0" width="23.8" height="26.05"/>
  <ballskin x="234" y="248" a="0" width="23.8" height="26.05"/>
  <ballskin x="511" y="222" a="0" width="23.8" height="26.05"/>
  <ballskin x="591" y="178" a="0" width="23.8" height="26.05"/>
  <ballskin x="651" y="139" a="0" width="23.8" height="26.05"/>
  <staticskin x="287.5" y="-2" cx="19" cy="-7" a="0" width="537" height="10"/>
  <springboardskin x="628" y="49" a="0" width="51" height="10.95"/>
  <staticredskin x="145.5" y="151.5" cx="95" cy="145" a="0" width="101" height="13"/>
  <staticblueskin x="380" y="150.5" cx="199" cy="146" a="0" width="362" height="9"/>
  <heavyboxskin x="513" y="340" a="0" width="41" height="22"/>
  <heavyboxskin x="344" y="342" a="0" width="41" height="22"/>
  <heavyboxskin x="189" y="343" a="0" width="41" height="22"/>
  <flowers2 x="603" y="337" a="0" width="60" height="33.45"/>
  <flowers1 x="421" y="341" a="0" width="60" height="58.2"/>
  <bush x="256" y="339" a="0" width="59.4" height="32.3"/>
  <tree2 x="331" y="185" a="0" width="84.85" height="100"/>
  <cactus x="428" y="244" a="0" width="20" height="42.55"/>
  <tree x="501" y="195" a="0" width="78.35" height="100"/>
  <bush x="591" y="191" a="0" width="59.4" height="32.3"/>
  <stone x="648" y="146" a="0" width="31.25" height="22.9"/>
  <tree x="225" y="223" a="0" width="78.35" height="100"/>
  <springboardskin x="86" y="352" a="0" width="51" height="10.95"/>
  <staticredskin x="108.5" y="268" cx="103" cy="262" a="0" width="11" height="12"/>
  <littlemouse x="701" y="328" a="0" width="37.35" height="34.3"/>
  <staticblueskin x="564" y="338" cx="559" cy="322" a="0" width="10" height="32"/>
  <staticblueskin x="668.5" y="338" cx="664" cy="320" a="0" width="9" height="36"/>
  <ballskin x="582" y="338" a="0" width="23.8" height="26.05"/>
  <ballskin x="607" y="340" a="0" width="23.8" height="26.05"/>
  <ballskin x="627" y="342" a="0" width="23.8" height="26.05"/>
  <ballskin x="647" y="342" a="0" width="23.8" height="26.05"/>
  <staticskin x="368.5" y="368.5" cx="3" cy="355" a="0" width="731" height="27"/>
  <staticskin x="71.5" y="63" cx="0" cy="55" a="0" width="143" height="16"/>
  <staticskin x="671" y="64" cx="601" cy="55" a="0" width="140" height="18"/>
  <carrierhorizontal x="147" y="65" linewidth="445" lineheight="20" boxwidth="50" boxheight="20"/>
  <boxskin x="26" y="330" a="0" width="50" height="50"/>
  <boxskin x="26" y="278" a="0" width="50" height="50"/>
  <staticblueskin x="55.5" y="302.5" cx="52" cy="250" a="0" width="7" height="105"/>
  <cheeseskin x="29" y="232" a="0" width="27.05" height="22"/>
  <minkskin x="716" y="35" a="0" width="36" height="27"/>
  <staticblueskin x="152" y="325.5" cx="144" cy="317" a="0" width="16" height="17"/>
  <staticblueskin x="236.5" y="282.5" cx="221" cy="272" a="0" width="31" height="21"/>
  <staticblueskin x="334.5" y="247.5" cx="320" cy="235" a="0" width="29" height="25"/>
  <staticblueskin x="428" y="278" cx="412" cy="264" a="0" width="32" height="28"/>
  <staticredskin x="26.5" y="179" cx="3" cy="169" a="0" width="47" height="20"/>
  <staticblueskin x="510" y="257.5" cx="496" cy="246" a="0" width="28" height="23"/>
  <staticblueskin x="591.5" y="213.5" cx="576" cy="202" a="0" width="31" height="23"/>
  <lpointer x="108" y="245" a="0" width="40" height="33.7"/>
  <cactus x="311" y="122" a="0" width="20" height="42.55"/>
  <cactus x="368" y="124" a="0" width="20" height="42.55"/>
</scene>