<scene width="740" height="380">
  <timer time="80"/>
  <creator id="92617"/>
  <bg id="12"/>
  <groundred x="295.25" y="14.8" cx="-119" cy="-2" a="0" width="829.5" height="34.6"/>
  <staticblueskin x="653.5" y="166" cx="650" cy="99" a="0" width="7" height="134"/>
  <staticblueskin x="604" y="87" cx="600" cy="12" a="0" width="8" height="150"/>
  <staticblueskin x="505.5" y="93" cx="501" cy="24" a="0" width="9" height="138"/>
  <staticblueskin x="456.5" y="169" cx="452" cy="103" a="0" width="9" height="132"/>
  <minkskin x="154" y="277" a="0" width="36" height="27"/>
  <cheeseskin x="35" y="40" a="0" width="27.05" height="22"/>
  <ground x="236.6" y="200" cx="225" cy="191" a="0" width="23.2" height="18"/>
  <ground x="200.075" y="173.5" cx="189" cy="164" a="0" width="22.15" height="19"/>
  <staticblueskin x="549.5" y="164" cx="546" cy="95" a="0" width="7" height="138"/>
  <ground x="172" y="146.075" cx="160" cy="136" a="0" width="24" height="20.15"/>
  <ground x="135.025" y="109.5" cx="120" cy="98" a="0" width="30.05" height="23"/>
  <groundblue x="39.25" y="111.825" cx="-12" cy="98" a="0" width="103.5" height="28.65"/>
  <littlemouse x="22" y="332" a="0" width="37.35" height="34.3"/>
  <ground x="56.125" y="364.825" cx="10" cy="349" a="13" width="97" height="10.1"/>
  <staticblueskin x="385" y="379.5" cx="358" cy="377" a="0" width="54" height="5"/>
  <staticblueskin x="168" y="378" cx="156" cy="374" a="0" width="24" height="8"/>
  <ground x="267.05" y="365.95" cx="321" cy="361" a="170" width="108" height="9"/>
  <ground x="505.125" y="365.7" cx="448" cy="350" a="10" width="118" height="11.1"/>
  <groundred x="332.75" y="230.3" cx="-41" cy="213" a="0" width="748.5" height="35.6"/>
  <groundblue x="621.8" y="368.75" cx="608" cy="334" a="0" width="28.6" height="70.5"/>
  <groundblue x="662.75" y="370.75" cx="649" cy="312" a="0" width="28.5" height="118.5"/>
  <groundblue x="701.3" y="356.75" cx="687" cy="292" a="0" width="29.6" height="130.5"/>
  <ground x="794.925" y="266.3" cx="879" cy="240" a="160" width="176" height="8.1"/>
</scene>