<scene width="740" height="380">
  <timer time="60"/>
  <creator id="868163"/>
  <bg id="4"/>
  <littlemouse x="92" y="308" a="0" width="37.35" height="34.3"/>
  <staticskin x="431.5" y="236" cx="118" cy="77" a="0" width="627" height="318"/>
  <staticredskin x="38.5" y="372.5" cx="-41" cy="366" a="0" width="159" height="13"/>
  <groundred x="405.75" y="64.75" cx="117" cy="54" a="0" width="578.5" height="22.5"/>
  <minkskin x="718" y="58" a="0" width="36" height="27"/>
  <cheeseskin x="93" y="342" a="0" width="27.05" height="22"/>
  <groundblue x="2.375" y="204.75" cx="-7" cy="44" a="0" width="19.75" height="322.5"/>
  <groundblue x="380.25" y="-6.75" cx="29" cy="-22" a="0" width="703.5" height="31.5"/>
</scene>