<scene width="740" height="380">
  <timer time="60"/>
  <creator id="2479558"/>
  <bg id="11"/>
  <tree2 x="301" y="47" a="0" width="84.85" height="100"/>
  <tree2 x="408" y="47" a="0" width="84.85" height="100"/>
  <tree2 x="597" y="68" a="0" width="84.85" height="100"/>
  <flowers1 x="361" y="83" a="0" width="60" height="58.2"/>
  <flowers1 x="539" y="93" a="0" width="60" height="58.2"/>
  <flowers2 x="663" y="339" a="0" width="60" height="33.45"/>
  <carriervertical x="131" y="185" linewidth="50" lineheight="200" boxwidth="50" boxheight="20"/>
  <carrierhorizontal x="603" y="411" linewidth="300" lineheight="20" boxwidth="50" boxheight="20"/>
  <carrierhorizontal x="-30" y="373" linewidth="300" lineheight="20" boxwidth="50" boxheight="20"/>
  <cactus x="260" y="76" a="0" width="20" height="42.55"/>
  <cactus x="468" y="78" a="0" width="20" height="42.55"/>
  <staticblueskin x="-4" y="148.5" cx="-62" cy="142" a="0" width="116" height="13"/>
  <lpointer x="249" y="403" a="0" width="40" height="33.7"/>
  <lpointer x="275" y="396" a="0" width="40" height="33.7"/>
  <rpointer x="124" y="56" a="0" width="40" height="33.7"/>
  <lpointer x="71" y="57" a="0" width="40" height="33.7"/>
  <staticskin x="628" y="195.5" cx="621" cy="85" a="0" width="14" height="221"/>
  <littlemouse x="36" y="54" a="0" width="37.35" height="34.3"/>
  <staticredskin x="38.5" y="353" cx="1" cy="348" a="0" width="75" height="10"/>
  <staticskin x="118" y="80" cx="2" cy="74" a="0" width="232" height="12"/>
  <staticskin x="112" y="9.5" cx="2" cy="3" a="0" width="220" height="13"/>
  <staticskin x="472.5" y="122" cx="323" cy="118" a="0" width="299" height="8"/>
  <staticskin x="409.5" y="112" cx="238" cy="107" a="0" width="343" height="10"/>
  <staticskin x="367.5" y="102.5" cx="232" cy="98" a="0" width="271" height="9"/>
  <staticblueskin x="625" y="372" cx="516" cy="358" a="0" width="218" height="28"/>
  <staticblueskin x="734.5" y="296" cx="732" cy="211" a="0" width="5" height="170"/>
  <staticskin x="488.5" y="335" cx="483" cy="319" a="0" width="11" height="32"/>
  <staticskin x="452" y="297" cx="446" cy="281" a="0" width="12" height="32"/>
  <staticskin x="388" y="234.5" cx="383" cy="219" a="0" width="10" height="31"/>
  <staticskin x="424" y="266.5" cx="418" cy="250" a="0" width="12" height="33"/>
  <cheeseskin x="370" y="199" a="0" width="27.05" height="22"/>
  <staticskin x="320" y="261.5" cx="314" cy="248" a="0" width="12" height="27"/>
  <staticskin x="255.5" y="336.5" cx="249" cy="322" a="0" width="13" height="29"/>
  <staticskin x="357" y="234" cx="351" cy="219" a="0" width="12" height="30"/>
  <staticskin x="287.5" y="292.5" cx="282" cy="278" a="0" width="11" height="29"/>
  <lpointer x="250" y="410" a="0" width="40" height="33.7"/>
  <lpointer x="571" y="339" a="0" width="40" height="33.7"/>
  <rpointer x="362" y="156" a="0" width="40" height="33.7"/>
  <minkskin x="27" y="119" a="0" width="36" height="27"/>
  <ballskin x="43" y="329" a="0" width="23.8" height="26.05"/>
  <tree x="10" y="297" a="0" width="78.35" height="100"/>
  <tree x="695" y="307" a="0" width="78.35" height="100"/>
</scene>