<scene width="740" height="380">
  <timer time="80"/>
  <creator id="3001999"/>
  <bg id="12"/>
  <staticskin x="741.5" y="257" cx="737" cy="-3" a="0" width="9" height="520"/>
  <staticskin x="448.5" y="-0.5" cx="-58" cy="-7" a="0" width="1013" height="13"/>
  <staticskin x="203.5" y="84" cx="198" cy="63" a="0" width="11" height="42"/>
  <cheeseskin x="31" y="66" a="0" width="27.05" height="22"/>
  <cheeseskin x="697" y="69" a="0" width="27.05" height="22"/>
  <tree x="135" y="56" a="0" width="78.35" height="100"/>
  <flowers2 x="503" y="356" a="0" width="60" height="33.45"/>
  <stone x="142" y="310" a="0" width="31.25" height="22.9"/>
  <flowers1 x="624" y="230" a="0" width="60" height="58.2"/>
  <minkskin x="371" y="353" a="0" width="36" height="27"/>
  <staticskin x="375" y="325" cx="63" cy="320" a="0" width="624" height="10"/>
  <littlemouse x="369" y="356" a="0" width="37.35" height="34.3"/>
  <staticskin x="365" y="379" cx="3" cy="374" a="0" width="724" height="10"/>
  <groundred x="19.775" y="364.3" cx="2" cy="357" a="0" width="36.55" height="15.6"/>
  <groundred x="719.25" y="371.4" cx="698" cy="363" a="0" width="43.5" height="17.8"/>
  <staticskin x="573.5" y="245.5" cx="405" cy="240" a="0" width="337" height="11"/>
  <staticskin x="148" y="245.5" cx="-35" cy="240" a="0" width="366" height="11"/>
  <springboardskin x="371" y="314" a="0" width="51" height="10.95"/>
  <lpointer x="292" y="359" a="0" width="40" height="33.7"/>
  <rpointer x="420" y="357" a="0" width="40" height="33.7"/>
  <rpointer x="89" y="302" a="0" width="40" height="33.7"/>
  <lpointer x="659" y="306" a="0" width="40" height="33.7"/>
  <lpointer x="293" y="218" a="0" width="40" height="33.7"/>
  <rpointer x="426" y="218" a="0" width="40" height="33.7"/>
  <staticredskin x="24.5" y="235" cx="1" cy="230" a="0" width="47" height="10"/>
  <staticredskin x="711" y="233" cx="685" cy="228" a="0" width="52" height="10"/>
  <bush x="161" y="363" a="0" width="59.4" height="32.3"/>
  <staticskin x="373" y="169" cx="64" cy="162" a="0" width="618" height="14"/>
  <staticskin x="173.5" y="101" cx="-2" cy="94" a="0" width="351" height="14"/>
  <springboardskin x="396" y="155" a="0" width="51" height="10.95"/>
  <staticskin x="594.5" y="98.5" cx="436" cy="93" a="0" width="317" height="11"/>
  <rpointer x="242" y="145" a="0" width="40" height="33.7"/>
  <lpointer x="528" y="147" a="0" width="40" height="33.7"/>
  <lpointer x="287" y="77" a="0" width="40" height="33.7"/>
  <rpointer x="475" y="75" a="0" width="40" height="33.7"/>
  <staticskin x="534.5" y="82" cx="529" cy="66" a="0" width="11" height="32"/>
  <staticskin x="-2" y="149" cx="-6" cy="-113" a="0" width="8" height="524"/>
</scene>