<scene width="740" height="380">
  <timer time="60"/>
  <creator id="2010232"/>
  <bg id="9"/>
  <staticblueskin x="91.5" y="328" cx="87" cy="323" a="0" width="9" height="10"/>
  <tree2 x="148" y="279" a="0" width="84.85" height="100"/>
  <heavyboxskin x="318" y="256" a="0" width="41.05" height="22"/>
  <staticblueskin x="391.5" y="259.5" cx="386" cy="252" a="0" width="11" height="15"/>
  <staticblueskin x="411" y="237.5" cx="405" cy="230" a="0" width="12" height="15"/>
  <staticblueskin x="521.5" y="225.5" cx="515" cy="214" a="0" width="13" height="23"/>
  <staticblueskin x="474" y="195.5" cx="453" cy="177" a="0" width="42" height="37"/>
  <staticblueskin x="434" y="229" cx="428" cy="196" a="0" width="12" height="66"/>
  <staticblueskin x="548.5" y="224.5" cx="545" cy="218" a="0" width="7" height="13"/>
  <rpointer x="474" y="159" a="0" width="40" height="33.7"/>
  <rpointer x="27" y="323" a="0" width="40" height="33.7"/>
  <staticblueskin x="568" y="240" cx="564" cy="201" a="0" width="8" height="78"/>
  <minkskin x="679" y="35" a="0" width="36" height="27"/>
  <staticredskin x="693.5" y="403.5" cx="651" cy="377" a="0" width="85" height="53"/>
  <springboardskin x="605" y="336" a="0" width="51" height="10.95"/>
  <littlemouse x="27" y="38" a="0" width="37.35" height="34.3"/>
  <staticblueskin x="24.5" y="351.5" cx="12" cy="341" a="0" width="25" height="21"/>
  <staticblueskin x="75.5" y="336.5" cx="72" cy="314" a="0" width="7" height="45"/>
  <staticblueskin x="108" y="305.5" cx="100" cy="297" a="0" width="16" height="17"/>
  <cheeseskin x="27" y="325" a="0" width="27.05" height="22"/>
  <springboardskin x="151" y="329" a="0" width="51" height="10.95"/>
  <staticblueskin x="197" y="295.5" cx="190" cy="286" a="0" width="14" height="19"/>
  <staticblueskin x="230" y="298.5" cx="227" cy="269" a="0" width="6" height="59"/>
  <staticblueskin x="255" y="241" cx="247" cy="229" a="0" width="16" height="24"/>
  <staticblueskin x="325" y="275.5" cx="274" cy="270" a="0" width="102" height="11"/>
  <staticblueskin x="55" y="343" cx="51" cy="337" a="0" width="8" height="12"/>
</scene>