<scene width="740" height="380">
  <timer time="60"/>
  <creator id="2785737"/>
  <bg id="4"/>
  <staticblueskin x="422" y="123" cx="374" cy="112" a="0" width="96" height="22"/>
  <staticblueskin x="531" y="132.5" cx="479" cy="103" a="0" width="104" height="59"/>
  <staticblueskin x="666" y="193.5" cx="599" cy="162" a="0" width="134" height="63"/>
  <minkskin x="672" y="138" a="0" width="36" height="27"/>
  <littlemouse x="603" y="313" a="0" width="37.35" height="34.3"/>
  <ground x="617" y="351.025" cx="547" cy="336" a="0" width="140" height="30.05"/>
  <groundblue x="494.275" y="326.275" cx="436" cy="317" a="0" width="117.55" height="19.55"/>
  <staticblueskin x="384.5" y="293" cx="325" cy="280" a="0" width="119" height="26"/>
  <staticblueskin x="272.5" y="286.5" cx="222" cy="275" a="0" width="101" height="23"/>
  <carriervertical x="180" y="69" linewidth="50" lineheight="200" boxwidth="50" boxheight="20"/>
  <staticblueskin x="263.5" y="91.5" cx="212" cy="79" a="0" width="103" height="25"/>
  <staticblueskin x="103.5" y="96.5" cx="65" cy="76" a="0" width="77" height="41"/>
  <cheeseskin x="103" y="51" a="0" width="27.05" height="22"/>
  <staticblueskin x="337" y="134" cx="322" cy="105" a="0" width="30" height="58"/>
</scene>