<scene width="740" height="380">
  <timer time="60"/>
  <creator id="2218134"/>
  <bg id="6"/>
  <staticblueskin x="565.5" y="322.5" cx="561" cy="269" a="0" width="9" height="107"/>
  <carrierhorizontal x="68" y="45" linewidth="300" lineheight="20" boxwidth="50" boxheight="20"/>
  <staticblueskin x="481.5" y="322" cx="476" cy="274" a="0" width="11" height="96"/>
  <staticblueskin x="393.5" y="321.5" cx="388" cy="272" a="0" width="11" height="99"/>
  <staticblueskin x="326" y="341" cx="319" cy="221" a="0" width="14" height="240"/>
  <staticblueskin x="257.5" y="274" cx="250" cy="178" a="0" width="15" height="192"/>
  <staticblueskin x="178.5" y="270" cx="171" cy="165" a="0" width="15" height="210"/>
  <staticblueskin x="107" y="247.5" cx="99" cy="124" a="0" width="16" height="247"/>
  <staticblueskin x="30.5" y="241.5" cx="19" cy="67" a="0" width="23" height="349"/>
  <staticblueskin x="717.5" y="44" cx="699" cy="34" a="0" width="37" height="20"/>
  <staticskin x="475.5" y="39" cx="466" cy="35" a="0" width="19" height="8"/>
  <staticskin x="444.5" y="59.5" cx="437" cy="56" a="0" width="15" height="7"/>
  <staticskin x="412" y="39.5" cx="403" cy="34" a="0" width="18" height="11"/>
  <staticskin x="520" y="57.5" cx="510" cy="53" a="0" width="20" height="9"/>
  <staticskin x="563" y="37.5" cx="554" cy="33" a="0" width="18" height="9"/>
  <staticskin x="610" y="58.5" cx="601" cy="52" a="0" width="18" height="13"/>
  <staticskin x="653" y="37.5" cx="645" cy="32" a="0" width="16" height="11"/>
  <staticblueskin x="649" y="307.5" cx="644" cy="301" a="0" width="10" height="13"/>
  <staticblueskin x="572.5" y="288" cx="567" cy="282" a="0" width="11" height="12"/>
  <staticblueskin x="490.5" y="306" cx="486" cy="300" a="0" width="9" height="12"/>
  <staticblueskin x="559" y="336.5" cx="554" cy="331" a="0" width="10" height="11"/>
  <staticblueskin x="401" y="340.5" cx="396" cy="334" a="0" width="10" height="13"/>
  <staticblueskin x="473.5" y="307.5" cx="470" cy="304" a="0" width="7" height="7"/>
  <staticblueskin x="399.5" y="283" cx="397" cy="277" a="0" width="5" height="12"/>
  <minkskin x="718" y="17" a="0" width="36" height="27"/>
  <littlemouse x="698" y="349" a="0" width="37.35" height="34.3"/>
  <staticblueskin x="386" y="327.5" cx="382" cy="322" a="0" width="8" height="11"/>
  <staticblueskin x="335.5" y="297.5" cx="331" cy="291" a="0" width="9" height="13"/>
  <cheeseskin x="76" y="338" a="0" width="27.05" height="22"/>
  <cheeseskin x="359" y="347" a="0" width="27.05" height="22"/>
  <cheeseskin x="291" y="345" a="0" width="27.05" height="22"/>
  <cheeseskin x="219" y="340" a="0" width="27.05" height="22"/>
  <cheeseskin x="146" y="339" a="0" width="27.05" height="22"/>
  <staticblueskin x="575" y="343" cx="566" cy="338" a="0" width="18" height="10"/>
  <staticblueskin x="342.5" y="439.5" cx="-168" cy="364" a="0" width="1021" height="151"/>
  <staticblueskin x="656.5" y="315" cx="652" cy="265" a="0" width="9" height="100"/>
  <staticblueskin x="750" y="255" cx="730" cy="45" a="0" width="40" height="420"/>
  <staticblueskin x="663.5" y="334.5" cx="659" cy="329" a="0" width="9" height="11"/>
  <staticblueskin x="266" y="320.5" cx="261" cy="315" a="0" width="10" height="11"/>
  <staticblueskin x="316.5" y="284" cx="312" cy="278" a="0" width="9" height="12"/>
  <staticblueskin x="265.5" y="248.5" cx="259" cy="242" a="0" width="13" height="13"/>
  <staticblueskin x="248" y="324" cx="245" cy="319" a="0" width="6" height="10"/>
  <staticblueskin x="188.5" y="298.5" cx="184" cy="292" a="0" width="9" height="13"/>
  <staticblueskin x="248.5" y="251" cx="245" cy="244" a="0" width="7" height="14"/>
  <staticblueskin x="188.5" y="224.5" cx="183" cy="219" a="0" width="11" height="11"/>
  <staticblueskin x="115.5" y="318" cx="111" cy="312" a="0" width="9" height="12"/>
  <staticblueskin x="169" y="301.5" cx="164" cy="296" a="0" width="10" height="11"/>
  <staticblueskin x="115" y="257" cx="110" cy="249" a="0" width="10" height="16"/>
  <staticblueskin x="171" y="215" cx="167" cy="210" a="0" width="8" height="10"/>
  <staticblueskin x="114" y="191" cx="109" cy="185" a="0" width="10" height="12"/>
  <staticblueskin x="43.5" y="309.5" cx="39" cy="304" a="0" width="9" height="11"/>
  <staticblueskin x="97.5" y="269" cx="93" cy="262" a="0" width="9" height="14"/>
  <staticblueskin x="42" y="239" cx="37" cy="232" a="0" width="10" height="14"/>
  <staticblueskin x="98" y="200" cx="93" cy="194" a="0" width="10" height="12"/>
  <staticblueskin x="42.5" y="164" cx="38" cy="157" a="0" width="9" height="14"/>
  <staticblueskin x="725" y="296.5" cx="720" cy="290" a="0" width="10" height="13"/>
</scene>