<scene width="740" height="380">
  <timer time="60"/>
  <creator id="1089049"/>
  <bg id="4"/>
  <ballskin x="28" y="173" a="0" width="25" height="25"/>
  <ballskin x="295" y="310" a="0" width="25" height="25"/>
  <ballskin x="345" y="343" a="0" width="25" height="25"/>
  <ballskin x="445" y="342" a="0" width="25" height="25"/>
  <ballskin x="571" y="342" a="0" width="25" height="25"/>
  <ballskin x="270" y="48" a="0" width="25" height="25"/>
  <ballskin x="290" y="40" a="0" width="25" height="25"/>
  <ballskin x="293" y="45" a="0" width="25" height="25"/>
  <staticblueskin x="23.5" y="371.5" cx="2" cy="367" a="0" width="43" height="9"/>
  <staticblueskin x="96" y="331" cx="73" cy="327" a="0" width="46" height="8"/>
  <staticblueskin x="133.5" y="260" cx="131" cy="103" a="0" width="5" height="314"/>
  <staticblueskin x="23" y="287.5" cx="1" cy="285" a="0" width="44" height="5"/>
  <staticblueskin x="93" y="236.5" cx="70" cy="232" a="0" width="46" height="9"/>
  <staticblueskin x="24" y="200" cx="4" cy="197" a="0" width="40" height="6"/>
  <staticredskin x="90" y="146.5" cx="63" cy="143" a="0" width="54" height="7"/>
  <springboardskin x="218" y="243" a="0" width="51" height="10.95"/>
  <ground x="296.05" y="327.575" cx="289" cy="323" a="0" width="14.1" height="9.15"/>
  <ground x="347.025" y="354.5" cx="339" cy="350" a="0" width="16.05" height="9"/>
  <ground x="394.025" y="319.5" cx="385" cy="316" a="0" width="18.05" height="7"/>
  <ground x="446.525" y="353.55" cx="436" cy="348" a="0" width="21.05" height="11.1"/>
  <ground x="505.525" y="313.05" cx="498" cy="308" a="0" width="15.05" height="10.1"/>
  <ground x="567.025" y="352" cx="555" cy="346" a="0" width="24.05" height="12"/>
  <groundred x="627.525" y="305" cx="609" cy="294" a="0" width="38.05" height="23"/>
  <cheeseskin x="615" y="166" a="0" width="27.05" height="22"/>
  <springboardskin x="529" y="146" a="0" width="51" height="10.95"/>
  <springboardskin x="391" y="71" a="0" width="51" height="10.95"/>
  <staticredskin x="284.5" y="64.5" cx="245" cy="60" a="0" width="79" height="9"/>
  <minkskin x="281" y="47" a="0" width="36" height="27"/>
  <tree2 x="707" y="265" a="0" width="84.85" height="100"/>
  <tree2 x="199" y="327" a="0" width="84.85" height="100"/>
  <cheeseskin x="730" y="306" a="0" width="27.05" height="22"/>
  <staticblueskin x="602.5" y="227" cx="595" cy="223" a="0" width="15" height="8"/>
  <littlemouse x="27" y="361" a="0" width="37.35" height="34.3"/>
  <ballskin x="94" y="313" a="0" width="25" height="25"/>
  <ballskin x="115" y="317" a="0" width="25" height="25"/>
  <ballskin x="16" y="280" a="0" width="25" height="25"/>
  <ballskin x="40" y="273" a="0" width="25" height="25"/>
  <ballskin x="90" y="216" a="0" width="25" height="25"/>
  <ballskin x="82" y="220" a="0" width="25" height="25"/>
  <ballskin x="11" y="179" a="0" width="25" height="25"/>
</scene>