<scene width="740" height="380">
  <timer time="60"/>
  <creator id="2429223"/>
  <bg id="4"/>
  <minkskin x="449" y="82" a="0" width="36" height="27"/>
  <staticblueskin x="521.5" y="236.5" cx="497" cy="220" a="0" width="49" height="33"/>
  <staticblueskin x="624" y="176" cx="593" cy="162" a="0" width="62" height="28"/>
  <staticblueskin x="420" y="140" cx="391" cy="125" a="0" width="58" height="30"/>
  <staticskin x="103" y="288.5" cx="99" cy="197" a="0" width="8" height="183"/>
  <staticskin x="87" y="362" cx="77" cy="348" a="0" width="20" height="28"/>
  <staticskin x="14.5" y="286.5" cx="11" cy="284" a="0" width="7" height="5"/>
  <staticskin x="30.5" y="317.5" cx="18" cy="310" a="0" width="25" height="15"/>
  <staticskin x="217.5" y="290.5" cx="213" cy="203" a="0" width="9" height="175"/>
  <springboardskin x="156" y="371" a="0" width="51" height="10.95"/>
  <cheeseskin x="163" y="318" a="0" width="27.05" height="22"/>
  <springboardskin x="120" y="255" a="0" width="51" height="10.95"/>
  <staticskin x="86" y="254" cx="77" cy="240" a="0" width="18" height="28"/>
  <ballskin x="87" y="228" a="0" width="23.8" height="26.05"/>
  <staticblueskin x="325.5" y="364" cx="320" cy="349" a="0" width="11" height="30"/>
  <staticblueskin x="431" y="364.5" cx="424" cy="348" a="0" width="14" height="33"/>
  <staticblueskin x="505.5" y="364.5" cx="499" cy="348" a="0" width="13" height="33"/>
  <springboardskin x="614" y="310" a="0" width="51" height="10.95"/>
  <springboardskin x="645" y="118" a="0" width="51" height="10.95"/>
  <littlemouse x="86" y="332" a="0" width="37.35" height="34.3"/>
</scene>