<scene width="740" height="380">
  <timer time="40"/>
  <creator id="2606642"/>
  <bg id="1"/>
  <springboardskin x="166" y="305" a="0" width="51" height="10.95"/>
  <springboardskin x="76" y="336" a="0" width="51" height="10.95"/>
  <minkskin x="670" y="306" a="0" width="36" height="27"/>
  <cheeseskin x="47" y="43" a="0" width="27.05" height="22"/>
  <springboardskin x="45" y="67" a="0" width="51" height="10.95"/>
  <springboardskin x="127" y="68" a="0" width="51" height="10.95"/>
  <springboardskin x="198" y="95" a="0" width="51" height="10.95"/>
  <springboardskin x="283" y="126" a="0" width="51" height="10.95"/>
  <springboardskin x="451" y="138" a="0" width="51" height="10.95"/>
  <springboardskin x="537" y="116" a="0" width="51" height="10.95"/>
  <springboardskin x="598" y="77" a="0" width="51" height="10.95"/>
  <springboardskin x="663" y="61" a="0" width="51" height="10.95"/>
  <littlemouse x="73" y="316" a="0" width="37.35" height="34.3"/>
  <springboardskin x="670" y="329" a="0" width="51" height="10.95"/>
  <springboardskin x="584" y="302" a="0" width="51" height="10.95"/>
  <springboardskin x="514" y="278" a="0" width="51" height="10.95"/>
  <springboardskin x="451" y="251" a="0" width="51" height="10.95"/>
  <springboardskin x="334" y="247" a="0" width="51" height="10.95"/>
  <springboardskin x="390" y="243" a="0" width="51" height="10.95"/>
  <boxskin x="387" y="211" a="0" width="50" height="50"/>
  <springboardskin x="258" y="278" a="0" width="51" height="10.95"/>
</scene>