<scene width="740" height="380">
  <timer time="60"/>
  <creator id="2897018"/>
  <bg id="7"/>
  <staticblueskin x="364" y="33.5" cx="12" cy="25" a="0" width="704" height="17"/>
  <groundred x="376.5" y="359.5" cx="13" cy="341" a="0" width="728" height="38"/>
  <minkskin x="679" y="331" a="0" width="36" height="27"/>
  <cheeseskin x="339" y="50" a="0" width="27.05" height="22"/>
  <littlemouse x="126" y="72" a="0" width="37.35" height="34.3"/>
  <ballskin x="211" y="321" a="0" width="25" height="25"/>
  <ballskin x="273" y="307" a="0" width="25" height="25"/>
  <ballskin x="317" y="301" a="0" width="25" height="25"/>
  <ballskin x="354" y="303" a="0" width="25" height="25"/>
  <ballskin x="386" y="322" a="0" width="25" height="25"/>
  <ballskin x="421" y="322" a="0" width="25" height="25"/>
  <ballskin x="346" y="314" a="0" width="25" height="25"/>
  <ballskin x="310" y="323" a="0" width="25" height="25"/>
  <boxskin x="458" y="318" a="0" width="50" height="50"/>
  <heavyboxskin x="524" y="285" a="0" width="41.05" height="22"/>
  <ballskin x="402" y="269" a="0" width="25" height="25"/>
  <ballskin x="509" y="339" a="0" width="25" height="25"/>
  <ballskin x="552" y="327" a="0" width="25" height="25"/>
  <ballskin x="571" y="299" a="0" width="25" height="25"/>
  <ballskin x="608" y="309" a="0" width="25" height="25"/>
  <heavyboxskin x="624" y="319" a="0" width="41.05" height="22"/>
  <boxskin x="226" y="233" a="9" width="50" height="50"/>
  <ballskin x="155" y="268" a="0" width="25" height="25"/>
  <ballskin x="331" y="268" a="0" width="25" height="25"/>
  <heavyboxskin x="452" y="212" a="0" width="41.05" height="22"/>
  <springboardskin x="483" y="195" a="0" width="51" height="10.95"/>
  <heavyboxskin x="575" y="208" a="0" width="41.05" height="22"/>
  <ballskin x="395" y="194" a="0" width="25" height="25"/>
  <ballskin x="189" y="297" a="0" width="25" height="25"/>
  <staticblueskin x="49" y="55" cx="10" cy="39" a="0" width="78" height="32"/>
  <staticblueskin x="51" y="215" cx="34" cy="88" a="0" width="34" height="254"/>
  <staticblueskin x="731.5" y="199.5" cx="721" cy="56" a="0" width="21" height="287"/>
</scene>