<scene width="740" height="380">
  <timer time="60"/>
  <creator id="2471392"/>
  <bg id="1"/>
  <springboardskin x="515" y="327" a="0" width="51" height="10.95"/>
  <groundred x="717.775" y="325.275" cx="700" cy="319" a="0" width="36.55" height="13.55"/>
  <staticskin x="355.5" y="44.5" cx="69" cy="36" a="0" width="573" height="17"/>
  <staticskin x="360" y="131.5" cx="45" cy="121" a="0" width="630" height="21"/>
  <staticskin x="365" y="203.5" cx="28" cy="199" a="0" width="674" height="9"/>
  <staticblueskin x="389.5" y="355" cx="48" cy="332" a="0" width="683" height="46"/>
  <staticblueskin x="450" y="323.5" cx="439" cy="316" a="0" width="22" height="15"/>
  <staticblueskin x="314" y="323.5" cx="301" cy="316" a="0" width="26" height="15"/>
  <staticblueskin x="173" y="322" cx="161" cy="310" a="0" width="24" height="24"/>
  <staticblueskin x="577.5" y="321.5" cx="565" cy="312" a="0" width="25" height="19"/>
  <springboardskin x="516" y="328" a="0" width="51" height="10.95"/>
  <springboardskin x="384" y="329" a="0" width="51" height="10.95"/>
  <springboardskin x="236" y="329" a="0" width="51" height="10.95"/>
  <groundred x="368.5" y="241.5" cx="38" cy="238" a="0" width="662" height="8"/>
  <cheeseskin x="102" y="327" a="0" width="27.05" height="22"/>
  <minkskin x="378" y="19" a="0" width="36" height="27"/>
  <littlemouse x="206" y="25" a="0" width="37.35" height="34.3"/>
</scene>