<scene width="740" height="380">
  <timer time="60"/>
  <creator id="2370976"/>
  <bg id="9"/>
  <ballskin x="224" y="140" a="0" width="25" height="25"/>
  <ballskin x="335" y="129" a="0" width="25" height="25"/>
  <ballskin x="412" y="130" a="0" width="25" height="25"/>
  <staticblueskin x="602" y="229" cx="564" cy="216" a="0" width="76" height="26"/>
  <staticblueskin x="489" y="274" cx="442" cy="260" a="0" width="94" height="28"/>
  <cheeseskin x="109" y="81" a="0" width="27.05" height="22"/>
  <staticskin x="119.5" y="91" cx="73" cy="88" a="0" width="93" height="6"/>
  <staticskin x="284" y="88.5" cx="242" cy="86" a="0" width="84" height="5"/>
  <minkskin x="85" y="301" a="0" width="36" height="27"/>
  <springboardskin x="367" y="322" a="0" width="51" height="10.95"/>
  <springboardskin x="250" y="348" a="0" width="51" height="10.95"/>
  <littlemouse x="126" y="133" a="0" width="37.35" height="34.3"/>
  <staticskin x="14.5" y="173" cx="-2" cy="168" a="0" width="33" height="10"/>
  <rpointer x="256" y="402" a="0" width="40" height="33.7"/>
  <lpointer x="146" y="130" a="0" width="40" height="33.7"/>
  <rpointer x="170" y="70" a="0" width="40" height="33.7"/>
  <rpointer x="451" y="76" a="0" width="40" height="33.7"/>
  <staticskin x="715" y="107" cx="702" cy="103" a="0" width="26" height="8"/>
  <staticskin x="683.5" y="137" cx="679" cy="132" a="0" width="9" height="10"/>
  <staticskin x="665" y="174" cx="661" cy="167" a="0" width="8" height="14"/>
  <staticredskin x="347" y="97.5" cx="62" cy="93" a="0" width="570" height="9"/>
  <staticredskin x="307.5" y="159" cx="28" cy="152" a="0" width="559" height="14"/>
  <ballskin x="100" y="141" a="0" width="25" height="25"/>
</scene>