<scene width="740" height="380">
  <timer time="60"/>
  <creator id="2939489"/>
  <bg id="12"/>
  <minkskin x="525" y="268" a="0" width="36" height="27"/>
  <cheeseskin x="627" y="91" a="0" width="27.05" height="22"/>
  <cheeseskin x="103" y="89" a="0" width="27.05" height="22"/>
  <springboardskin x="376" y="341" a="0" width="51" height="10.95"/>
  <springboardskin x="624" y="352" a="0" width="51" height="10.95"/>
  <stone x="691" y="323" a="0" width="31.25" height="22.9"/>
  <flowers1 x="438" y="324" a="0" width="60" height="58.2"/>
  <springboardskin x="96" y="328" a="0" width="51" height="10.95"/>
  <boxskin x="252" y="341" a="0" width="50" height="50"/>
  <springboardskin x="626" y="299" a="0" width="51" height="10.95"/>
  <littlemouse x="630" y="252" a="0" width="37.35" height="34.3"/>
  <boxskin x="528" y="310" a="0" width="50" height="50"/>
  <boxskin x="268" y="185" a="0" width="50" height="50"/>
  <boxskin x="96" y="359" a="0" width="50" height="50"/>
  <boxskin x="181" y="352" a="0" width="50" height="50"/>
  <boxskin x="443" y="361" a="0" width="50" height="50"/>
  <boxskin x="686" y="358" a="0" width="50" height="50"/>
  <rpointer x="269" y="140" a="0" width="40" height="33.7"/>
  <lpointer x="258" y="401" a="0" width="40" height="33.7"/>
  <lpointer x="534" y="261" a="0" width="40" height="33.7"/>
  <carrierhorizontal x="249" y="230" linewidth="300" lineheight="20" boxwidth="50" boxheight="20"/>
  <carriervertical x="382" y="30" linewidth="50" lineheight="200" boxwidth="50" boxheight="20"/>
  <ballskin x="487" y="210" a="0" width="23.8" height="26.05"/>
  <ballskin x="412" y="192" a="0" width="23.8" height="26.05"/>
  <ballskin x="435" y="242" a="0" width="23.8" height="26.05"/>
  <tree2 x="35" y="271" a="0" width="84.85" height="100"/>
  <tree x="678" y="276" a="0" width="78.35" height="100"/>
  <springboardskin x="175" y="316" a="0" width="51" height="10.95"/>
  <springboardskin x="264" y="297" a="0" width="51" height="10.95"/>
  <springboardskin x="455" y="328" a="0" width="51" height="10.95"/>
</scene>