<scene width="740" height="380">
  <timer time="40"/>
  <creator id="2595340"/>
  <bg id="1"/>
  <minkskin x="55" y="47" a="0" width="36" height="27"/>
  <littlemouse x="100" y="46" a="0" width="37.35" height="34.3"/>
  <springboardskin x="347" y="84" a="0" width="51" height="10.95"/>
  <springboardskin x="423" y="114" a="0" width="51" height="10.95"/>
  <springboardskin x="510" y="156" a="0" width="51" height="10.95"/>
  <springboardskin x="582" y="192" a="0" width="51" height="10.95"/>
  <springboardskin x="648" y="224" a="0" width="51" height="10.95"/>
  <springboardskin x="602" y="256" a="0" width="51" height="10.95"/>
  <springboardskin x="460" y="248" a="0" width="51" height="10.95"/>
  <springboardskin x="326" y="207" a="0" width="51" height="10.95"/>
  <springboardskin x="389" y="238" a="0" width="51" height="10.95"/>
  <springboardskin x="293" y="278" a="0" width="51" height="10.95"/>
  <springboardskin x="378" y="329" a="0" width="51" height="10.95"/>
  <springboardskin x="443" y="331" a="0" width="51" height="10.95"/>
  <springboardskin x="514" y="343" a="0" width="51" height="10.95"/>
  <staticskin x="630" y="325.5" cx="560" cy="321" a="0" width="140" height="9"/>
  <cheeseskin x="590" y="294" a="0" width="27.05" height="22"/>
  <groundred x="633.75" y="320.25" cx="566" cy="317" a="0" width="136.5" height="7.5"/>
  <staticskin x="518.5" y="250" cx="500" cy="246" a="0" width="37" height="8"/>
  <staticskin x="138.5" y="215" cx="11" cy="63" a="0" width="255" height="304"/>
</scene>