<scene width="740" height="380">
  <timer time="60"/>
  <creator id="2859264"/>
  <bg id="12"/>
  <cheeseskin x="579" y="240" a="0" width="27.05" height="22"/>
  <staticblueskin x="162.5" y="183" cx="140" cy="180" a="0" width="45" height="6"/>
  <staticblueskin x="107.5" y="245.5" cx="90" cy="241" a="0" width="35" height="9"/>
  <staticblueskin x="226.5" y="244.5" cx="208" cy="234" a="0" width="37" height="21"/>
  <staticblueskin x="179.5" y="287" cx="162" cy="282" a="0" width="35" height="10"/>
  <cheeseskin x="174" y="251" a="0" width="27.05" height="22"/>
  <staticblueskin x="59.5" y="248" cx="44" cy="245" a="0" width="31" height="6"/>
  <staticblueskin x="379.5" y="363" cx="276" cy="358" a="0" width="207" height="10"/>
  <heavyboxskin x="307" y="341" a="0" width="41" height="22"/>
  <ballskin x="362" y="339" a="0" width="23.8" height="26.05"/>
  <ballskin x="389" y="331" a="0" width="23.8" height="26.05"/>
  <ballskin x="418" y="345" a="0" width="23.8" height="26.05"/>
  <ballskin x="408" y="314" a="0" width="23.8" height="26.05"/>
  <ballskin x="366" y="325" a="0" width="23.8" height="26.05"/>
  <groundred x="385.5" y="277.025" cx="368" cy="269" a="0" width="36" height="17.05"/>
  <boxskin x="410" y="333" a="0" width="50" height="50"/>
  <littlemouse x="137" y="75" a="0" width="37.35" height="34.3"/>
  <minkskin x="698" y="24" a="0" width="36" height="27"/>
  <staticblueskin x="540.5" y="171" cx="531" cy="167" a="0" width="19" height="8"/>
  <groundblue x="21" y="188" cx="13" cy="29" a="0" width="17" height="319"/>
  <staticblueskin x="309.5" y="122.5" cx="81" cy="118" a="0" width="457" height="9"/>
  <staticblueskin x="609.5" y="122.5" cx="591" cy="118" a="0" width="37" height="9"/>
  <staticblueskin x="573.5" y="189" cx="558" cy="185" a="0" width="31" height="8"/>
  <staticblueskin x="525.5" y="242" cx="506" cy="238" a="0" width="39" height="8"/>
  <staticblueskin x="624.5" y="241.5" cx="607" cy="237" a="0" width="35" height="9"/>
  <staticblueskin x="579.5" y="282.5" cx="556" cy="278" a="0" width="47" height="9"/>
</scene>