<scene width="740" height="380">
  <timer time="60"/>
  <creator id="2564232"/>
  <bg id="3"/>
  <staticskin x="73.5" y="239.5" cx="25" cy="230" a="0" width="97" height="19"/>
  <staticskin x="652" y="238" cx="598" cy="226" a="0" width="108" height="24"/>
  <staticskin x="354.5" y="376" cx="-76" cy="373" a="0" width="861" height="6"/>
  <springboardskin x="301" y="377" a="0" width="51" height="10.95"/>
  <minkskin x="348" y="80" a="0" width="36" height="27"/>
  <cheeseskin x="644" y="68" a="0" width="27.05" height="22"/>
  <littlemouse x="53" y="36" a="0" width="37.35" height="34.3"/>
  <springboardskin x="65" y="134" a="0" width="51" height="10.95"/>
  <springboardskin x="355" y="373" a="0" width="51" height="10.95"/>
  <springboardskin x="649" y="145" a="0" width="51" height="10.95"/>
  <springboardskin x="381" y="378" a="0" width="51" height="10.95"/>
  <springboardskin x="328" y="373" a="0" width="51" height="10.95"/>
  <tree2 x="644" y="323" a="0" width="84.85" height="100"/>
  <tree2 x="64" y="320" a="0" width="84.85" height="100"/>
  <heavyboxskin x="515" y="355" a="0" width="41" height="22"/>
  <heavyboxskin x="175" y="355" a="0" width="41" height="22"/>
</scene>