<scene width="740" height="380">
  <timer time="60"/>
  <creator id="2418072"/>
  <bg id="9"/>
  <springboardskin x="377" y="65" a="0" width="51" height="10.95"/>
  <springboardskin x="577" y="131" a="0" width="51" height="10.95"/>
  <lpointer x="186" y="270" a="0" width="40" height="33.7"/>
  <cactus x="215" y="272" a="0" width="20" height="42.55"/>
  <stone x="489" y="277" a="0" width="31.25" height="22.9"/>
  <boxskin x="570" y="269" a="0" width="50" height="50"/>
  <ballskin x="307" y="266" a="0" width="25" height="25"/>
  <ballskin x="397" y="267" a="0" width="25" height="25"/>
  <ballskin x="487" y="264" a="0" width="25" height="25"/>
  <ballskin x="267" y="265" a="0" width="25" height="25"/>
  <boxskin x="146" y="265" a="50" width="50" height="50"/>
  <springboardskin x="669" y="252" a="0" width="51" height="10.95"/>
  <cheeseskin x="377" y="33" a="0" width="27.05" height="22"/>
  <minkskin x="52" y="340" a="0" width="36" height="27"/>
  <littlemouse x="709" y="316" a="0" width="37.35" height="34.3"/>
  <groundred x="717.75" y="364.8" cx="706" cy="359" a="0" width="24.5" height="12.6"/>
  <groundblue x="389.75" y="394.3" cx="92" cy="294" a="0" width="596.5" height="201.6"/>
  <springboardskin x="34" y="226" a="0" width="51" height="10.95"/>
  <springboardskin x="206" y="116" a="0" width="51" height="10.95"/>
</scene>