<scene width="740" height="380">
  <timer time="40"/>
  <creator id="2397792"/>
  <bg id="3"/>
  <ballskin x="434" y="239" a="0" width="25" height="25"/>
  <ballskin x="654" y="219" a="0" width="25" height="25"/>
  <ballskin x="211" y="79" a="0" width="25" height="25"/>
  <ballskin x="172" y="211" a="0" width="25" height="25"/>
  <tree x="431" y="327" a="0" width="78.35" height="100"/>
  <littlemouse x="474" y="54" a="0" width="37.35" height="34.3"/>
  <staticredskin x="368" y="366.5" cx="9" cy="361" a="0" width="718" height="11"/>
  <staticredskin x="404" y="11.5" cx="-3" cy="9" a="0" width="814" height="5"/>
  <staticredskin x="721.5" y="186" cx="700" cy="21" a="0" width="43" height="330"/>
  <cheeseskin x="348" y="157" a="0" width="27.05" height="22"/>
  <minkskin x="630" y="95" a="0" width="36" height="27"/>
  <staticredskin x="379.5" y="149.5" cx="375" cy="120" a="0" width="9" height="59"/>
  <staticblueskin x="133.5" y="293.5" cx="122" cy="291" a="0" width="23" height="5"/>
  <staticredskin x="392.75" y="143.85" cx="603" cy="19" a="60" width="6" height="489"/>
  <staticredskin x="18.5" y="190" cx="13" cy="15" a="0" width="11" height="350"/>
  <staticredskin x="116.07499999999999" y="69.575" cx="211" cy="9" a="60" width="10" height="225"/>
</scene>