<scene width="740" height="380">
  <timer time="60"/>
  <creator id="3012039"/>
  <bg id="2"/>
  <tree2 x="213" y="152" a="0" width="84.85" height="100"/>
  <heavyboxskin x="324" y="190" a="0" width="41.05" height="22"/>
  <boxskin x="670" y="231" a="0" width="50" height="50"/>
  <staticredskin x="624" y="257" cx="508" cy="254" a="0" width="232" height="6"/>
  <ballskin x="359" y="261" a="0" width="25" height="25"/>
  <staticblueskin x="287" y="310" cx="102" cy="257" a="0" width="370" height="106"/>
  <stone x="587" y="241" a="0" width="31.25" height="22.9"/>
  <flowers2 x="609" y="236" a="0" width="60" height="33.45"/>
  <cheeseskin x="426" y="191" a="0" width="27.05" height="22"/>
  <cheeseskin x="536" y="111" a="0" width="27.05" height="22"/>
  <cheeseskin x="37" y="252" a="0" width="27.05" height="22"/>
  <springboardskin x="559" y="246" a="0" width="51" height="10.95"/>
  <boxskin x="631" y="232" a="0" width="50" height="50"/>
  <ground x="607.5" y="339" cx="477" cy="332" a="0" width="261" height="14"/>
  <staticblueskin x="178" y="87" cx="29" cy="84" a="0" width="298" height="6"/>
  <staticskin x="225" y="201" cx="83" cy="197" a="0" width="284" height="8"/>
  <minkskin x="677" y="304" a="0" width="36" height="27"/>
  <littlemouse x="212" y="62" a="0" width="37.35" height="34.3"/>
</scene>