<scene width="740" height="380">
  <timer time="80"/>
  <creator id="1171333"/>
  <bg id="4"/>
  <groundblue x="169.25" y="388.275" cx="124" cy="370" a="0" width="91.5" height="37.55"/>
  <springboardskin x="373" y="245" a="0" width="51" height="10.95"/>
  <springboardskin x="228" y="246" a="0" width="51" height="10.95"/>
  <staticblueskin x="42.5" y="373.5" cx="-5" cy="368" a="0" width="95" height="11"/>
  <staticblueskin x="534" y="374.5" cx="464" cy="360" a="0" width="140" height="29"/>
  <ground x="333.025" y="391.05" cx="248" cy="363" a="0" width="170.05" height="56.1"/>
  <groundblue x="699.75" y="382.275" cx="644" cy="364" a="0" width="112.5" height="37.55"/>
  <springboardskin x="659" y="359" a="0" width="51" height="10.95"/>
  <minkskin x="28" y="344" a="0" width="36" height="27"/>
  <cheeseskin x="73" y="30" a="0" width="27.05" height="22"/>
  <carriervertical x="146" y="50" linewidth="50" lineheight="200" boxwidth="50" boxheight="20"/>
  <springboardskin x="335" y="358" a="0" width="51" height="10.95"/>
  <heavyboxskin x="528" y="174" a="0" width="41" height="22"/>
  <ballskin x="455" y="171" a="0" width="23.8" height="26.05"/>
  <ballskin x="190" y="221" a="0" width="23.8" height="26.05"/>
  <littlemouse x="33" y="339" a="0" width="37.35" height="34.3"/>
  <staticredskin x="194.5" y="5.5" cx="0" cy="0" a="0" width="389" height="11"/>
  <staticredskin x="548.5" y="5" cx="386" cy="0" a="0" width="325" height="10"/>
  <ballskin x="401" y="222" a="0" width="23.8" height="26.05"/>
  <ballskin x="371" y="73" a="0" width="23.8" height="26.05"/>
  <ballskin x="222" y="148" a="0" width="23.8" height="26.05"/>
  <ballskin x="323" y="165" a="0" width="23.8" height="26.05"/>
  <ballskin x="105" y="171" a="0" width="23.8" height="26.05"/>
  <ballskin x="368" y="140" a="0" width="23.8" height="26.05"/>
  <staticredskin x="3.5" y="119.5" cx="0" cy="11" a="0" width="7" height="217"/>
  <staticredskin x="4.5" y="240" cx="0" cy="220" a="0" width="9" height="40"/>
  <heavyboxskin x="294" y="214" a="0" width="41" height="22"/>
  <carriervertical x="599" y="396" linewidth="50" lineheight="200" boxwidth="50" boxheight="20"/>
  <groundred x="313.25" y="261.25" cx="3" cy="253" a="0" width="621.5" height="17.5"/>
  <carrierhorizontal x="241" y="82" linewidth="300" lineheight="20" boxwidth="50" boxheight="20"/>
  <staticskin x="735.5" y="222.5" cx="728" cy="77" a="0" width="15" height="291"/>
  <springboardskin x="704" y="245" a="0" width="51" height="10.95"/>
  <springboardskin x="641" y="135" a="0" width="51" height="10.95"/>
</scene>