<scene width="2500" height="1200">
  <timer time="60"/>
  <creator id="2366584"/>
  <bg id="11"/>
  <staticredskin x="8" y="1152.5" cx="2" cy="1103" a="0" width="12" height="99"/>
  <staticblueskin x="108.5" y="1201.5" cx="2" cy="1190" a="0" width="213" height="23"/>
  <staticblueskin x="282.175" y="1194.55" cx="216" cy="1193" a="-3" width="132" height="10"/>
  <staticblueskin x="422.15" y="1181.5" cx="348" cy="1190" a="-10" width="149" height="9"/>
  <staticblueskin x="551.125" y="1157.375" cx="496" cy="1168" a="-15" width="112" height="8"/>
  <staticblueskin x="671.85" y="1120.45" cx="605" cy="1140" a="-20" width="139" height="9"/>
  <staticblueskin x="781.475" y="1081.325" cx="737" cy="1096" a="-25" width="93" height="11"/>
  <staticblueskin x="882.1" y="1029.65" cx="824" cy="1058" a="-30" width="129" height="9"/>
  <staticblueskin x="972.825" y="974.2" cx="939" cy="993" a="-35" width="77" height="8"/>
  <staticblueskin x="1049.85" y="915.75" cx="1004" cy="949" a="-40" width="113" height="8"/>
  <staticblueskin x="1136.55" y="837.8" cx="1092" cy="876" a="-45" width="117" height="9"/>
  <staticblueskin x="1214.375" y="754.325" cx="1178" cy="793" a="-50" width="106" height="6"/>
  <staticblueskin x="2491.5" y="275" cx="2485" cy="-40" a="0" width="13" height="630"/>
  <staticblueskin x="2496" y="874.5" cx="2485" cy="591" a="0" width="22" height="567"/>
  <staticblueskin x="2491.5" y="1185.5" cx="2486" cy="1158" a="0" width="11" height="55"/>
  <staticblueskin x="2056.5" y="1207" cx="1603" cy="1196" a="0" width="907" height="22"/>
  <minkskin x="2461" y="1177" a="0" width="36" height="27"/>
  <littlemouse x="50" y="29" a="0" width="37.35" height="34.3"/>
  <cheeseskin x="50" y="28" a="0" width="27.05" height="22"/>
  <staticblueskin x="1276.975" y="677.725" cx="1248" cy="713" a="-55" width="91" height="7"/>
  <staticblueskin x="8" y="219.5" cx="1" cy="1" a="0" width="14" height="437"/>
  <staticblueskin x="9" y="711" cx="2" cy="414" a="0" width="14" height="594"/>
  <staticblueskin x="9" y="1060.5" cx="3" cy="1009" a="0" width="12" height="103"/>
</scene>