<scene width="740" height="380">
  <timer time="120"/>
  <creator id="1343292"/>
  <bg id="9"/>
  <ground x="633.525" y="226.5" cx="617" cy="217" a="0" width="33.05" height="19"/>
  <ground x="623" y="130.025" cx="616" cy="116" a="0" width="14" height="28.05"/>
  <minkskin x="73" y="59" a="0" width="36" height="27"/>
  <groundblue x="377.75" y="356.75" cx="12" cy="349" a="0" width="732.5" height="16.5"/>
  <carriervertical x="369" y="20" linewidth="50" lineheight="200" boxwidth="50" boxheight="20"/>
  <carriervertical x="117" y="142" linewidth="50" lineheight="200" boxwidth="50" boxheight="20"/>
  <littlemouse x="28" y="330" a="0" width="37.35" height="34.3"/>
  <ground x="459.5" y="295.5" cx="177" cy="235" a="0" width="565" height="121"/>
  <cheeseskin x="682" y="221" a="0" width="27.05" height="22"/>
  <lpointer x="202" y="213" a="0" width="40" height="33.7"/>
  <springboardskin x="189" y="150" a="0" width="51" height="10.95"/>
  <springboardskin x="132" y="91" a="0" width="51" height="10.95"/>
  <tree x="326" y="185" a="0" width="78.35" height="100"/>
  <tree2 x="463" y="184" a="0" width="84.85" height="100"/>
  <flowers1 x="559" y="220" a="0" width="60" height="58.2"/>
  <flowers1 x="401" y="220" a="0" width="60" height="58.2"/>
  <flowers2 x="442" y="215" a="0" width="60" height="33.45"/>
  <tree2 x="375" y="184" a="0" width="84.85" height="100"/>
  <tree x="350" y="188" a="0" width="78.35" height="100"/>
  <flowers1 x="493" y="220" a="0" width="60" height="58.2"/>
  <flowers2 x="528" y="217" a="0" width="60" height="33.45"/>
  <groundblue x="608.25" y="168.25" cx="600" cy="99" a="0" width="17.5" height="139.5"/>
  <ground x="571" y="227.025" cx="550" cy="221" a="0" width="42" height="12.05"/>
  <springboardskin x="479" y="219" a="0" width="51" height="10.95"/>
  <springboardskin x="559" y="177" a="0" width="51" height="10.95"/>
  <groundblue x="703.25" y="165.25" cx="691" cy="95" a="0" width="25.5" height="141.5"/>
  <groundblue x="735.25" y="106.775" cx="717" cy="96" a="0" width="37.5" height="22.55"/>
  <groundblue x="672.275" y="177.75" cx="656" cy="174" a="0" width="33.55" height="8.5"/>
</scene>