<scene width="740" height="380">
  <timer time="60"/>
  <creator id="2072579"/>
  <bg id="9"/>
  <staticskin x="312" y="133.5" cx="257" cy="131" a="0" width="110" height="5"/>
  <heavyboxskin x="118" y="116" a="0" width="41" height="22"/>
  <heavyboxskin x="213" y="122" a="0" width="41" height="22"/>
  <heavyboxskin x="65" y="126" a="0" width="41" height="22"/>
  <ballskin x="97" y="212" a="0" width="23.8" height="26.05"/>
  <ballskin x="158" y="198" a="0" width="23.8" height="26.05"/>
  <ballskin x="99" y="283" a="0" width="23.8" height="26.05"/>
  <ballskin x="63" y="230" a="0" width="23.8" height="26.05"/>
  <minkskin x="539" y="27" a="0" width="36" height="27"/>
  <cheeseskin x="535" y="66" a="0" width="27.05" height="22"/>
  <boxskin x="460" y="283" a="0" width="50" height="50"/>
  <boxskin x="536" y="230" a="0" width="50" height="50"/>
  <boxskin x="644" y="309" a="0" width="50" height="50"/>
  <staticskin x="645.5" y="366.5" cx="636" cy="334" a="0" width="19" height="65"/>
  <boxskin x="589" y="348" a="0" width="50" height="50"/>
  <springboardskin x="533" y="377" a="0" width="51" height="10.95"/>
  <staticskin x="217.5" y="241" cx="207" cy="211" a="0" width="21" height="60"/>
  <cheeseskin x="278" y="271" a="0" width="27.05" height="22"/>
  <staticskin x="604.5" y="153" cx="600" cy="142" a="0" width="9" height="22"/>
  <staticskin x="585.5" y="247.5" cx="572" cy="244" a="0" width="27" height="7"/>
  <staticblueskin x="283.5" y="313.5" cx="273" cy="291" a="0" width="21" height="45"/>
  <staticskin x="539" y="272.5" cx="535" cy="266" a="0" width="8" height="13"/>
  <boxskin x="644" y="145" a="0" width="50" height="50"/>
  <staticredskin x="707" y="365.5" cx="675" cy="352" a="0" width="64" height="27"/>
  <staticredskin x="711" y="196" cx="681" cy="182" a="0" width="60" height="28"/>
  <ballskin x="719" y="241" a="0" width="23.8" height="26.05"/>
  <staticskin x="578.5" y="159.5" cx="571" cy="148" a="0" width="15" height="23"/>
  <staticskin x="512.5" y="190.5" cx="503" cy="184" a="0" width="19" height="13"/>
  <staticskin x="647.5" y="177.5" cx="639" cy="170" a="0" width="17" height="15"/>
  <springboardskin x="533" y="89" a="0" width="51" height="10.95"/>
  <staticskin x="634.5" y="70.5" cx="589" cy="59" a="0" width="91" height="23"/>
  <staticredskin x="573.5" y="83.5" cx="563" cy="75" a="0" width="21" height="17"/>
  <staticskin x="590" y="376.5" cx="573" cy="373" a="0" width="34" height="7"/>
  <staticskin x="218" y="301" cx="210" cy="271" a="0" width="16" height="60"/>
  <staticskin x="244.5" y="328" cx="233" cy="324" a="0" width="23" height="8"/>
  <staticskin x="398.5" y="79.5" cx="389" cy="61" a="0" width="19" height="37"/>
  <staticskin x="29" y="86.5" cx="12" cy="63" a="0" width="34" height="47"/>
  <littlemouse x="31" y="33" a="0" width="37.35" height="34.3"/>
  <staticskin x="126.5" y="69.5" cx="121" cy="62" a="0" width="11" height="15"/>
  <staticskin x="214" y="67.5" cx="210" cy="61" a="0" width="8" height="13"/>
  <staticskin x="302.5" y="75" cx="295" cy="61" a="0" width="15" height="28"/>
  <staticskin x="501" y="158.5" cx="493" cy="1" a="0" width="16" height="315"/>
  <carriervertical x="454" y="33" linewidth="50" lineheight="200" boxwidth="50" boxheight="20"/>
  <staticblueskin x="415.5" y="320" cx="341" cy="311" a="0" width="149" height="18"/>
  <springboardskin x="370" y="304" a="0" width="51" height="10.95"/>
  <staticblueskin x="315.5" y="313" cx="309" cy="296" a="0" width="13" height="34"/>
  <heavyboxskin x="280" y="278" a="0" width="41" height="22"/>
  <heavyboxskin x="280" y="252" a="0" width="41" height="22"/>
  <staticredskin x="24.5" y="280.5" cx="16" cy="180" a="0" width="17" height="201"/>
  <staticredskin x="148.5" y="384" cx="48" cy="371" a="0" width="201" height="26"/>
  <heavyboxskin x="166" y="122" a="0" width="41" height="22"/>
  <staticblueskin x="374" y="376" cx="252" cy="370" a="0" width="244" height="12"/>
  <staticredskin x="243.5" y="271" cx="230" cy="229" a="0" width="27" height="84"/>
  <staticskin x="277.5" y="224" cx="216" cy="211" a="0" width="123" height="26"/>
  <staticredskin x="141" y="159" cx="36" cy="145" a="0" width="210" height="28"/>
  <staticskin x="259" y="159" cx="255" cy="145" a="0" width="8" height="28"/>
  <staticskin x="319.5" y="188" cx="315" cy="174" a="0" width="9" height="28"/>
  <staticredskin x="320" y="192.5" cx="315" cy="180" a="0" width="10" height="25"/>
  <staticredskin x="312.5" y="114.5" cx="255" cy="108" a="0" width="115" height="13"/>
</scene>