<scene width="740" height="380">
  <timer time="80"/>
  <creator id="2386949"/>
  <bg id="4"/>
  <springboardskin x="547" y="283" a="0" width="51" height="10.95"/>
  <springboardskin x="465" y="226" a="0" width="51" height="10.95"/>
  <springboardskin x="554" y="156" a="0" width="51" height="10.95"/>
  <littlemouse x="33" y="338" a="0" width="37.35" height="34.3"/>
  <staticblueskin x="296.5" y="373" cx="15" cy="352" a="0" width="563" height="42"/>
  <staticblueskin x="659.5" y="373.5" cx="580" cy="365" a="0" width="159" height="17"/>
  <rpointer x="73" y="336" a="0" width="40" height="33.7"/>
  <staticblueskin x="445.025" y="166.85" cx="438" cy="224" a="-170" width="6" height="115"/>
  <staticskin x="108.5" y="344.5" cx="87" cy="338" a="0" width="43" height="13"/>
  <staticskin x="151.5" y="330.5" cx="129" cy="324" a="0" width="45" height="13"/>
  <staticskin x="195" y="315.5" cx="172" cy="308" a="0" width="46" height="15"/>
  <staticskin x="237.5" y="300.5" cx="210" cy="293" a="0" width="55" height="15"/>
  <staticskin x="195" y="216.5" cx="181" cy="209" a="0" width="28" height="15"/>
  <staticblueskin x="174" y="121.5" cx="166" cy="116" a="0" width="16" height="11"/>
  <staticskin x="164" y="191" cx="150" cy="184" a="0" width="28" height="14"/>
  <staticblueskin x="195" y="59" cx="171" cy="51" a="0" width="48" height="16"/>
  <staticskin x="136.5" y="171" cx="118" cy="158" a="0" width="37" height="26"/>
  <staticskin x="104" y="147.5" cx="83" cy="138" a="0" width="42" height="19"/>
  <staticskin x="87" y="125" cx="72" cy="111" a="0" width="30" height="28"/>
  <staticblueskin x="125.5" y="84" cx="112" cy="79" a="0" width="27" height="10"/>
  <lpointer x="581" y="77" a="15" width="40" height="33.7"/>
  <lpointer x="254" y="40" a="0" width="40" height="33.7"/>
  <ground x="713.5" y="223.5" cx="708" cy="93" a="0" width="11" height="261"/>
  <minkskin x="676" y="338" a="0" width="36" height="27"/>
  <ground x="677.025" y="359.25" cx="639" cy="353" a="0" width="76.05" height="12.5"/>
  <ground x="610.5" y="228.5" cx="577" cy="92" a="0" width="67" height="273"/>
  <ground x="694.575" y="263.5" cx="679" cy="259" a="0" width="31.15" height="9"/>
  <ground x="644.6" y="128" cx="632" cy="124" a="0" width="25.2" height="8"/>
  <ground x="695.525" y="184" cx="680" cy="179" a="0" width="31.05" height="10"/>
  <ground x="650.025" y="313" cx="635" cy="307" a="0" width="30.05" height="12"/>
  <cheeseskin x="200" y="49" a="0" width="27.05" height="22"/>
  <staticskin x="343" y="61" cx="243" cy="56" a="0" width="200" height="10"/>
  <staticblueskin x="287.5" y="284" cx="260" cy="280" a="0" width="55" height="8"/>
  <staticskin x="248.5" y="231" cx="226" cy="221" a="0" width="45" height="20"/>
  <springboardskin x="342" y="276" a="0" width="51" height="10.95"/>
  <springboardskin x="469" y="341" a="0" width="51" height="10.95"/>
</scene>