<scene width="740" height="380">
  <timer time="60"/>
  <creator id="1723815"/>
  <bg id="12"/>
  <rpointer x="309" y="251" a="0" width="40" height="33.7"/>
  <littlemouse x="62" y="127" a="0" width="37.35" height="34.3"/>
  <carrierhorizontal x="97" y="319" linewidth="300" lineheight="20" boxwidth="50" boxheight="20"/>
  <carrierhorizontal x="517" y="185" linewidth="300" lineheight="20" boxwidth="50" boxheight="20"/>
  <carriervertical x="400" y="332" linewidth="50" lineheight="200" boxwidth="50" boxheight="20"/>
  <carriervertical x="474" y="337" linewidth="50" lineheight="200" boxwidth="50" boxheight="20"/>
  <carriervertical x="251" y="186" linewidth="50" lineheight="200" boxwidth="50" boxheight="20"/>
  <carrierhorizontal x="524" y="241" linewidth="300" lineheight="20" boxwidth="50" boxheight="20"/>
  <carriervertical x="527" y="301" linewidth="50" lineheight="200" boxwidth="50" boxheight="20"/>
  <carrierhorizontal x="351" y="290" linewidth="300" lineheight="20" boxwidth="50" boxheight="20"/>
  <carrierhorizontal x="36" y="163" linewidth="300" lineheight="20" boxwidth="50" boxheight="20"/>
  <carrierhorizontal x="352" y="138" linewidth="300" lineheight="20" boxwidth="50" boxheight="20"/>
  <carrierhorizontal x="428" y="216" linewidth="300" lineheight="20" boxwidth="50" boxheight="20"/>
  <carrierhorizontal x="97" y="222" linewidth="300" lineheight="20" boxwidth="50" boxheight="20"/>
  <carrierhorizontal x="41" y="288" linewidth="300" lineheight="20" boxwidth="50" boxheight="20"/>
  <cheeseskin x="366" y="256" a="0" width="27.05" height="22"/>
  <carriervertical x="332" y="331" linewidth="50" lineheight="200" boxwidth="50" boxheight="20"/>
  <carrierhorizontal x="574" y="325" linewidth="300" lineheight="20" boxwidth="50" boxheight="20"/>
  <carrierhorizontal x="13" y="362" linewidth="300" lineheight="20" boxwidth="50" boxheight="20"/>
  <carriervertical x="182" y="252" linewidth="50" lineheight="200" boxwidth="50" boxheight="20"/>
  <carrierhorizontal x="566" y="264" linewidth="600" lineheight="20" boxwidth="50" boxheight="20"/>
  <minkskin x="653" y="297" a="0" width="36" height="27"/>
  <rpointer x="251" y="124" a="0" width="40" height="33.7"/>
  <lpointer x="525" y="192" a="0" width="40" height="33.7"/>
</scene>