<scene width="740" height="380">
  <timer time="60"/>
  <creator id="2523389"/>
  <bg id="1"/>
  <staticskin x="406" y="108" cx="403" cy="104" a="0" width="6" height="8"/>
  <staticskin x="415" y="108" cx="412" cy="105" a="0" width="6" height="6"/>
  <staticredskin x="306" y="248.5" cx="302" cy="246" a="0" width="8" height="5"/>
  <staticredskin x="306.5" y="242" cx="297" cy="237" a="0" width="19" height="10"/>
  <staticskin x="422.5" y="112" cx="419" cy="108" a="0" width="7" height="8"/>
  <staticskin x="221" y="112" cx="218" cy="109" a="0" width="6" height="6"/>
  <staticredskin x="411" y="126.5" cx="407" cy="120" a="0" width="8" height="13"/>
  <staticredskin x="232" y="121.5" cx="229" cy="116" a="0" width="6" height="11"/>
  <staticskin x="427" y="125.5" cx="424" cy="121" a="0" width="6" height="9"/>
  <staticskin x="408.5" y="187.5" cx="406" cy="162" a="0" width="5" height="51"/>
  <staticskin x="405.5" y="229.5" cx="402" cy="224" a="0" width="7" height="11"/>
  <staticskin x="401" y="243.5" cx="398" cy="239" a="0" width="6" height="9"/>
  <staticskin x="395" y="259" cx="391" cy="254" a="0" width="8" height="10"/>
  <staticskin x="428" y="143.5" cx="425" cy="139" a="0" width="6" height="9"/>
  <staticskin x="421.5" y="165" cx="419" cy="161" a="0" width="5" height="8"/>
  <staticskin x="219.5" y="180" cx="217" cy="150" a="0" width="5" height="60"/>
  <staticskin x="219.5" y="121.5" cx="216" cy="119" a="0" width="7" height="5"/>
  <staticskin x="220" y="136.5" cx="217" cy="133" a="0" width="6" height="7"/>
  <staticskin x="228.5" y="226" cx="224" cy="222" a="0" width="9" height="8"/>
  <staticskin x="241" y="249" cx="238" cy="243" a="0" width="6" height="12"/>
  <staticskin x="252" y="266" cx="249" cy="261" a="0" width="6" height="10"/>
  <staticskin x="374.5" y="281.5" cx="370" cy="277" a="0" width="9" height="9"/>
  <staticskin x="262" y="298.5" cx="259" cy="295" a="0" width="6" height="7"/>
  <cheeseskin x="536" y="300" a="0" width="27.05" height="22"/>
  <staticskin x="537" y="339.5" cx="507" cy="336" a="0" width="60" height="7"/>
  <littlemouse x="331" y="106" a="0" width="37.35" height="34.3"/>
  <staticskin x="356.5" y="176.5" cx="345" cy="174" a="0" width="23" height="5"/>
  <staticskin x="342.5" y="188.5" cx="340" cy="175" a="0" width="5" height="27"/>
  <staticskin x="356.5" y="207.5" cx="343" cy="205" a="0" width="27" height="5"/>
  <staticskin x="373" y="189" cx="370" cy="174" a="0" width="6" height="30"/>
  <ballskin x="357" y="190" a="0" width="25" height="25"/>
  <minkskin x="366" y="257" a="0" width="36" height="27"/>
  <staticskin x="258.5" y="188.5" cx="255" cy="175" a="0" width="7" height="27"/>
  <staticskin x="268.5" y="207" cx="258" cy="204" a="0" width="21" height="6"/>
  <staticskin x="271" y="175" cx="264" cy="172" a="0" width="14" height="6"/>
  <staticskin x="285" y="189.5" cx="281" cy="173" a="0" width="8" height="33"/>
  <ballskin x="271" y="192" a="0" width="25" height="25"/>
  <carrierhorizontal x="195" y="337" linewidth="300" lineheight="20" boxwidth="50" boxheight="20"/>
  <staticskin x="305" y="268" cx="302" cy="251" a="0" width="6" height="34"/>
  <staticskin x="314.5" y="290.5" cx="311" cy="285" a="0" width="7" height="11"/>
  <staticskin x="326" y="300" cx="321" cy="296" a="0" width="10" height="8"/>
  <staticskin x="292.5" y="289" cx="288" cy="284" a="0" width="9" height="10"/>
  <staticskin x="282" y="299.5" cx="278" cy="296" a="0" width="8" height="7"/>
  <staticskin x="321" y="125.5" cx="258" cy="121" a="0" width="126" height="9"/>
  <staticskin x="252" y="117.5" cx="247" cy="112" a="0" width="10" height="11"/>
  <staticskin x="245.5" y="112" cx="243" cy="109" a="0" width="5" height="6"/>
  <staticskin x="239.5" y="108" cx="237" cy="104" a="0" width="5" height="8"/>
  <staticskin x="232.5" y="104.5" cx="230" cy="101" a="0" width="5" height="7"/>
  <staticskin x="226.5" y="105.5" cx="224" cy="103" a="0" width="5" height="5"/>
  <staticskin x="388" y="124.5" cx="385" cy="120" a="0" width="6" height="9"/>
  <staticskin x="396.5" y="116.5" cx="394" cy="112" a="0" width="5" height="9"/>
</scene>