<scene width="740" height="380">
  <timer time="60"/>
  <creator id="2769949"/>
  <bg id="2"/>
  <staticskin x="36.5" y="313.5" cx="-6" cy="299" a="0" width="85" height="29"/>
  <staticblueskin x="125" y="276" cx="80" cy="270" a="0" width="90" height="12"/>
  <staticskin x="203.5" y="249" cx="166" cy="242" a="0" width="75" height="14"/>
  <staticblueskin x="287" y="275" cx="243" cy="264" a="0" width="88" height="22"/>
  <staticskin x="342.5" y="195" cx="331" cy="108" a="0" width="23" height="174"/>
  <staticredskin x="316.5" y="254" cx="304" cy="246" a="0" width="25" height="16"/>
  <cactus x="339" y="89" a="0" width="20" height="42.55"/>
  <staticskin x="532" y="270" cx="488" cy="263" a="0" width="88" height="14"/>
  <springboardskin x="530" y="231" a="0" width="51" height="10.95"/>
  <cheeseskin x="529" y="144" a="0" width="27.05" height="22"/>
  <groundblue x="640.25" y="292.75" cx="600" cy="283" a="0" width="81.5" height="20.5"/>
  <groundblue x="688.25" y="353.75" cx="653" cy="348" a="0" width="71.5" height="12.5"/>
  <groundblue x="563.75" y="352.25" cx="513" cy="345" a="0" width="102.5" height="15.5"/>
  <staticredskin x="634.5" y="342" cx="624" cy="329" a="0" width="21" height="26"/>
  <staticblueskin x="423" y="358.5" cx="374" cy="344" a="0" width="98" height="29"/>
  <staticblueskin x="288" y="350.5" cx="249" cy="338" a="0" width="78" height="25"/>
  <minkskin x="300" y="321" a="0" width="36" height="27"/>
  <littlemouse x="13" y="287" a="0" width="37.35" height="34.3"/>
  <ballskin x="665" y="272" a="0" width="23.8" height="26.05"/>
  <ballskin x="634" y="315" a="0" width="23.8" height="26.05"/>
  <staticblueskin x="378.5" y="91.5" cx="361" cy="89" a="0" width="35" height="5"/>
  <staticredskin x="407.5" y="336" cx="378" cy="330" a="0" width="59" height="12"/>
  <staticredskin x="452" y="201.5" cx="426" cy="196" a="0" width="52" height="11"/>
  <bush x="594" y="330" a="0" width="59.4" height="32.3"/>
  <bush x="535" y="331" a="0" width="59.4" height="32.3"/>
  <bush x="672" y="334" a="0" width="59.4" height="32.3"/>
  <bush x="618" y="270" a="0" width="59.4" height="32.3"/>
  <bush x="703" y="333" a="0" width="59.4" height="32.3"/>
</scene>