<scene width="740" height="380">
  <timer time="40"/>
  <creator id="2873193"/>
  <bg id="5"/>
  <staticblueskin x="120" y="255" cx="112" cy="244" a="0" width="16" height="22"/>
  <staticblueskin x="180.5" y="227" cx="171" cy="215" a="0" width="19" height="24"/>
  <staticblueskin x="230.5" y="203" cx="223" cy="185" a="0" width="15" height="36"/>
  <staticblueskin x="283.5" y="173" cx="278" cy="157" a="0" width="11" height="32"/>
  <staticblueskin x="330" y="154.5" cx="324" cy="124" a="0" width="12" height="61"/>
  <staticblueskin x="374.5" y="115.5" cx="369" cy="96" a="0" width="11" height="39"/>
  <staticblueskin x="418.5" y="93.5" cx="412" cy="71" a="0" width="13" height="45"/>
  <staticblueskin x="509" y="52" cx="466" cy="38" a="0" width="86" height="28"/>
  <cheeseskin x="334" y="102" a="0" width="27.05" height="22"/>
  <staticskin x="63.5" y="275.5" cx="30" cy="271" a="0" width="67" height="9"/>
  <littlemouse x="33" y="263" a="0" width="37.35" height="34.3"/>
  <minkskin x="539" y="24" a="0" width="36" height="27"/>
</scene>