<scene width="740" height="380">
  <timer time="80"/>
  <creator id="2970447"/>
  <bg id="0"/>
  <staticredskin x="700" y="235.5" cx="665" cy="231" a="0" width="70" height="9"/>
  <staticredskin x="696.5" y="300.5" cx="656" cy="234" a="0" width="81" height="133"/>
  <staticredskin x="633" y="238" cx="590" cy="233" a="0" width="86" height="10"/>
  <staticblueskin x="37" y="256.5" cx="0" cy="252" a="0" width="74" height="9"/>
  <littlemouse x="38" y="324" a="0" width="37.35" height="34.3"/>
  <cheeseskin x="487" y="342" a="0" width="27.05" height="22"/>
  <minkskin x="594" y="313" a="0" width="36" height="27"/>
  <staticskin x="374.5" y="374.5" cx="0" cy="367" a="0" width="749" height="15"/>
  <staticskin x="180.5" y="229.5" cx="174" cy="91" a="0" width="13" height="277"/>
  <staticblueskin x="151" y="303" cx="120" cy="297" a="0" width="62" height="12"/>
  <staticblueskin x="139.5" y="325.5" cx="99" cy="318" a="0" width="81" height="15"/>
  <staticblueskin x="152.5" y="228.5" cx="125" cy="223" a="0" width="55" height="11"/>
  <staticblueskin x="17" y="192" cx="-32" cy="187" a="0" width="98" height="10"/>
  <staticblueskin x="158.5" y="168" cx="136" cy="162" a="0" width="45" height="12"/>
  <staticblueskin x="10.5" y="127.5" cx="-40" cy="121" a="0" width="101" height="13"/>
  <staticblueskin x="149" y="96" cx="123" cy="87" a="0" width="52" height="18"/>
  <staticredskin x="346" y="361" cx="187" cy="355" a="0" width="318" height="12"/>
  <staticskin x="509" y="224.5" cx="503" cy="84" a="0" width="12" height="281"/>
  <staticredskin x="524" y="275" cx="519" cy="188" a="0" width="10" height="174"/>
  <cheeseskin x="205" y="336" a="0" width="27.05" height="22"/>
  <ballskin x="384" y="345" a="0" width="23.8" height="26.05"/>
  <ballskin x="358" y="334" a="0" width="23.8" height="26.05"/>
  <ballskin x="317" y="337" a="0" width="23.8" height="26.05"/>
  <ballskin x="359" y="277" a="0" width="23.8" height="26.05"/>
  <ballskin x="323" y="278" a="0" width="23.8" height="26.05"/>
  <staticskin x="402" y="2.5" cx="58" cy="-3" a="0" width="688" height="11"/>
  <staticskin x="24.5" y="4" cx="-3" cy="0" a="0" width="55" height="8"/>
  <staticskin x="2.5" y="208" cx="-3" cy="-13" a="0" width="11" height="442"/>
  <staticskin x="739" y="155" cx="736" cy="-68" a="0" width="6" height="446"/>
  <staticredskin x="596" y="188.5" cx="529" cy="186" a="0" width="134" height="5"/>
</scene>