<scene width="740" height="380">
  <timer time="80"/>
  <creator id="2992619"/>
  <bg id="2"/>
  <staticblueskin x="359.5" y="371" cx="-14" cy="352" a="0" width="747" height="38"/>
  <groundred x="698.5" y="363" cx="653" cy="345" a="0" width="91" height="36"/>
  <staticblueskin x="689" y="130.5" cx="640" cy="127" a="0" width="98" height="7"/>
  <cheeseskin x="721" y="150" a="0" width="27.05" height="22"/>
  <staticblueskin x="77" y="105" cx="30" cy="100" a="0" width="94" height="10"/>
  <staticblueskin x="26.5" y="57" cx="23" cy="0" a="0" width="7" height="114"/>
  <staticblueskin x="391" y="7" cx="27" cy="2" a="0" width="728" height="10"/>
  <staticblueskin x="126" y="78" cx="122" cy="49" a="0" width="8" height="58"/>
  <littlemouse x="75" y="79" a="0" width="37.35" height="34.3"/>
  <staticblueskin x="411.5" y="64" cx="132" cy="58" a="0" width="559" height="12"/>
  <staticblueskin x="222" y="54" cx="210" cy="49" a="0" width="24" height="10"/>
  <staticblueskin x="365.5" y="55.5" cx="352" cy="49" a="0" width="27" height="13"/>
  <staticblueskin x="547.5" y="54.5" cx="536" cy="46" a="0" width="23" height="17"/>
  <staticredskin x="77" y="98.5" cx="31" cy="90" a="0" width="92" height="17"/>
  <staticblueskin x="676" y="20" cx="642" cy="16" a="0" width="68" height="8"/>
  <springboardskin x="38" y="341" a="0" width="51" height="10.95"/>
  <staticblueskin x="198.5" y="176" cx="84" cy="170" a="0" width="229" height="12"/>
  <staticblueskin x="282" y="158.5" cx="246" cy="155" a="0" width="72" height="7"/>
  <staticblueskin x="331" y="123.5" cx="290" cy="119" a="0" width="82" height="9"/>
  <staticblueskin x="456.5" y="139" cx="452" cy="94" a="0" width="9" height="90"/>
  <staticblueskin x="370" y="173" cx="364" cy="140" a="0" width="12" height="66"/>
  <staticblueskin x="446.5" y="223.5" cx="368" cy="218" a="0" width="157" height="11"/>
  <minkskin x="336" y="200" a="0" width="36" height="27"/>
  <staticblueskin x="338.5" y="141.5" cx="318" cy="138" a="0" width="41" height="7"/>
  <staticblueskin x="525" y="170" cx="467" cy="166" a="0" width="116" height="8"/>
  <staticblueskin x="578" y="227" cx="573" cy="178" a="0" width="10" height="98"/>
  <staticblueskin x="424" y="265" cx="282" cy="260" a="0" width="284" height="10"/>
  <staticblueskin x="303" y="224.5" cx="296" cy="189" a="0" width="14" height="71"/>
  <springboardskin x="329" y="254" a="0" width="51" height="10.95"/>
</scene>