<scene width="740" height="380">
  <timer time="60"/>
  <creator id="2989833"/>
  <bg id="5"/>
  <staticblueskin x="203" y="309" cx="122" cy="297" a="0" width="162" height="24"/>
  <staticblueskin x="213" y="258.5" cx="146" cy="252" a="0" width="134" height="13"/>
  <staticblueskin x="313.5" y="329" cx="301" cy="307" a="0" width="25" height="44"/>
  <staticblueskin x="153.5" y="234" cx="145" cy="215" a="0" width="17" height="38"/>
  <staticblueskin x="215" y="215" cx="145" cy="205" a="0" width="140" height="20"/>
  <staticblueskin x="281.5" y="216" cx="245" cy="205" a="0" width="73" height="22"/>
  <staticblueskin x="328" y="244.5" cx="314" cy="154" a="0" width="28" height="181"/>
  <staticblueskin x="326.5" y="134" cx="310" cy="103" a="0" width="33" height="62"/>
  <staticblueskin x="282" y="116" cx="247" cy="103" a="0" width="70" height="26"/>
  <staticblueskin x="249" y="129.5" cx="240" cy="106" a="0" width="18" height="47"/>
  <staticblueskin x="202.5" y="154" cx="135" cy="147" a="0" width="135" height="14"/>
  <staticblueskin x="138.5" y="118.5" cx="130" cy="89" a="0" width="17" height="59"/>
  <staticblueskin x="167" y="95" cx="130" cy="87" a="0" width="74" height="16"/>
  <staticblueskin x="196" y="73.5" cx="189" cy="48" a="0" width="14" height="51"/>
  <staticblueskin x="59.5" y="73" cx="40" cy="65" a="0" width="39" height="16"/>
  <staticblueskin x="318.5" y="52" cx="194" cy="43" a="0" width="249" height="18"/>
  <springboardskin x="367" y="350" a="0" width="51" height="10.95"/>
  <springboardskin x="423" y="288" a="0" width="51" height="10.95"/>
  <springboardskin x="352" y="226" a="0" width="51" height="10.95"/>
  <staticblueskin x="322.5" y="339.5" cx="308" cy="307" a="0" width="29" height="65"/>
  <cheeseskin x="183" y="240" a="0" width="27.05" height="22"/>
  <minkskin x="172" y="126" a="0" width="36" height="27"/>
  <littlemouse x="59" y="204" a="0" width="37.35" height="34.3"/>
  <staticblueskin x="452" y="180" cx="442" cy="43" a="0" width="20" height="274"/>
  <cheeseskin x="169" y="61" a="0" width="27.05" height="22"/>
  <staticblueskin x="47" y="87.5" cx="38" cy="-3" a="0" width="18" height="181"/>
  <staticblueskin x="50.5" y="172" cx="21" cy="163" a="0" width="59" height="18"/>
  <staticblueskin x="48" y="303.5" cx="37" cy="223" a="0" width="22" height="161"/>
  <staticblueskin x="288.5" y="384" cx="35" cy="357" a="0" width="507" height="54"/>
  <staticblueskin x="528" y="181" cx="514" cy="-17" a="0" width="28" height="396"/>
  <staticblueskin x="288" y="-1.5" cx="14" cy="-15" a="0" width="548" height="27"/>
  <staticblueskin x="75" y="236" cx="50" cy="222" a="0" width="50" height="28"/>
  <cheeseskin x="170" y="339" a="0" width="27.05" height="22"/>
  <staticblueskin x="133.5" y="329" cx="121" cy="297" a="0" width="25" height="64"/>
  <staticredskin x="61.5" y="304" cx="57" cy="250" a="0" width="9" height="108"/>
</scene>