<scene width="740" height="380">
  <timer time="60"/>
  <creator id="2984850"/>
  <bg id="0"/>
  <carrierhorizontal x="439" y="301" linewidth="300" lineheight="20" boxwidth="50" boxheight="20"/>
  <carrierhorizontal x="506" y="228" linewidth="300" lineheight="20" boxwidth="50" boxheight="20"/>
  <carrierhorizontal x="558" y="152" linewidth="300" lineheight="20" boxwidth="50" boxheight="20"/>
  <carrierhorizontal x="592" y="84" linewidth="300" lineheight="20" boxwidth="50" boxheight="20"/>
  <boxskin x="198" y="358" a="0" width="50" height="50"/>
  <boxskin x="197" y="308" a="0" width="50" height="50"/>
  <boxskin x="199" y="258" a="0" width="50" height="50"/>
  <boxskin x="249" y="356" a="0" width="50" height="50"/>
  <boxskin x="248" y="306" a="0" width="50" height="50"/>
  <boxskin x="299" y="356" a="0" width="50" height="50"/>
  <carrierhorizontal x="515" y="368" linewidth="300" lineheight="20" boxwidth="50" boxheight="20"/>
  <cheeseskin x="710" y="72" a="0" width="27.05" height="22"/>
  <boxskin x="148" y="355" a="0" width="50" height="50"/>
  <boxskin x="149" y="308" a="0" width="50" height="50"/>
  <boxskin x="95" y="357" a="0" width="50" height="50"/>
  <rpointer x="25" y="360" a="0" width="40" height="33.7"/>
  <rpointer x="199" y="215" a="0" width="40" height="33.7"/>
  <carriervertical x="67" y="71" linewidth="50" lineheight="200" boxwidth="50" boxheight="20"/>
  <carriervertical x="26" y="47" linewidth="50" lineheight="200" boxwidth="50" boxheight="20"/>
  <carriervertical x="357" y="358" linewidth="50" lineheight="200" boxwidth="50" boxheight="20"/>
  <heavyboxskin x="418" y="368" a="0" width="41.05" height="22"/>
  <heavyboxskin x="466" y="366" a="0" width="41.05" height="22"/>
  <ballskin x="461" y="340" a="0" width="25" height="25"/>
  <ballskin x="501" y="363" a="0" width="25" height="25"/>
  <springboardskin x="198" y="227" a="0" width="51" height="10.95"/>
  <minkskin x="28" y="30" a="0" width="36" height="27"/>
  <tree2 x="347" y="212" a="0" width="84.85" height="100"/>
  <flowers2 x="582" y="124" a="0" width="60" height="33.45"/>
  <carriervertical x="352" y="261" linewidth="50" lineheight="200" boxwidth="50" boxheight="20"/>
  <flowers1 x="143" y="266" a="0" width="60" height="58.2"/>
  <littlemouse x="38" y="360" a="0" width="37.35" height="34.3"/>
  <ballskin x="79" y="57" a="0" width="25" height="25"/>
  <ballskin x="620" y="57" a="0" width="25" height="25"/>
  <ballskin x="616" y="212" a="0" width="25" height="25"/>
  <ballskin x="640" y="210" a="0" width="25" height="25"/>
  <ballskin x="666" y="211" a="0" width="25" height="25"/>
  <ballskin x="696" y="211" a="0" width="25" height="25"/>
  <cheeseskin x="729" y="214" a="0" width="27.05" height="22"/>
  <stone x="712" y="356" a="0" width="31.25" height="22.9"/>
  <boxskin x="634" y="275" a="0" width="50" height="50"/>
  <cheeseskin x="726" y="288" a="0" width="27.05" height="22"/>
</scene>