<scene width="740" height="380">
  <timer time="60"/>
  <creator id="2874602"/>
  <bg id="11"/>
  <staticskin x="295" y="234" cx="284" cy="86" a="0" width="22" height="296"/>
  <staticskin x="415.5" y="234.5" cx="405" cy="89" a="0" width="21" height="291"/>
  <littlemouse x="349" y="60" a="0" width="37.35" height="34.3"/>
  <cheeseskin x="349" y="201" a="0" width="27.05" height="22"/>
  <minkskin x="346" y="341" a="0" width="36" height="27"/>
  <staticskin x="352.5" y="356.5" cx="322" cy="350" a="0" width="61" height="13"/>
</scene>