<scene width="740" height="380">
  <timer time="80"/>
  <creator id="1954056"/>
  <bg id="12"/>
  <carriervertical x="104" y="138" linewidth="50" lineheight="200" boxwidth="50" boxheight="20"/>
  <staticskin x="176" y="385.5" cx="170" cy="331" a="0" width="12" height="109"/>
  <minkskin x="207" y="164" a="0" width="36" height="27"/>
  <groundblue x="516.25" y="161.75" cx="452" cy="91" a="0" width="129.5" height="142.5"/>
  <tree2 x="527" y="57" a="0" width="84.85" height="100"/>
  <tree x="612" y="158" a="0" width="78.35" height="100"/>
  <littlemouse x="78" y="42" a="0" width="37.35" height="34.3"/>
  <springboardskin x="394" y="138" a="0" width="51" height="10.95"/>
  <ground x="-34.5" y="63.5" cx="-298" cy="57" a="0" width="527" height="13"/>
  <staticblueskin x="246" y="188" cx="241" cy="64" a="0" width="10" height="248"/>
  <staticblueskin x="289.5" y="176.5" cx="283" cy="62" a="0" width="13" height="229"/>
  <staticblueskin x="335.5" y="178" cx="331" cy="46" a="0" width="9" height="264"/>
  <staticblueskin x="414.5" y="222.5" cx="176" cy="184" a="0" width="477" height="77"/>
  <staticblueskin x="441" y="161" cx="417" cy="23" a="0" width="48" height="276"/>
  <flowers1 x="524" y="162" a="0" width="60" height="58.2"/>
  <flowers2 x="441" y="59" a="0" width="60" height="33.45"/>
  <stone x="232" y="42" a="0" width="31.25" height="22.9"/>
  <bush x="278" y="167" a="0" width="59.4" height="32.3"/>
  <cactus x="398" y="158" a="0" width="20" height="42.55"/>
  <stone x="325" y="161" a="0" width="31.25" height="22.9"/>
  <cheeseskin x="26" y="352" a="0" width="27.05" height="22"/>
  <staticredskin x="3.5" y="350.5" cx="-4" cy="341" a="0" width="15" height="19"/>
  <staticredskin x="736.5" y="346.5" cx="732" cy="330" a="0" width="9" height="33"/>
  <staticblueskin x="371" y="398.5" cx="5" cy="358" a="0" width="732" height="81"/>
</scene>