<scene width="740" height="380">
  <timer time="80"/>
  <creator id="2866561"/>
  <bg id="1"/>
  <cheeseskin x="312" y="222" a="0" width="27.05" height="22"/>
  <flowers2 x="375" y="332" a="0" width="60" height="33.45"/>
  <cactus x="662" y="330" a="0" width="20" height="42.55"/>
  <springboardskin x="464" y="348" a="0" width="51" height="10.95"/>
  <springboardskin x="600" y="352" a="0" width="51" height="10.95"/>
  <springboardskin x="161" y="350" a="0" width="51" height="10.95"/>
  <carriervertical x="47" y="186" linewidth="50" lineheight="200" boxwidth="50" boxheight="20"/>
  <carriervertical x="530" y="148" linewidth="50" lineheight="200" boxwidth="50" boxheight="20"/>
  <flowers1 x="245" y="343" a="0" width="60" height="58.2"/>
  <carrierhorizontal x="286" y="245" linewidth="300" lineheight="20" boxwidth="50" boxheight="20"/>
  <carriervertical x="259" y="235" linewidth="50" lineheight="200" boxwidth="50" boxheight="20"/>
  <carriervertical x="361" y="236" linewidth="50" lineheight="200" boxwidth="50" boxheight="20"/>
  <minkskin x="633" y="85" a="0" width="36" height="27"/>
  <littlemouse x="45" y="169" a="0" width="37.35" height="34.3"/>
  <springboardskin x="628" y="132" a="0" width="51" height="10.95"/>
</scene>