<scene width="740" height="380">
  <timer time="60"/>
  <creator id="294850"/>
  <bg id="4"/>
  <staticredskin x="589" y="284.5" cx="585" cy="258" a="0" width="8" height="53"/>
  <minkskin x="693" y="288" a="0" width="36" height="27"/>
  <littlemouse x="558" y="272" a="0" width="37.35" height="34.3"/>
  <staticskin x="60.5" y="104.5" cx="14" cy="96" a="0" width="93" height="17"/>
  <staticskin x="108.5" y="93.5" cx="104" cy="75" a="0" width="9" height="37"/>
  <staticskin x="278.5" y="4" cx="-27" cy="-7" a="0" width="611" height="22"/>
  <springboardskin x="86" y="91" a="0" width="51" height="10.95"/>
  <staticredskin x="40.5" y="92" cx="14" cy="88" a="0" width="53" height="8"/>
  <staticblueskin x="159" y="107.5" cx="106" cy="105" a="0" width="106" height="5"/>
  <staticredskin x="349" y="180.5" cx="330" cy="170" a="0" width="38" height="21"/>
  <staticredskin x="347.5" y="165" cx="323" cy="155" a="0" width="49" height="20"/>
  <heavyboxskin x="355" y="144" a="0" width="41" height="22"/>
  <staticblueskin x="435" y="99" cx="211" cy="96" a="0" width="448" height="6"/>
  <staticskin x="420.5" y="198.5" cx="59" cy="190" a="0" width="723" height="17"/>
  <boxskin x="197" y="85" a="0" width="50" height="50"/>
  <staticredskin x="300.5" y="-1.5" cx="298" cy="-26" a="0" width="5" height="49"/>
  <staticblueskin x="286.5" y="1.5" cx="269" cy="-2" a="0" width="35" height="7"/>
  <staticblueskin x="266.5" y="22" cx="264" cy="-2" a="0" width="5" height="48"/>
  <staticblueskin x="314.5" y="3.5" cx="291" cy="0" a="0" width="47" height="7"/>
  <staticblueskin x="322.5" y="24" cx="320" cy="3" a="0" width="5" height="42"/>
  <staticblueskin x="297" y="44" cx="262" cy="41" a="0" width="70" height="6"/>
  <ballskin x="299" y="28" a="0" width="23.8" height="26.05"/>
  <ground x="712" y="147.5" cx="671" cy="139" a="0" width="82" height="17"/>
  <ground x="703.5" y="167.525" cx="650" cy="157" a="0" width="107" height="21.05"/>
  <ground x="697" y="191" cx="639" cy="179" a="0" width="116" height="24"/>
  <flowers2 x="196" y="44" a="0" width="60" height="33.45"/>
  <staticblueskin x="277.5" y="170" cx="273" cy="146" a="0" width="9" height="48"/>
  <staticblueskin x="294.5" y="185.5" cx="283" cy="175" a="0" width="23" height="21"/>
  <staticblueskin x="423.5" y="169.5" cx="416" cy="147" a="0" width="15" height="45"/>
  <staticblueskin x="407" y="187" cx="392" cy="179" a="0" width="30" height="16"/>
  <cheeseskin x="91" y="50" a="0" width="27.05" height="22"/>
  <carrierhorizontal x="613" y="407" linewidth="300" lineheight="20" boxwidth="50" boxheight="20"/>
  <carriervertical x="26" y="208" linewidth="50" lineheight="200" boxwidth="50" boxheight="20"/>
  <staticskin x="405" y="334" cx="71" cy="324" a="0" width="668" height="20"/>
  <staticblueskin x="468.5" y="214.5" cx="465" cy="189" a="0" width="7" height="51"/>
  <staticblueskin x="467.5" y="238" cx="450" cy="233" a="0" width="35" height="10"/>
  <staticblueskin x="467" y="248.5" cx="442" cy="244" a="0" width="50" height="9"/>
  <staticblueskin x="468" y="259" cx="438" cy="253" a="0" width="60" height="12"/>
  <staticblueskin x="469" y="268.5" cx="443" cy="265" a="0" width="52" height="7"/>
  <staticblueskin x="469" y="276.5" cx="451" cy="272" a="0" width="36" height="9"/>
  <staticredskin x="219.5" y="320" cx="200" cy="315" a="0" width="39" height="10"/>
  <staticblueskin x="261" y="316.5" cx="238" cy="312" a="0" width="46" height="9"/>
  <staticskin x="322" y="315.5" cx="285" cy="309" a="0" width="74" height="13"/>
  <staticblueskin x="388" y="316" cx="360" cy="311" a="0" width="56" height="10"/>
  <staticredskin x="437" y="319.5" cx="417" cy="314" a="0" width="40" height="11"/>
  <staticskin x="526.75" y="313.475" cx="532" cy="299" a="33" width="7" height="30"/>
  <staticskin x="557" y="297" cx="526" cy="292" a="0" width="62" height="10"/>
  <staticskin x="583.15" y="309.075" cx="583" cy="291" a="14" width="9" height="35"/>
</scene>