<scene width="740" height="380">
  <timer time="60"/>
  <creator id="2765087"/>
  <bg id="1"/>
  <staticblueskin x="310" y="36" cx="305" cy="2" a="0" width="10" height="68"/>
  <staticblueskin x="357.5" y="25" cx="353" cy="-21" a="0" width="9" height="92"/>
  <staticblueskin x="385.5" y="77" cx="355" cy="74" a="0" width="61" height="6"/>
  <staticblueskin x="414" y="114.5" cx="410" cy="80" a="0" width="8" height="69"/>
  <staticblueskin x="461.5" y="152" cx="411" cy="149" a="0" width="101" height="6"/>
  <staticblueskin x="332.5" y="127" cx="278" cy="122" a="0" width="109" height="10"/>
  <staticblueskin x="380" y="153" cx="376" cy="133" a="0" width="8" height="40"/>
  <staticblueskin x="431.5" y="179.5" cx="376" cy="176" a="0" width="111" height="7"/>
  <littlemouse x="195" y="44" a="0" width="37.35" height="34.3"/>
  <minkskin x="606" y="35" a="0" width="36" height="27"/>
  <cheeseskin x="504" y="135" a="0" width="27.05" height="22"/>
  <staticblueskin x="482.5" y="210" cx="477" cy="180" a="0" width="11" height="60"/>
  <staticblueskin x="531.5" y="246.5" cx="478" cy="242" a="0" width="107" height="9"/>
  <staticblueskin x="539" y="215" cx="533" cy="191" a="0" width="12" height="48"/>
  <staticblueskin x="471.5" y="129" cx="466" cy="108" a="0" width="11" height="42"/>
  <staticblueskin x="539.5" y="101" cx="463" cy="95" a="0" width="153" height="12"/>
  <staticblueskin x="272.5" y="100.5" cx="267" cy="71" a="0" width="11" height="59"/>
  <staticblueskin x="223" y="68" cx="168" cy="63" a="0" width="110" height="10"/>
  <staticblueskin x="262.5" y="103" cx="241" cy="99" a="0" width="43" height="8"/>
  <staticblueskin x="171.5" y="100" cx="169" cy="72" a="0" width="5" height="56"/>
  <staticblueskin x="126" y="84" cx="119" cy="-16" a="0" width="14" height="200"/>
  <staticblueskin x="73.5" y="191" cx="11" cy="186" a="0" width="125" height="10"/>
  <staticblueskin x="87.5" y="232" cx="82" cy="195" a="0" width="11" height="74"/>
  <staticblueskin x="124.5" y="265.5" cx="91" cy="260" a="0" width="67" height="11"/>
  <staticblueskin x="158" y="231" cx="154" cy="192" a="0" width="8" height="78"/>
  <staticblueskin x="187" y="190.5" cx="150" cy="187" a="0" width="74" height="7"/>
  <staticblueskin x="217.5" y="160" cx="213" cy="125" a="0" width="9" height="70"/>
  <staticblueskin x="217" y="164.5" cx="198" cy="161" a="0" width="38" height="7"/>
  <staticblueskin x="252" y="190.5" cx="221" cy="186" a="0" width="62" height="9"/>
  <staticblueskin x="288" y="226.5" cx="285" cy="173" a="0" width="6" height="107"/>
  <staticblueskin x="332" y="235.5" cx="285" cy="231" a="0" width="94" height="9"/>
  <staticblueskin x="381" y="237" cx="377" cy="215" a="0" width="8" height="44"/>
  <staticblueskin x="433" y="280" cx="429" cy="243" a="0" width="8" height="74"/>
  <staticblueskin x="415" y="322.5" cx="332" cy="319" a="0" width="166" height="7"/>
  <staticblueskin x="580.5" y="323" cx="537" cy="318" a="0" width="87" height="10"/>
  <bush x="518" y="312" a="0" width="59.4" height="32.3"/>
  <staticblueskin x="624.5" y="338.5" cx="621" cy="321" a="0" width="7" height="35"/>
  <staticblueskin x="432.5" y="356" cx="284" cy="352" a="0" width="297" height="8"/>
  <ballskin x="349" y="339" a="0" width="23.8" height="26.05"/>
  <ballskin x="389" y="339" a="0" width="23.8" height="26.05"/>
  <ballskin x="423" y="340" a="0" width="23.8" height="26.05"/>
  <staticblueskin x="614.5" y="379" cx="548" cy="375" a="0" width="133" height="8"/>
  <ballskin x="561" y="366" a="0" width="23.8" height="26.05"/>
  <staticblueskin x="686" y="347.5" cx="682" cy="315" a="0" width="8" height="65"/>
  <staticblueskin x="686" y="364" cx="672" cy="361" a="0" width="28" height="6"/>
  <staticblueskin x="691.5" y="323.5" cx="657" cy="319" a="0" width="69" height="9"/>
  <staticblueskin x="624.5" y="352" cx="613" cy="348" a="0" width="23" height="8"/>
  <staticblueskin x="686.5" y="255" cx="682" cy="188" a="0" width="9" height="134"/>
  <staticblueskin x="519" y="310" cx="514" cy="304" a="0" width="10" height="12"/>
  <staticblueskin x="520.5" y="281.5" cx="515" cy="276" a="0" width="11" height="11"/>
  <staticblueskin x="521.5" y="256" cx="517" cy="251" a="0" width="9" height="10"/>
  <staticblueskin x="606" y="303" cx="600" cy="288" a="0" width="12" height="30"/>
  <staticblueskin x="662.5" y="264" cx="649" cy="258" a="0" width="27" height="12"/>
  <staticblueskin x="581.5" y="257" cx="567" cy="252" a="0" width="29" height="10"/>
  <staticblueskin x="431" y="241" cx="412" cy="236" a="0" width="38" height="10"/>
  <staticblueskin x="641" y="165" cx="589" cy="159" a="0" width="104" height="12"/>
  <staticblueskin x="663" y="148.5" cx="654" cy="141" a="0" width="18" height="15"/>
  <staticblueskin x="705.5" y="114" cx="694" cy="108" a="0" width="23" height="12"/>
  <staticblueskin x="670.5" y="64" cx="658" cy="58" a="0" width="25" height="12"/>
</scene>