<scene width="740" height="380">
  <timer time="60"/>
  <creator id="2554996"/>
  <bg id="6"/>
  <tree2 x="174" y="337" a="0" width="84.85" height="100"/>
  <tree2 x="129" y="329" a="0" width="84.85" height="100"/>
  <tree x="101" y="125" a="0" width="78.35" height="100"/>
  <tree x="161" y="126" a="0" width="78.35" height="100"/>
  <tree x="234" y="122" a="0" width="78.35" height="100"/>
  <tree2 x="285" y="125" a="0" width="84.85" height="100"/>
  <tree2 x="325" y="128" a="0" width="84.85" height="100"/>
  <tree2 x="365" y="126" a="0" width="84.85" height="100"/>
  <heavyboxskin x="285" y="11" a="0" width="41" height="22"/>
  <heavyboxskin x="184" y="14" a="0" width="41" height="22"/>
  <heavyboxskin x="229" y="11" a="0" width="41" height="22"/>
  <heavyboxskin x="148" y="8" a="0" width="41" height="22"/>
  <littlemouse x="35" y="15" a="0" width="37.35" height="34.3"/>
  <minkskin x="533" y="163" a="0" width="36" height="27"/>
  <staticblueskin x="7" y="286" cx="3" cy="186" a="0" width="8" height="200"/>
  <staticblueskin x="5.5" y="93.5" cx="2" cy="-3" a="0" width="7" height="193"/>
  <staticblueskin x="735.5" y="127.5" cx="731" cy="9" a="0" width="9" height="237"/>
  <staticblueskin x="733.5" y="303.5" cx="729" cy="248" a="0" width="9" height="111"/>
  <staticblueskin x="343.5" y="29.5" cx="10" cy="26" a="0" width="667" height="7"/>
  <staticblueskin x="682.4" y="96.95" cx="694" cy="82" a="50" width="8" height="37"/>
  <staticblueskin x="616.5" y="91.5" cx="558" cy="89" a="0" width="117" height="5"/>
  <staticblueskin x="561.5" y="157.5" cx="557" cy="128" a="0" width="9" height="59"/>
  <staticblueskin x="535.5" y="189" cx="511" cy="186" a="0" width="49" height="6"/>
  <staticblueskin x="562.5" y="114" cx="557" cy="101" a="0" width="11" height="26"/>
  <staticblueskin x="508" y="144" cx="504" cy="95" a="0" width="8" height="98"/>
  <staticblueskin x="443" y="99.5" cx="390" cy="96" a="0" width="106" height="7"/>
  <carrierhorizontal x="89" y="100" linewidth="300" lineheight="20" boxwidth="50" boxheight="20"/>
  <carrierhorizontal x="422" y="260" linewidth="300" lineheight="20" boxwidth="50" boxheight="20"/>
  <carriervertical x="43" y="164" linewidth="50" lineheight="200" boxwidth="50" boxheight="20"/>
  <staticblueskin x="282" y="177.5" cx="86" cy="175" a="0" width="392" height="5"/>
  <staticblueskin x="481" y="327.5" cx="478" cy="291" a="0" width="6" height="73"/>
  <staticblueskin x="512" y="331" cx="508" cy="279" a="0" width="8" height="104"/>
  <staticskin x="497" y="379" cx="484" cy="375" a="0" width="26" height="8"/>
  <staticblueskin x="566.5" y="368.5" cx="552" cy="366" a="0" width="29" height="5"/>
  <heavyboxskin x="569" y="358" a="0" width="41" height="22"/>
  <springboardskin x="308" y="300" a="0" width="51" height="10.95"/>
  <springboardskin x="219" y="334" a="0" width="51" height="10.95"/>
  <staticblueskin x="151" y="370.5" cx="143" cy="354" a="0" width="16" height="33"/>
  <staticblueskin x="119" y="364" cx="114" cy="343" a="0" width="10" height="42"/>
  <staticblueskin x="94.5" y="329.5" cx="92" cy="325" a="0" width="5" height="9"/>
  <staticskin x="83.5" y="330.5" cx="78" cy="326" a="0" width="11" height="9"/>
  <cheeseskin x="703" y="274" a="0" width="27.05" height="22"/>
  <springboardskin x="384" y="279" a="0" width="51" height="10.95"/>
  <heavyboxskin x="95" y="11" a="0" width="41" height="22"/>
  <rpointer x="31" y="23" a="0" width="40" height="33.7"/>
  <lpointer x="250" y="407" a="0" width="40" height="33.7"/>
  <lpointer x="588" y="77" a="0" width="40" height="33.7"/>
  <cactus x="536" y="134" a="0" width="20" height="42.55"/>
  <bush x="535" y="149" a="0" width="59.4" height="32.3"/>
  <bush x="536" y="171" a="0" width="59.4" height="32.3"/>
  <staticskin x="701" y="293" cx="681" cy="289" a="0" width="40" height="8"/>
  <tree2 x="609" y="292" a="0" width="84.85" height="100"/>
  <tree2 x="650" y="306" a="0" width="84.85" height="100"/>
  <tree2 x="684" y="332" a="0" width="84.85" height="100"/>
  <tree x="487" y="324" a="0" width="78.35" height="100"/>
  <tree2 x="339" y="293" a="0" width="84.85" height="100"/>
  <tree2 x="418" y="294" a="0" width="84.85" height="100"/>
  <tree2 x="253" y="310" a="0" width="84.85" height="100"/>
</scene>