<scene width="740" height="380">
  <timer time="120"/>
  <creator id="2653660"/>
  <bg id="4"/>
  <staticblueskin x="183.5" y="298.5" cx="152" cy="294" a="0" width="63" height="9"/>
  <staticblueskin x="259" y="239.5" cx="233" cy="234" a="0" width="52" height="11"/>
  <springboardskin x="461" y="337" a="0" width="51" height="10.95"/>
  <staticblueskin x="333" y="198" cx="318" cy="193" a="0" width="30" height="10"/>
  <staticblueskin x="422.5" y="164" cx="405" cy="156" a="0" width="35" height="16"/>
  <staticblueskin x="511.5" y="155.5" cx="492" cy="144" a="0" width="39" height="23"/>
  <staticskin x="469.5" y="183.5" cx="465" cy="180" a="0" width="9" height="7"/>
  <staticblueskin x="589.5" y="131.5" cx="568" cy="122" a="0" width="43" height="19"/>
  <staticblueskin x="668" y="59" cx="641" cy="48" a="0" width="54" height="22"/>
  <staticskin x="618" y="99" cx="612" cy="95" a="0" width="12" height="8"/>
  <minkskin x="667" y="34" a="0" width="36" height="27"/>
  <cheeseskin x="25" y="295" a="0" width="27.05" height="22"/>
  <staticskin x="12.5" y="362.5" cx="10" cy="359" a="0" width="5" height="7"/>
  <staticblueskin x="707" y="364.5" cx="686" cy="361" a="0" width="42" height="7"/>
  <staticblueskin x="581.5" y="326.5" cx="540" cy="320" a="0" width="83" height="13"/>
  <staticblueskin x="334" y="333" cx="284" cy="329" a="0" width="100" height="8"/>
  <staticblueskin x="61.5" y="351.5" cx="29" cy="345" a="0" width="65" height="13"/>
  <staticskin x="681" y="219" cx="668" cy="212" a="0" width="26" height="14"/>
  <littlemouse x="717" y="346" a="0" width="37.35" height="34.3"/>
</scene>