<scene width="740" height="380">
  <timer time="80"/>
  <creator id="2457807"/>
  <bg id="12"/>
  <ground x="153.525" y="331" cx="135" cy="317" a="0" width="37.05" height="28"/>
  <groundblue x="236.75" y="319.775" cx="221" cy="305" a="0" width="32.5" height="30.55"/>
  <ground x="319.525" y="308.5" cx="303" cy="293" a="0" width="33.05" height="31"/>
  <groundblue x="414.275" y="310.25" cx="398" cy="295" a="0" width="33.55" height="31.5"/>
  <ground x="483.025" y="285.5" cx="467" cy="272" a="0" width="32.05" height="27"/>
  <ground x="559.525" y="317.5" cx="542" cy="301" a="0" width="35.05" height="33"/>
  <ground x="617.025" y="274" cx="606" cy="264" a="0" width="22.05" height="20"/>
  <cheeseskin x="621" y="244" a="0" width="27.05" height="22"/>
  <littlemouse x="44" y="44" a="0" width="37.35" height="34.3"/>
  <ground x="77.025" y="258" cx="61" cy="251" a="0" width="32.05" height="14"/>
  <minkskin x="68" y="48" a="0" width="36" height="27"/>
  <springboardskin x="652" y="163" a="0" width="51" height="10.95"/>
  <ballskin x="144" y="47" a="0" width="23.8" height="26.05"/>
  <ballskin x="458" y="44" a="0" width="23.8" height="26.05"/>
  <ballskin x="558" y="153" a="0" width="23.8" height="26.05"/>
  <heavyboxskin x="318" y="44" a="0" width="41" height="22"/>
  <ballskin x="461" y="140" a="0" width="23.8" height="26.05"/>
  <ballskin x="344" y="133" a="0" width="23.8" height="26.05"/>
  <ground x="66" y="320" cx="17" cy="306" a="0" width="98" height="28"/>
  <tree x="418" y="10" a="0" width="78.35" height="100"/>
  <tree2 x="694" y="114" a="0" width="84.85" height="100"/>
  <flowers1 x="213" y="57" a="0" width="60" height="58.2"/>
  <flowers2 x="360" y="161" a="0" width="60" height="33.45"/>
  <groundblue x="309.75" y="71.275" cx="-1" cy="63" a="0" width="622.5" height="17.55"/>
  <groundblue x="448.75" y="176.25" cx="163" cy="168" a="0" width="572.5" height="17.5"/>
  <groundblue x="135.275" y="214.25" cx="117" cy="201" a="0" width="37.55" height="27.5"/>
</scene>