<scene width="740" height="380">
  <timer time="180"/>
  <creator id="2944005"/>
  <bg id="1"/>
  <bush x="525" y="92" a="0" width="59.4" height="32.3"/>
  <bush x="538" y="102" a="0" width="59.4" height="32.3"/>
  <bush x="532" y="125" a="0" width="59.4" height="32.3"/>
  <lpointer x="487" y="137" a="0" width="40" height="33.7"/>
  <cheeseskin x="333" y="273" a="0" width="27.05" height="22"/>
  <cheeseskin x="349" y="272" a="0" width="27.05" height="22"/>
  <cheeseskin x="313" y="275" a="0" width="27.05" height="22"/>
  <minkskin x="51" y="363" a="0" width="36" height="27"/>
  <boxskin x="506" y="125" a="0" width="50" height="50"/>
  <littlemouse x="507" y="85" a="0" width="37.35" height="34.3"/>
  <stone x="306" y="280" a="0" width="31.25" height="22.9"/>
  <stone x="329" y="283" a="0" width="31.25" height="22.9"/>
  <stone x="352" y="281" a="0" width="31.25" height="22.9"/>
  <cactus x="176" y="361" a="0" width="20" height="42.55"/>
  <cactus x="382" y="363" a="0" width="20" height="42.55"/>
  <cactus x="386" y="323" a="0" width="20" height="42.55"/>
  <cactus x="176" y="320" a="0" width="20" height="42.55"/>
  <staticskin x="286.5" y="289" cx="150" cy="277" a="0" width="273" height="24"/>
  <staticskin x="465" y="350" cx="456" cy="319" a="0" width="18" height="62"/>
  <staticskin x="495" y="312.5" cx="459" cy="307" a="0" width="72" height="11"/>
  <staticskin x="550.5" y="274.5" cx="537" cy="173" a="0" width="27" height="203"/>
  <staticblueskin x="446" y="318.5" cx="436" cy="282" a="0" width="20" height="73"/>
  <staticblueskin x="482.5" y="290" cx="434" cy="281" a="0" width="97" height="18"/>
  <staticredskin x="435" y="361.5" cx="413" cy="355" a="0" width="44" height="13"/>
  <ground x="507.5" y="212.5" cx="480" cy="151" a="0" width="55" height="123"/>
  <stone x="471" y="189" a="0" width="31.25" height="22.9"/>
  <stone x="449" y="196" a="0" width="31.25" height="22.9"/>
  <stone x="427" y="206" a="0" width="31.25" height="22.9"/>
  <stone x="410" y="218" a="0" width="31.25" height="22.9"/>
  <bush x="503" y="96" a="0" width="59.4" height="32.3"/>
</scene>