<scene width="740" height="380">
  <timer time="60"/>
  <creator id="2931124"/>
  <bg id="2"/>
  <groundblue x="192.25" y="292.775" cx="131" cy="283" a="0" width="123.5" height="20.55"/>
  <groundblue x="313.75" y="332.75" cx="283" cy="326" a="0" width="62.5" height="14.5"/>
  <groundblue x="244.75" y="351.75" cx="214" cy="345" a="0" width="62.5" height="14.5"/>
  <groundblue x="156.75" y="360.25" cx="114" cy="350" a="0" width="86.5" height="21.5"/>
  <groundblue x="61.275" y="370.25" cx="50" cy="348" a="0" width="23.55" height="45.5"/>
  <flowers1 x="121" y="44" a="0" width="60" height="58.2"/>
  <groundblue x="675.75" y="83.75" cx="629" cy="79" a="0" width="94.5" height="10.5"/>
  <cheeseskin x="63" y="47" a="0" width="27.05" height="22"/>
  <flowers1 x="58" y="47" a="0" width="60" height="58.2"/>
  <littlemouse x="349" y="68" a="0" width="37.35" height="34.3"/>
  <cheeseskin x="660" y="330" a="0" width="27.05" height="22"/>
  <minkskin x="61" y="334" a="0" width="36" height="27"/>
  <groundblue x="351.275" y="286.25" cx="344" cy="182" a="0" width="15.55" height="209.5"/>
  <groundblue x="344.25" y="175.25" cx="265" cy="166" a="0" width="159.5" height="19.5"/>
  <groundblue x="494.75" y="145.25" cx="435" cy="140" a="0" width="120.5" height="11.5"/>
  <groundblue x="603.25" y="115.75" cx="539" cy="111" a="0" width="129.5" height="10.5"/>
  <groundblue x="691.25" y="192.25" cx="643" cy="187" a="0" width="97.5" height="11.5"/>
  <groundblue x="723.275" y="140.25" cx="707" cy="133" a="0" width="33.55" height="15.5"/>
  <groundblue x="88.5" y="88.025" cx="15" cy="76" a="0" width="148" height="25.05"/>
  <groundblue x="232.025" y="121" cx="220" cy="112" a="0" width="25.05" height="19"/>
  <groundblue x="199.025" y="111" cx="187" cy="99" a="0" width="25.05" height="25"/>
  <groundred x="168.05" y="86.55" cx="165" cy="68" a="0" width="7.1" height="38.1"/>
  <groundred x="170.6" y="6.5" cx="167" cy="-9" a="0" width="8.2" height="32"/>
  <bush x="657" y="321" a="0" width="59.4" height="32.3"/>
  <groundblue x="593.25" y="209.75" cx="571" cy="204" a="0" width="45.5" height="12.5"/>
  <groundblue x="536.25" y="241.75" cx="509" cy="236" a="0" width="55.5" height="12.5"/>
  <groundblue x="538.25" y="357.25" cx="501" cy="320" a="0" width="75.5" height="75.5"/>
  <groundblue x="658.25" y="371.75" cx="591" cy="344" a="0" width="135.5" height="56.5"/>
  <flowers1 x="656" y="329" a="0" width="60" height="58.2"/>
  <carriervertical x="459" y="260" linewidth="50" lineheight="200" boxwidth="50" boxheight="20"/>
  <groundblue x="353.35" y="90.75" cx="349" cy="85" a="0" width="9.7" height="12.5"/>
  <groundblue x="203.75" y="215.75" cx="147" cy="208" a="0" width="114.5" height="16.5"/>
  <groundblue x="101.75" y="235.25" cx="68" cy="227" a="0" width="68.5" height="17.5"/>
  <groundblue x="65.75" y="289.275" cx="6" cy="282" a="0" width="120.5" height="15.55"/>
</scene>