<scene width="740" height="380">
  <timer time="120"/>
  <creator id="2943195"/>
  <bg id="3"/>
  <staticskin x="377" y="374" cx="12" cy="364" a="0" width="730" height="20"/>
  <staticskin x="4.5" y="373.5" cx="-1" cy="367" a="0" width="11" height="13"/>
  <ballskin x="689" y="337" a="0" width="25" height="25"/>
  <ballskin x="644" y="339" a="0" width="25" height="25"/>
  <ballskin x="110" y="339" a="0" width="25" height="25"/>
  <ballskin x="85" y="340" a="0" width="25" height="25"/>
  <boxskin x="677" y="55" a="0" width="50" height="50"/>
  <boxskin x="290" y="60" a="0" width="50" height="50"/>
  <boxskin x="193" y="63" a="0" width="50" height="50"/>
  <boxskin x="95" y="65" a="0" width="50" height="50"/>
  <staticskin x="720.5" y="365" cx="708" cy="352" a="0" width="25" height="26"/>
  <littlemouse x="29" y="145" a="0" width="37.35" height="34.3"/>
  <cheeseskin x="386" y="242" a="0" width="27.05" height="22"/>
  <minkskin x="716" y="324" a="0" width="36" height="27"/>
  <boxskin x="144" y="63" a="0" width="50" height="50"/>
  <boxskin x="240" y="62" a="0" width="50" height="50"/>
  <boxskin x="337" y="59" a="0" width="50" height="50"/>
  <boxskin x="384" y="59" a="0" width="50" height="50"/>
  <boxskin x="482" y="56" a="0" width="50" height="50"/>
  <boxskin x="433" y="57" a="0" width="50" height="50"/>
  <boxskin x="532" y="58" a="0" width="50" height="50"/>
  <boxskin x="580" y="56" a="0" width="50" height="50"/>
  <boxskin x="628" y="56" a="0" width="50" height="50"/>
  <ballskin x="413" y="338" a="0" width="25" height="25"/>
  <ballskin x="464" y="95" a="0" width="25" height="25"/>
  <ballskin x="462" y="340" a="0" width="25" height="25"/>
  <ballskin x="622" y="341" a="0" width="25" height="25"/>
  <ballskin x="548" y="344" a="0" width="25" height="25"/>
  <ballskin x="526" y="340" a="0" width="25" height="25"/>
  <ballskin x="483" y="341" a="0" width="25" height="25"/>
  <ballskin x="505" y="338" a="0" width="25" height="25"/>
  <ballskin x="438" y="340" a="0" width="25" height="25"/>
  <ballskin x="490" y="93" a="0" width="25" height="25"/>
  <ballskin x="362" y="340" a="0" width="25" height="25"/>
  <ballskin x="387" y="341" a="0" width="25" height="25"/>
  <ballskin x="349" y="81" a="0" width="25" height="25"/>
  <ballskin x="286" y="340" a="0" width="25" height="25"/>
  <ballskin x="312" y="340" a="0" width="25" height="25"/>
  <ballskin x="372" y="79" a="0" width="25" height="25"/>
  <ballskin x="337" y="340" a="0" width="25" height="25"/>
  <ballskin x="324" y="80" a="0" width="25" height="25"/>
  <ballskin x="233" y="338" a="0" width="25" height="25"/>
  <ballskin x="247" y="70" a="0" width="25" height="25"/>
  <ballskin x="272" y="75" a="0" width="25" height="25"/>
  <ballskin x="259" y="340" a="0" width="25" height="25"/>
  <ballskin x="209" y="337" a="0" width="25" height="25"/>
  <ballskin x="184" y="338" a="0" width="25" height="25"/>
  <ballskin x="513" y="93" a="0" width="25" height="25"/>
  <ballskin x="136" y="342" a="0" width="25" height="25"/>
  <ballskin x="160" y="339" a="0" width="25" height="25"/>
  <ballskin x="667" y="339" a="0" width="25" height="25"/>
  <ballskin x="571" y="342" a="0" width="25" height="25"/>
  <ballskin x="596" y="341" a="0" width="25" height="25"/>
</scene>