<scene width="740" height="380">
  <timer time="180"/>
  <creator id="2250885"/>
  <bg id="2"/>
  <staticskin x="454.5" y="197" cx="448" cy="169" a="0" width="13" height="56"/>
  <staticskin x="500.5" y="196.5" cx="496" cy="170" a="0" width="9" height="53"/>
  <staticskin x="584.5" y="180" cx="533" cy="170" a="0" width="103" height="20"/>
  <minkskin x="574" y="156" a="0" width="36" height="27"/>
  <rpointer x="133" y="161" a="0" width="40" height="33.7"/>
  <staticskin x="194.5" y="226" cx="190" cy="192" a="0" width="9" height="68"/>
  <staticskin x="235.5" y="215.5" cx="232" cy="183" a="0" width="7" height="65"/>
  <staticskin x="275.5" y="214.5" cx="271" cy="182" a="0" width="9" height="65"/>
  <staticskin x="114.5" y="188" cx="82" cy="179" a="0" width="65" height="18"/>
  <littlemouse x="106" y="162" a="0" width="37.35" height="34.3"/>
  <staticblueskin x="351" y="188" cx="315" cy="182" a="0" width="72" height="12"/>
  <cheeseskin x="347" y="169" a="0" width="27.05" height="22"/>
  <staticskin x="415.5" y="199" cx="411" cy="169" a="0" width="9" height="60"/>
</scene>