<scene width="740" height="380">
  <timer time="40"/>
  <creator id="2256742"/>
  <bg id="0"/>
  <carrierhorizontal x="138" y="213" linewidth="300" lineheight="20" boxwidth="50" boxheight="20"/>
  <staticblueskin x="476.5" y="216.5" cx="448" cy="206" a="0" width="57" height="21"/>
  <carriervertical x="545" y="105" linewidth="50" lineheight="200" boxwidth="50" boxheight="20"/>
  <minkskin x="158" y="181" a="0" width="36" height="27"/>
  <cheeseskin x="544" y="88" a="0" width="27.05" height="22"/>
  <littlemouse x="158" y="190" a="0" width="37.35" height="34.3"/>
  <flowers2 x="475" y="190" a="0" width="60" height="33.45"/>
</scene>