<scene width="740" height="380">
  <timer time="80"/>
  <creator id="2772688"/>
  <bg id="1"/>
  <minkskin x="672" y="312" a="0" width="36" height="27"/>
  <littlemouse x="58" y="110" a="0" width="37.35" height="34.3"/>
  <staticskin x="42" y="253" cx="0" cy="126" a="0" width="84" height="254"/>
  <boxskin x="176" y="352" a="0" width="50" height="50"/>
  <boxskin x="280" y="355" a="0" width="50" height="50"/>
  <boxskin x="384" y="353" a="0" width="50" height="50"/>
  <boxskin x="486" y="354" a="0" width="50" height="50"/>
  <boxskin x="582" y="353" a="0" width="50" height="50"/>
  <boxskin x="675" y="355" a="0" width="50" height="50"/>
  <springboardskin x="588" y="263" a="0" width="51" height="10.95"/>
  <springboardskin x="494" y="221" a="0" width="51" height="10.95"/>
  <springboardskin x="376" y="199" a="0" width="51" height="10.95"/>
  <springboardskin x="257" y="182" a="0" width="51" height="10.95"/>
  <springboardskin x="167" y="170" a="0" width="51" height="10.95"/>
  <cheeseskin x="38" y="109" a="0" width="27.05" height="22"/>
</scene>