<scene width="740" height="380">
  <timer time="60"/>
  <creator id="2397792"/>
  <bg id="4"/>
  <staticblueskin x="568.625" y="271.95" cx="657" cy="229" a="150" width="196" height="14"/>
  <staticblueskin x="674.5" y="351.5" cx="603" cy="345" a="0" width="143" height="13"/>
  <staticredskin x="704" y="340" cx="668" cy="332" a="0" width="72" height="16"/>
  <staticblueskin x="139.79999999999998" y="113.675" cx="267" cy="31" a="60" width="16" height="303"/>
  <staticblueskin x="257.75" y="144.55" cx="314" cy="104" a="60" width="14" height="138"/>
  <staticblueskin x="327.5" y="143" cx="320" cy="33" a="0" width="15" height="220"/>
  <staticblueskin x="501.5" y="35.5" cx="383" cy="23" a="0" width="237" height="25"/>
  <minkskin x="392" y="86" a="0" width="36" height="27"/>
  <cheeseskin x="704" y="322" a="0" width="27.05" height="22"/>
  <littlemouse x="87" y="114" a="0" width="37.35" height="34.3"/>
  <staticblueskin x="177.425" y="251.625" cx="240" cy="208" a="60" width="13" height="152"/>
  <staticblueskin x="46" y="271.5" cx="38" cy="209" a="0" width="16" height="125"/>
  <staticblueskin x="303.8" y="253.8" cx="353" cy="215" a="60" width="18" height="124"/>
  <staticblueskin x="499.5" y="174" cx="406" cy="166" a="0" width="187" height="16"/>
  <staticblueskin x="94" y="346.5" cx="81" cy="338" a="0" width="26" height="17"/>
  <staticblueskin x="167" y="344" cx="150" cy="337" a="0" width="34" height="14"/>
  <staticskin x="236.5" y="343" cx="215" cy="335" a="0" width="43" height="16"/>
  <staticskin x="307" y="352" cx="292" cy="343" a="0" width="30" height="18"/>
  <staticskin x="395.575" y="300.425" cx="460" cy="269" a="150" width="143" height="10"/>
  <staticredskin x="457" y="175.5" cx="452" cy="149" a="0" width="10" height="53"/>
  <staticblueskin x="416.5" y="448" cx="336" cy="444" a="0" width="161" height="8"/>
  <staticblueskin x="600.5" y="381" cx="595" cy="322" a="0" width="11" height="118"/>
  <staticblueskin x="571" y="359.5" cx="567" cy="333" a="0" width="8" height="53"/>
  <staticskin x="547" y="365" cx="542" cy="340" a="0" width="10" height="50"/>
  <flowers1 x="535" y="390" a="0" width="60" height="58.2"/>
  <staticblueskin x="388.5" y="363" cx="348" cy="357" a="0" width="81" height="12"/>
  <staticblueskin x="495.5" y="364" cx="461" cy="356" a="0" width="69" height="16"/>
  <staticblueskin x="677.5" y="60.5" cx="625" cy="-3" a="0" width="105" height="127"/>
</scene>