<scene width="740" height="380">
  <timer time="60"/>
  <creator id="2218914"/>
  <bg id="8"/>
  <staticskin x="394.5" y="122" cx="351" cy="114" a="0" width="87" height="16"/>
  <staticskin x="443" y="81" cx="402" cy="73" a="0" width="82" height="16"/>
  <staticskin x="504.5" y="121.5" cx="472" cy="111" a="0" width="65" height="21"/>
  <staticskin x="291.5" y="185.5" cx="-30" cy="175" a="0" width="643" height="21"/>
  <staticskin x="609.5" y="156" cx="606" cy="120" a="0" width="7" height="72"/>
  <staticskin x="610" y="119" cx="596" cy="116" a="0" width="28" height="6"/>
  <staticskin x="676" y="39" cx="612" cy="33" a="0" width="128" height="12"/>
  <staticskin x="641" y="129" cx="607" cy="122" a="0" width="68" height="14"/>
  <staticskin x="701" y="192.5" cx="666" cy="186" a="0" width="70" height="13"/>
  <staticskin x="644" y="243.5" cx="610" cy="237" a="0" width="68" height="13"/>
  <staticskin x="706.5" y="293" cx="675" cy="285" a="0" width="63" height="16"/>
  <staticskin x="609" y="238.5" cx="601" cy="178" a="0" width="16" height="121"/>
  <staticskin x="681.5" y="346" cx="624" cy="340" a="0" width="115" height="12"/>
  <cheeseskin x="269" y="124" a="0" width="27.05" height="22"/>
  <littlemouse x="44" y="37" a="0" width="37.35" height="34.3"/>
  <carrierhorizontal x="314" y="349" linewidth="300" lineheight="20" boxwidth="50" boxheight="20"/>
  <staticskin x="145.5" y="346.5" cx="-7" cy="339" a="0" width="305" height="15"/>
  <staticskin x="123" y="241" cx="118" cy="194" a="0" width="10" height="94"/>
  <staticskin x="7" y="268" cx="1" cy="197" a="0" width="12" height="142"/>
  <minkskin x="27" y="212" a="0" width="36" height="27"/>
  <rpointer x="612" y="98" a="0" width="40" height="33.7"/>
  <staticskin x="113.5" y="288.5" cx="83" cy="281" a="0" width="61" height="15"/>
  <staticskin x="20.5" y="253.5" cx="12" cy="250" a="0" width="17" height="7"/>
  <staticskin x="206.875" y="233.05" cx="210" cy="204" a="13" width="7" height="58"/>
  <staticskin x="221" y="236" cx="217" cy="206" a="0" width="8" height="60"/>
  <staticredskin x="237.5" y="261" cx="234" cy="258" a="0" width="7" height="6"/>
  <staticskin x="383" y="259.5" cx="255" cy="251" a="0" width="256" height="17"/>
  <staticskin x="48" y="58" cx="16" cy="51" a="0" width="64" height="14"/>
  <staticskin x="112" y="90.5" cx="79" cy="82" a="0" width="66" height="17"/>
  <staticskin x="183.5" y="123.5" cx="149" cy="115" a="0" width="69" height="17"/>
  <staticskin x="268.5" y="150.5" cx="228" cy="141" a="0" width="81" height="19"/>
</scene>