<scene width="740" height="380">
  <timer time="40"/>
  <creator id="2250499"/>
  <bg id="5"/>
  <staticskin x="85" y="342.5" cx="20" cy="338" a="0" width="130" height="9"/>
  <staticblueskin x="86.5" y="334" cx="14" cy="317" a="0" width="145" height="34"/>
  <staticredskin x="262" y="324.5" cx="255" cy="317" a="0" width="14" height="15"/>
  <minkskin x="495" y="282" a="0" width="36" height="27"/>
  <littlemouse x="22" y="301" a="0" width="37.35" height="34.3"/>
  <boxskin x="119" y="286" a="1" width="50" height="50"/>
  <boxskin x="70" y="287" a="0" width="50" height="50"/>
  <cheeseskin x="259" y="295" a="0" width="27.05" height="22"/>
</scene>