<scene width="740" height="380">
  <timer time="60"/>
  <creator id="3022999"/>
  <bg id="5"/>
  <staticblueskin x="330.5" y="325.5" cx="14" cy="322" a="0" width="633" height="7"/>
  <staticblueskin x="687" y="261" cx="633" cy="258" a="0" width="108" height="6"/>
  <staticblueskin x="709" y="204.5" cx="680" cy="202" a="0" width="58" height="5"/>
  <staticblueskin x="188" y="210" cx="132" cy="206" a="0" width="112" height="8"/>
  <staticblueskin x="317.5" y="293.5" cx="266" cy="290" a="0" width="103" height="7"/>
  <staticblueskin x="289.5" y="232.5" cx="265" cy="229" a="0" width="49" height="7"/>
  <staticblueskin x="107" y="75" cx="9" cy="71" a="0" width="196" height="8"/>
  <staticblueskin x="199" y="127" cx="193" cy="80" a="0" width="12" height="94"/>
  <staticredskin x="163" y="192" cx="151" cy="187" a="0" width="24" height="10"/>
  <staticblueskin x="71" y="190.5" cx="-4" cy="187" a="0" width="150" height="7"/>
  <springboardskin x="195" y="197" a="0" width="51" height="10.95"/>
  <springboardskin x="31" y="184" a="0" width="51" height="10.95"/>
  <springboardskin x="97" y="182" a="0" width="51" height="10.95"/>
  <springboardskin x="115" y="85" a="0" width="51" height="10.95"/>
  <cheeseskin x="35" y="162" a="0" width="27.05" height="22"/>
  <staticblueskin x="532.5" y="142.5" cx="525" cy="52" a="0" width="15" height="181"/>
  <staticblueskin x="586" y="188.5" cx="532" cy="185" a="0" width="108" height="7"/>
  <staticredskin x="591.5" y="177" cx="546" cy="172" a="0" width="91" height="10"/>
  <staticredskin x="715.5" y="197.5" cx="686" cy="194" a="0" width="59" height="7"/>
  <staticredskin x="655" y="7" cx="573" cy="3" a="0" width="164" height="8"/>
  <ballskin x="581" y="160" a="0" width="25" height="25"/>
  <ballskin x="715" y="173" a="0" width="25" height="25"/>
  <ballskin x="626" y="152" a="0" width="25" height="25"/>
  <ballskin x="609" y="35" a="0" width="25" height="25"/>
  <heavyboxskin x="351" y="275" a="0" width="41.05" height="22"/>
  <heavyboxskin x="393" y="271" a="0" width="41.05" height="22"/>
  <heavyboxskin x="474" y="306" a="0" width="41.05" height="22"/>
  <heavyboxskin x="479" y="236" a="0" width="41.05" height="22"/>
  <heavyboxskin x="477" y="275" a="0" width="41.05" height="22"/>
  <heavyboxskin x="482" y="250" a="0" width="41.05" height="22"/>
  <staticblueskin x="452.5" y="51" cx="427" cy="47" a="0" width="51" height="8"/>
  <staticblueskin x="324.5" y="50.5" cx="292" cy="47" a="0" width="65" height="7"/>
  <staticblueskin x="217.5" y="57.5" cx="193" cy="54" a="0" width="49" height="7"/>
  <minkskin x="20" y="57" a="0" width="36" height="27"/>
  <rpointer x="99" y="308" a="0" width="40" height="33.7"/>
  <rpointer x="488" y="416" a="0" width="40" height="33.7"/>
  <tree2 x="206" y="271" a="0" width="84.85" height="100"/>
  <bush x="299" y="279" a="0" width="59.4" height="32.3"/>
  <cactus x="304" y="216" a="0" width="20" height="42.55"/>
  <bush x="221" y="35" a="0" width="59.4" height="32.3"/>
  <littlemouse x="25" y="56" a="0" width="37.35" height="34.3"/>
</scene>