<scene width="740" height="380">
  <timer time="80"/>
  <creator id="2946568"/>
  <bg id="2"/>
  <ground x="543.525" y="301" cx="535" cy="287" a="0" width="17.05" height="28"/>
  <ground x="593" y="297" cx="585" cy="275" a="0" width="16" height="44"/>
  <cheeseskin x="682" y="241" a="0" width="27.05" height="22"/>
  <littlemouse x="104" y="81" a="0" width="37.35" height="34.3"/>
  <staticblueskin x="57" y="106" cx="4" cy="101" a="0" width="106" height="10"/>
  <carriervertical x="572" y="192" linewidth="50" lineheight="50" boxwidth="50" boxheight="20"/>
  <staticredskin x="13" y="66.5" cx="3" cy="32" a="0" width="20" height="69"/>
  <staticblueskin x="313" y="346.5" cx="265" cy="340" a="0" width="96" height="13"/>
  <groundblue x="692" y="286.025" cx="637" cy="262" a="0" width="111" height="49.05"/>
  <ground x="727.525" y="207" cx="716" cy="152" a="0" width="23.05" height="110"/>
  <minkskin x="711" y="343" a="0" width="36" height="27"/>
  <carrierhorizontal x="379" y="349" linewidth="300" lineheight="20" boxwidth="50" boxheight="20"/>
</scene>