<scene width="740" height="380">
  <timer time="60"/>
  <creator id="2896746"/>
  <bg id="4"/>
  <staticskin x="128.5" y="316" cx="15" cy="307" a="0" width="227" height="18"/>
  <littlemouse x="33" y="292" a="0" width="37.35" height="34.3"/>
  <staticskin x="285" y="283" cx="235" cy="276" a="0" width="100" height="14"/>
  <staticskin x="347.5" y="252" cx="298" cy="245" a="0" width="99" height="14"/>
  <staticskin x="261" y="211.5" cx="211" cy="201" a="0" width="100" height="21"/>
  <staticskin x="169" y="178.5" cx="117" cy="170" a="0" width="104" height="17"/>
  <staticblueskin x="67" y="146.5" cx="35" cy="140" a="0" width="64" height="13"/>
  <staticblueskin x="21" y="113" cx="11" cy="109" a="0" width="20" height="8"/>
  <cheeseskin x="25" y="88" a="0" width="27.05" height="22"/>
  <staticblueskin x="430.5" y="336.5" cx="411" cy="333" a="0" width="39" height="7"/>
  <staticblueskin x="522" y="334.5" cx="503" cy="331" a="0" width="38" height="7"/>
  <staticblueskin x="608.5" y="333" cx="590" cy="329" a="0" width="37" height="8"/>
  <staticskin x="693.5" y="290" cx="666" cy="285" a="0" width="55" height="10"/>
  <springboardskin x="694" y="281" a="0" width="51" height="10.95"/>
  <minkskin x="689" y="187" a="0" width="36" height="27"/>
</scene>