<scene width="740" height="380">
  <timer time="120"/>
  <creator id="2630259"/>
  <bg id="6"/>
  <cheeseskin x="42" y="91" a="0" width="27.05" height="22"/>
  <ballskin x="139" y="63" a="0" width="23.8" height="26.05"/>
  <ballskin x="215" y="59" a="0" width="23.8" height="26.05"/>
  <ballskin x="51" y="55" a="0" width="23.8" height="26.05"/>
  <staticblueskin x="7.5" y="71.5" cx="-3" cy="2" a="0" width="21" height="139"/>
  <staticskin x="8" y="161.5" cx="-2" cy="140" a="0" width="20" height="43"/>
  <staticblueskin x="92.5" y="13.5" cx="19" cy="3" a="0" width="147" height="21"/>
  <staticskin x="223.5" y="11" cx="165" cy="0" a="0" width="117" height="22"/>
  <staticblueskin x="61.5" y="278.5" cx="35" cy="266" a="0" width="53" height="25"/>
  <carrierhorizontal x="41" y="330" linewidth="300" lineheight="20" boxwidth="50" boxheight="20"/>
  <staticblueskin x="369.5" y="344" cx="364" cy="338" a="0" width="11" height="12"/>
  <carrierhorizontal x="615" y="410" linewidth="300" lineheight="20" boxwidth="50" boxheight="20"/>
  <carriervertical x="411" y="247" linewidth="50" lineheight="200" boxwidth="50" boxheight="20"/>
  <staticblueskin x="490.5" y="341.5" cx="464" cy="335" a="0" width="53" height="13"/>
  <staticblueskin x="202" y="212.5" cx="43" cy="203" a="0" width="318" height="19"/>
  <staticredskin x="334" y="32" cx="308" cy="26" a="0" width="52" height="12"/>
  <staticblueskin x="592" y="223.5" cx="441" cy="210" a="0" width="302" height="27"/>
  <staticblueskin x="496.5" y="178" cx="491" cy="152" a="0" width="11" height="52"/>
  <springboardskin x="526" y="200" a="0" width="51" height="10.95"/>
  <staticblueskin x="543" y="158.5" cx="538" cy="110" a="0" width="10" height="97"/>
  <staticblueskin x="585.5" y="139" cx="581" cy="69" a="0" width="9" height="140"/>
  <staticblueskin x="459.5" y="76.5" cx="406" cy="71" a="0" width="107" height="11"/>
  <staticredskin x="415.5" y="36.5" cx="408" cy="3" a="0" width="15" height="67"/>
  <minkskin x="698" y="32" a="0" width="36" height="27"/>
  <staticblueskin x="678" y="5.5" cx="619" cy="-3" a="0" width="118" height="17"/>
  <littlemouse x="59" y="249" a="0" width="37.35" height="34.3"/>
  <staticblueskin x="281" y="53" cx="274" cy="-1" a="0" width="14" height="108"/>
  <staticredskin x="132.5" y="191.5" cx="5" cy="180" a="0" width="255" height="23"/>
</scene>