<scene width="740" height="380">
  <timer time="120"/>
  <creator id="1024184"/>
  <bg id="12"/>
  <carrierhorizontal x="-1" y="210" linewidth="300" lineheight="20" boxwidth="50" boxheight="20"/>
  <staticredskin x="229.5" y="359" cx="222" cy="355" a="0" width="15" height="8"/>
  <staticblueskin x="229.5" y="360" cx="222" cy="356" a="0" width="15" height="8"/>
  <staticskin x="524.5" y="348.5" cx="494" cy="344" a="0" width="61" height="9"/>
  <springboardskin x="123" y="310" a="0" width="51" height="10.95"/>
  <groundblue x="601.775" y="207.25" cx="574" cy="196" a="0" width="56.55" height="23.5"/>
  <carrierhorizontal x="10" y="129" linewidth="300" lineheight="20" boxwidth="50" boxheight="20"/>
  <staticblueskin x="32.824999999999996" y="343.6" cx="-9" cy="286" a="50" width="142" height="10"/>
  <staticskin x="161" y="302" cx="157" cy="229" a="0" width="8" height="146"/>
  <staticskin x="375.5" y="374.5" cx="13" cy="370" a="0" width="725" height="9"/>
  <staticredskin x="272.5" y="252" cx="223" cy="248" a="0" width="99" height="8"/>
  <staticblueskin x="589.5" y="65.5" cx="554" cy="59" a="0" width="71" height="13"/>
  <cheeseskin x="49" y="317" a="0" width="27.05" height="22"/>
  <littlemouse x="53" y="22" a="0" width="37.35" height="34.3"/>
  <minkskin x="28" y="75" a="0" width="36" height="27"/>
  <stone x="449" y="214" a="0" width="31.25" height="22.9"/>
  <flowers2 x="370" y="207" a="0" width="60" height="33.45"/>
  <tree2 x="678" y="327" a="0" width="84.85" height="100"/>
  <ground x="295" y="10.55" cx="132" cy="4" a="0" width="326" height="13.1"/>
  <carriervertical x="659" y="46" linewidth="50" lineheight="200" boxwidth="50" boxheight="20"/>
  <staticredskin x="496" y="209" cx="492" cy="195" a="0" width="8" height="28"/>
  <staticblueskin x="432.5" y="101" cx="309" cy="92" a="0" width="247" height="18"/>
  <springboardskin x="540" y="277" a="0" width="51" height="10.95"/>
  <staticblueskin x="598" y="261" cx="579" cy="197" a="0" width="38" height="128"/>
  <carrierhorizontal x="239" y="312" linewidth="300" lineheight="20" boxwidth="50" boxheight="20"/>
</scene>