<scene width="740" height="380">
  <timer time="60"/>
  <creator id="2931580"/>
  <bg id="4"/>
  <staticblueskin x="671" y="318.5" cx="662" cy="255" a="0" width="18" height="127"/>
  <staticblueskin x="227" y="382.5" cx="-14" cy="375" a="0" width="482" height="15"/>
  <minkskin x="704" y="364" a="0" width="36" height="27"/>
  <groundred x="735.025" y="375.525" cx="724" cy="369" a="0" width="22.05" height="13.05"/>
  <staticblueskin x="614.5" y="378.5" cx="548" cy="375" a="0" width="133" height="7"/>
  <groundred x="77" y="0.5" cx="0" cy="-4" a="0" width="154" height="9"/>
  <staticblueskin x="67.5" y="86.5" cx="0" cy="79" a="0" width="135" height="15"/>
  <cheeseskin x="21" y="46" a="0" width="27.05" height="22"/>
  <springboardskin x="257" y="171" a="0" width="51" height="10.95"/>
  <bush x="325" y="407" a="0" width="59.4" height="32.3"/>
  <staticblueskin x="28.5" y="222" cx="23" cy="96" a="0" width="11" height="252"/>
  <staticblueskin x="27" y="363.5" cx="23" cy="352" a="0" width="8" height="23"/>
  <staticblueskin x="138" y="204" cx="130" cy="97" a="0" width="16" height="214"/>
  <staticblueskin x="62" y="141" cx="36" cy="132" a="0" width="52" height="18"/>
  <staticblueskin x="131.5" y="169" cx="127" cy="165" a="0" width="9" height="8"/>
  <staticblueskin x="153" y="86.5" cx="149" cy="76" a="0" width="8" height="21"/>
  <staticblueskin x="104" y="196.5" cx="80" cy="192" a="0" width="48" height="9"/>
  <staticskin x="63.5" y="247" cx="35" cy="242" a="0" width="57" height="10"/>
  <staticskin x="108.5" y="303" cx="86" cy="299" a="0" width="45" height="8"/>
  <staticskin x="61.5" y="349.5" cx="34" cy="345" a="0" width="55" height="9"/>
  <cheeseskin x="509" y="363" a="0" width="27.05" height="22"/>
  <staticskin x="585.5" y="251.5" cx="580" cy="180" a="0" width="11" height="143"/>
  <staticskin x="671" y="206.5" cx="663" cy="164" a="0" width="16" height="85"/>
  <staticskin x="655" y="337" cx="641" cy="334" a="0" width="28" height="6"/>
  <staticblueskin x="600.5" y="286" cx="585" cy="283" a="0" width="31" height="6"/>
  <staticskin x="651" y="230" cx="636" cy="227" a="0" width="30" height="6"/>
  <staticskin x="436.5" y="174" cx="287" cy="167" a="0" width="299" height="14"/>
  <staticblueskin x="439.5" y="0.5" cx="286" cy="-6" a="0" width="307" height="13"/>
  <staticskin x="590" y="32.5" cx="586" cy="-35" a="0" width="8" height="135"/>
  <staticskin x="599" y="179.5" cx="587" cy="176" a="0" width="24" height="7"/>
  <staticblueskin x="536" y="147" cx="532" cy="128" a="0" width="8" height="38"/>
  <staticskin x="535.5" y="-8.5" cx="533" cy="-76" a="0" width="5" height="135"/>
  <springboardskin x="194" y="170" a="0" width="51" height="10.95"/>
  <staticskin x="219.5" y="2" cx="167" cy="-1" a="0" width="105" height="6"/>
  <staticskin x="401.5" y="38.5" cx="399" cy="-31" a="0" width="5" height="139"/>
  <staticredskin x="410" y="166" cx="288" cy="163" a="0" width="244" height="6"/>
  <staticredskin x="430.5" y="3.5" cx="286" cy="1" a="0" width="289" height="5"/>
  <rpointer x="226" y="356" a="0" width="40" height="33.7"/>
  <flowers2 x="352" y="355" a="0" width="60" height="33.45"/>
  <tree x="192" y="323" a="0" width="78.35" height="100"/>
  <staticblueskin x="360" y="334.5" cx="293" cy="332" a="0" width="134" height="5"/>
  <littlemouse x="51" y="115" a="0" width="37.35" height="34.3"/>
</scene>