<scene width="740" height="380">
  <timer time="80"/>
  <creator id="1543117"/>
  <bg id="6"/>
  <minkskin x="73" y="329" a="0" width="36" height="27"/>
  <cheeseskin x="694" y="91" a="0" width="27.05" height="22"/>
  <carrierhorizontal x="182" y="265" linewidth="300" lineheight="20" boxwidth="50" boxheight="20"/>
  <carriervertical x="483" y="199" linewidth="50" lineheight="200" boxwidth="50" boxheight="20"/>
  <carrierhorizontal x="504" y="193" linewidth="300" lineheight="20" boxwidth="50" boxheight="20"/>
  <staticskin x="549.5" y="109.5" cx="546" cy="107" a="0" width="7" height="5"/>
  <staticskin x="511.5" y="145" cx="502" cy="140" a="0" width="19" height="10"/>
  <staticblueskin x="685.5" y="173.5" cx="621" cy="163" a="0" width="129" height="21"/>
  <springboardskin x="688" y="150" a="0" width="51" height="10.95"/>
  <staticredskin x="382.5" y="256" cx="289" cy="245" a="0" width="187" height="22"/>
  <boxskin x="261" y="242" a="0" width="50" height="50"/>
  <stone x="110" y="339" a="0" width="31.25" height="22.9"/>
  <rpointer x="402" y="229" a="0" width="40" height="33.7"/>
  <lpointer x="197" y="239" a="0" width="40" height="33.7"/>
  <lpointer x="559" y="169" a="0" width="40" height="33.7"/>
  <ground x="386" y="148.55" cx="352" cy="145" a="0" width="68" height="7.1"/>
  <groundblue x="113.5" y="271.5" cx="73" cy="266" a="0" width="81" height="11"/>
  <groundred x="634.525" y="110" cx="615" cy="106" a="0" width="39.05" height="8"/>
  <littlemouse x="691" y="107" a="0" width="37.35" height="34.3"/>
  <tree x="199" y="206" a="0" width="78.35" height="100"/>
  <bush x="521" y="180" a="0" width="59.4" height="32.3"/>
</scene>