<scene width="740" height="380">
  <timer time="120"/>
  <creator id="2964235"/>
  <bg id="5"/>
  <tree2 x="358" y="331" a="0" width="84.85" height="100"/>
  <flowers1 x="518" y="346" a="0" width="60" height="58.2"/>
  <bush x="512" y="358" a="0" width="59.4" height="32.3"/>
  <cactus x="16" y="281" a="0" width="20" height="42.55"/>
  <tree2 x="27" y="175" a="0" width="84.85" height="100"/>
  <flowers1 x="153" y="269" a="0" width="60" height="58.2"/>
  <staticblueskin x="52.5" y="373.5" cx="3" cy="360" a="0" width="99" height="27"/>
  <littlemouse x="49" y="339" a="0" width="37.35" height="34.3"/>
  <staticblueskin x="89" y="342.5" cx="71" cy="340" a="0" width="36" height="5"/>
  <staticblueskin x="30.5" y="312" cx="12" cy="309" a="0" width="37" height="6"/>
  <staticblueskin x="94" y="269.5" cx="72" cy="267" a="0" width="44" height="5"/>
  <staticblueskin x="37.5" y="227.5" cx="16" cy="225" a="0" width="43" height="5"/>
  <staticblueskin x="120" y="342.5" cx="107" cy="308" a="0" width="26" height="69"/>
  <staticblueskin x="4" y="290.5" cx="-4" cy="222" a="0" width="16" height="137"/>
  <staticblueskin x="126" y="274" cx="119" cy="244" a="0" width="14" height="60"/>
  <staticblueskin x="161.5" y="331.5" cx="155" cy="288" a="0" width="13" height="87"/>
  <staticblueskin x="209" y="333.5" cx="205" cy="283" a="0" width="8" height="101"/>
  <staticblueskin x="242.5" y="318" cx="236" cy="259" a="0" width="13" height="118"/>
  <staticskin x="276.5" y="340" cx="269" cy="304" a="0" width="15" height="72"/>
  <tree x="394" y="319" a="0" width="78.35" height="100"/>
  <staticskin x="573" y="168.5" cx="565" cy="161" a="0" width="16" height="15"/>
  <stone x="648" y="292" a="0" width="31.25" height="22.9"/>
  <staticskin x="326" y="283.5" cx="314" cy="273" a="0" width="24" height="21"/>
  <staticskin x="376.5" y="244.5" cx="364" cy="237" a="0" width="25" height="15"/>
  <staticskin x="409" y="218" cx="401" cy="209" a="0" width="16" height="18"/>
  <staticskin x="437.5" y="261.5" cx="428" cy="250" a="0" width="19" height="23"/>
  <staticskin x="485.5" y="265" cx="474" cy="252" a="0" width="23" height="26"/>
  <staticskin x="524.5" y="225.5" cx="514" cy="215" a="0" width="21" height="21"/>
  <staticblueskin x="583.5" y="296" cx="543" cy="214" a="0" width="81" height="164"/>
  <staticblueskin x="681.5" y="344.5" cx="626" cy="306" a="0" width="111" height="77"/>
  <staticblueskin x="627" y="321" cx="620" cy="259" a="0" width="14" height="124"/>
  <cheeseskin x="681" y="284" a="0" width="27.05" height="22"/>
  <staticblueskin x="527" y="150.5" cx="517" cy="142" a="0" width="20" height="17"/>
  <staticskin x="491.5" y="139.5" cx="483" cy="130" a="0" width="17" height="19"/>
  <staticblueskin x="446.5" y="106" cx="432" cy="95" a="0" width="29" height="22"/>
  <staticblueskin x="390.5" y="122" cx="380" cy="112" a="0" width="21" height="20"/>
  <staticskin x="340.5" y="101.5" cx="329" cy="93" a="0" width="23" height="17"/>
  <staticblueskin x="281.5" y="91" cx="271" cy="81" a="0" width="21" height="20"/>
  <staticskin x="231" y="91" cx="222" cy="76" a="0" width="18" height="30"/>
  <staticblueskin x="189.5" y="82.5" cx="177" cy="74" a="0" width="25" height="17"/>
  <minkskin x="101" y="81" a="0" width="36" height="27"/>
  <springboardskin x="457" y="359" a="0" width="51" height="10.95"/>
  <ballskin x="724" y="291" a="0" width="25" height="25"/>
  <ballskin x="726" y="256" a="0" width="25" height="25"/>
  <ballskin x="723" y="218" a="0" width="25" height="25"/>
  <ballskin x="724" y="182" a="0" width="25" height="25"/>
  <ballskin x="729" y="155" a="0" width="25" height="25"/>
  <ballskin x="732" y="124" a="0" width="25" height="25"/>
  <flowers1 x="578" y="191" a="0" width="60" height="58.2"/>
  <staticblueskin x="414" y="370.5" cx="291" cy="361" a="0" width="246" height="19"/>
  <tree x="306" y="327" a="0" width="78.35" height="100"/>
</scene>