<scene width="740" height="380">
  <timer time="80"/>
  <creator id="2786892"/>
  <bg id="12"/>
  <staticskin x="611" y="270" cx="592" cy="255" a="0" width="38" height="30"/>
  <staticskin x="686.5" y="318" cx="670" cy="299" a="0" width="33" height="38"/>
  <staticskin x="619" y="359.5" cx="595" cy="353" a="0" width="48" height="13"/>
  <staticskin x="554.5" y="333.5" cx="539" cy="319" a="0" width="31" height="29"/>
  <minkskin x="486" y="274" a="0" width="36" height="27"/>
  <staticblueskin x="478.5" y="300" cx="436" cy="293" a="0" width="85" height="14"/>
  <staticskin x="74" y="83.5" cx="51" cy="79" a="0" width="46" height="9"/>
  <staticskin x="148.5" y="101" cx="124" cy="94" a="0" width="49" height="14"/>
  <staticskin x="233.5" y="82" cx="208" cy="76" a="0" width="51" height="12"/>
  <littlemouse x="76" y="63" a="0" width="37.35" height="34.3"/>
  <staticskin x="292" y="151.5" cx="286" cy="84" a="0" width="12" height="135"/>
  <staticskin x="375" y="67.5" cx="331" cy="63" a="0" width="88" height="9"/>
  <staticskin x="425" y="206.5" cx="420" cy="126" a="0" width="10" height="161"/>
  <staticskin x="424" y="98" cx="420" cy="72" a="0" width="8" height="52"/>
  <staticskin x="424.5" y="315.5" cx="420" cy="288" a="0" width="9" height="55"/>
  <staticskin x="368.5" y="345" cx="351" cy="341" a="0" width="35" height="8"/>
  <cheeseskin x="312" y="268" a="0" width="27.05" height="22"/>
  <staticskin x="403" y="344.5" cx="386" cy="340" a="0" width="34" height="9"/>
  <staticskin x="293" y="253" cx="287" cy="220" a="0" width="12" height="66"/>
  <flowers2 x="613" y="238" a="0" width="60" height="33.45"/>
  <ballskin x="527" y="132" a="0" width="23.8" height="26.05"/>
  <ballskin x="651" y="129" a="0" width="23.8" height="26.05"/>
  <ballskin x="489" y="67" a="0" width="23.8" height="26.05"/>
  <ballskin x="375" y="311" a="0" width="23.8" height="26.05"/>
  <heavyboxskin x="280" y="325" a="0" width="41" height="22"/>
  <ballskin x="151" y="89" a="0" width="23.8" height="26.05"/>
  <ballskin x="237" y="57" a="0" width="23.8" height="26.05"/>
  <springboardskin x="104" y="141" a="0" width="51" height="10.95"/>
  <springboardskin x="195" y="140" a="0" width="51" height="10.95"/>
  <springboardskin x="270" y="134" a="0" width="51" height="10.95"/>
  <springboardskin x="188" y="397" a="0" width="51" height="10.95"/>
  <staticskin x="279" y="293.5" cx="242" cy="286" a="0" width="74" height="15"/>
  <staticskin x="250" y="323.5" cx="242" cy="301" a="0" width="16" height="45"/>
  <staticskin x="307" y="347.5" cx="262" cy="345" a="0" width="90" height="5"/>
  <staticskin x="317.5" y="119" cx="297" cy="113" a="0" width="41" height="12"/>
  <staticredskin x="370.5" y="333.5" cx="350" cy="327" a="0" width="41" height="13"/>
  <staticblueskin x="546.5" y="101" cx="435" cy="95" a="0" width="223" height="12"/>
  <staticblueskin x="611" y="168" cx="483" cy="162" a="0" width="256" height="12"/>
  <staticblueskin x="469.5" y="218.5" cx="436" cy="213" a="0" width="67" height="11"/>
  <staticblueskin x="541.5" y="243" cx="510" cy="236" a="0" width="63" height="14"/>
</scene>