<scene width="740" height="380">
  <timer time="120"/>
  <creator id="2740576"/>
  <bg id="9"/>
  <flowers1 x="470" y="320" a="0" width="60" height="58.2"/>
  <flowers2 x="502" y="267" a="0" width="60" height="33.45"/>
  <cheeseskin x="659" y="20" a="0" width="27.05" height="22"/>
  <staticblueskin x="152.5" y="373.5" cx="3" cy="370" a="0" width="299" height="7"/>
  <littlemouse x="24" y="351" a="0" width="37.35" height="34.3"/>
  <staticskin x="520.5" y="344.5" cx="309" cy="339" a="0" width="423" height="11"/>
  <staticblueskin x="311" y="295.5" cx="-2" cy="286" a="0" width="626" height="19"/>
  <staticredskin x="163.5" y="243.5" cx="92" cy="236" a="0" width="143" height="15"/>
  <staticskin x="464.5" y="243.5" cx="235" cy="237" a="0" width="459" height="13"/>
  <minkskin x="702" y="325" a="0" width="36" height="27"/>
  <staticskin x="292" y="182.5" cx="4" cy="170" a="0" width="576" height="25"/>
  <staticblueskin x="417" y="128.5" cx="108" cy="124" a="0" width="618" height="9"/>
  <staticskin x="323" y="91" cx="-8" cy="85" a="0" width="662" height="12"/>
  <staticblueskin x="395" y="44" cx="87" cy="40" a="0" width="616" height="8"/>
  <ballskin x="129" y="221" a="0" width="25" height="25"/>
  <ballskin x="181" y="222" a="0" width="25" height="25"/>
</scene>