<scene width="740" height="380">
  <timer time="40"/>
  <creator id="2775374"/>
  <bg id="2"/>
  <springboardskin x="569" y="213" a="0" width="51" height="10.95"/>
  <ballskin x="361" y="21" a="0" width="25" height="25"/>
  <tree x="35" y="169" a="0" width="78.35" height="100"/>
  <stone x="39" y="92" a="0" width="31.25" height="22.9"/>
  <boxskin x="105" y="88" a="0" width="50" height="50"/>
  <cheeseskin x="96" y="203" a="0" width="27.05" height="22"/>
  <staticredskin x="244.5" y="212" cx="113" cy="207" a="0" width="263" height="10"/>
  <minkskin x="31" y="274" a="0" width="36" height="27"/>
  <heavyboxskin x="714" y="332" a="0" width="41.05" height="22"/>
  <heavyboxskin x="643" y="331" a="0" width="41.05" height="22"/>
  <heavyboxskin x="568" y="333" a="0" width="41.05" height="22"/>
  <tree2 x="703" y="263" a="0" width="84.85" height="100"/>
  <littlemouse x="196" y="398" a="0" width="37.35" height="34.3"/>
  <groundblue x="371" y="361.5" cx="5" cy="345" a="0" width="733" height="34"/>
  <ground x="298" y="230" cx="6" cy="220" a="0" width="584" height="20"/>
  <staticskin x="195.5" y="121" cx="10" cy="113" a="0" width="371" height="16"/>
  <staticredskin x="193.5" y="49.5" cx="13" cy="40" a="0" width="361" height="19"/>
  <springboardskin x="453" y="215" a="0" width="51" height="10.95"/>
  <springboardskin x="512" y="214" a="0" width="51" height="10.95"/>
</scene>