<scene width="740" height="380">
  <timer time="60"/>
  <creator id="2682521"/>
  <bg id="4"/>
  <staticblueskin x="334" y="260.5" cx="327" cy="177" a="0" width="14" height="167"/>
  <cheeseskin x="45" y="87" a="0" width="27.05" height="22"/>
  <minkskin x="694" y="32" a="0" width="36" height="27"/>
  <staticskin x="401.5" y="185.5" cx="347" cy="179" a="0" width="109" height="13"/>
  <staticskin x="461" y="223" cx="457" cy="182" a="0" width="8" height="82"/>
  <staticskin x="419" y="263.5" cx="384" cy="259" a="0" width="70" height="9"/>
  <staticskin x="389" y="236" cx="386" cy="211" a="0" width="6" height="50"/>
  <cheeseskin x="419" y="236" a="0" width="27.05" height="22"/>
  <staticblueskin x="659" y="312" cx="587" cy="307" a="0" width="144" height="10"/>
  <staticblueskin x="672.5" y="290.5" cx="599" cy="286" a="0" width="147" height="9"/>
  <staticblueskin x="690" y="269" cx="633" cy="264" a="0" width="114" height="10"/>
  <springboardskin x="622" y="188" a="0" width="51" height="10.95"/>
  <springboardskin x="699" y="126" a="0" width="51" height="10.95"/>
  <springboardskin x="713" y="228" a="0" width="51" height="10.95"/>
  <boxskin x="298" y="318" a="0" width="50" height="50"/>
  <staticblueskin x="159.5" y="250" cx="78" cy="239" a="0" width="163" height="22"/>
  <staticblueskin x="506" y="117" cx="458" cy="111" a="0" width="96" height="12"/>
  <staticblueskin x="229" y="190.5" cx="165" cy="182" a="0" width="128" height="17"/>
  <staticblueskin x="134.5" y="148" cx="90" cy="143" a="0" width="89" height="10"/>
  <littlemouse x="364" y="329" a="0" width="37.35" height="34.3"/>
  <staticskin x="63.5" y="118" cx="19" cy="108" a="0" width="89" height="20"/>
  <staticskin x="376" y="359" cx="21" cy="345" a="0" width="710" height="28"/>
</scene>