<scene width="740" height="380">
  <timer time="80"/>
  <creator id="2874066"/>
  <bg id="2"/>
  <carrierhorizontal x="598" y="411" linewidth="300" lineheight="20" boxwidth="50" boxheight="20"/>
  <carriervertical x="93" y="136" linewidth="50" lineheight="200" boxwidth="50" boxheight="20"/>
  <littlemouse x="18" y="38" a="0" width="37.35" height="34.3"/>
  <cheeseskin x="510" y="202" a="0" width="27.05" height="22"/>
  <minkskin x="178" y="35" a="0" width="36" height="27"/>
  <staticskin x="255.5" y="346" cx="138" cy="341" a="0" width="235" height="10"/>
  <staticskin x="321" y="322.5" cx="316" cy="297" a="0" width="10" height="51"/>
  <staticskin x="386" y="308.5" cx="318" cy="301" a="0" width="136" height="15"/>
  <staticskin x="446" y="292.5" cx="440" cy="272" a="0" width="12" height="41"/>
  <staticskin x="465.5" y="281.5" cx="442" cy="276" a="0" width="47" height="11"/>
  <staticskin x="482" y="314" cx="476" cy="281" a="0" width="12" height="66"/>
  <staticskin x="572.5" y="351.5" cx="475" cy="346" a="0" width="195" height="11"/>
  <staticredskin x="639" y="351.5" cx="607" cy="345" a="0" width="64" height="13"/>
  <ballskin x="241" y="330" a="0" width="25" height="25"/>
  <ballskin x="262" y="333" a="0" width="25" height="25"/>
  <ballskin x="287" y="332" a="0" width="25" height="25"/>
  <ballskin x="215" y="329" a="0" width="25" height="25"/>
  <ballskin x="192" y="329" a="0" width="25" height="25"/>
  <ballskin x="364" y="294" a="0" width="25" height="25"/>
  <ballskin x="390" y="293" a="0" width="25" height="25"/>
  <ballskin x="421" y="293" a="0" width="25" height="25"/>
  <bush x="465" y="264" a="0" width="59.4" height="32.3"/>
  <rpointer x="55" y="41" a="0" width="40" height="33.7"/>
  <staticskin x="675.5" y="289" cx="670" cy="219" a="0" width="11" height="140"/>
  <staticskin x="598.5" y="293" cx="573" cy="287" a="0" width="51" height="12"/>
  <staticskin x="629.5" y="260.5" cx="624" cy="220" a="0" width="11" height="81"/>
  <staticredskin x="545" y="293.5" cx="518" cy="288" a="0" width="54" height="11"/>
  <staticskin x="530" y="255.5" cx="521" cy="222" a="0" width="18" height="67"/>
  <staticskin x="506.5" y="227" cx="474" cy="220" a="0" width="65" height="14"/>
  <staticskin x="478.5" y="189" cx="475" cy="157" a="0" width="7" height="64"/>
  <staticskin x="500" y="164.5" cx="477" cy="158" a="0" width="46" height="13"/>
  <springboardskin x="433" y="148" a="0" width="51" height="10.95"/>
  <springboardskin x="363" y="125" a="0" width="51" height="10.95"/>
  <springboardskin x="295" y="105" a="0" width="51" height="10.95"/>
  <springboardskin x="223" y="91" a="0" width="51" height="10.95"/>
  <springboardskin x="169" y="68" a="0" width="51" height="10.95"/>
  <staticskin x="17" y="62" cx="-30" cy="58" a="0" width="94" height="8"/>
  <staticskin x="135.5" y="104" cx="130" cy="-54" a="0" width="11" height="316"/>
  <staticskin x="132" y="358.5" cx="127" cy="316" a="0" width="10" height="85"/>
</scene>