<scene width="740" height="380">
  <timer time="80"/>
  <creator id="2990848"/>
  <bg id="1"/>
  <ground x="226" y="277" cx="175" cy="263" a="0" width="102" height="28"/>
  <ground x="325.5" y="231.025" cx="263" cy="217" a="0" width="125" height="28.05"/>
  <ground x="536" y="192" cx="348" cy="178" a="0" width="376" height="28"/>
  <springboardskin x="383" y="172" a="0" width="51" height="10.95"/>
  <ground x="208.5" y="144" cx="129" cy="136" a="0" width="159" height="16"/>
  <ground x="126" y="104.5" cx="38" cy="93" a="0" width="176" height="23"/>
  <ground x="102.5" y="63.5" cx="30" cy="51" a="0" width="145" height="25"/>
  <cheeseskin x="98" y="30" a="0" width="27.05" height="22"/>
  <tree2 x="408" y="297" a="0" width="84.85" height="100"/>
  <tree x="473" y="293" a="0" width="78.35" height="100"/>
  <minkskin x="22" y="318" a="0" width="36" height="27"/>
  <littlemouse x="64" y="325" a="0" width="37.35" height="34.3"/>
  <tree2 x="519" y="292" a="0" width="84.85" height="100"/>
  <cactus x="443" y="322" a="0" width="20" height="42.55"/>
  <bush x="385" y="333" a="0" width="59.4" height="32.3"/>
  <flowers1 x="546" y="326" a="0" width="60" height="58.2"/>
  <tree2 x="581" y="285" a="0" width="84.85" height="100"/>
  <flowers2 x="587" y="326" a="0" width="60" height="33.45"/>
  <tree x="626" y="292" a="0" width="78.35" height="100"/>
  <tree x="347" y="289" a="0" width="78.35" height="100"/>
  <ballskin x="56" y="36" a="0" width="25" height="25"/>
  <flowers1 x="484" y="328" a="0" width="60" height="58.2"/>
  <ground x="330" y="363.5" cx="-25" cy="341" a="0" width="710" height="45"/>
  <ground x="635" y="363.5" cx="523" cy="341" a="0" width="224" height="45"/>
  <ground x="140" y="323.525" cx="85" cy="311" a="0" width="110" height="25.05"/>
</scene>