<scene width="740" height="380">
  <timer time="60"/>
  <creator id="2772956"/>
  <bg id="1"/>
  <bush x="75" y="371" a="0" width="59.4" height="32.3"/>
  <cheeseskin x="154" y="354" a="0" width="27.05" height="22"/>
  <staticredskin x="551.5" y="222" cx="548" cy="125" a="0" width="7" height="194"/>
  <littlemouse x="73" y="103" a="0" width="37.35" height="34.3"/>
  <staticredskin x="569.5" y="367.5" cx="551" cy="365" a="0" width="37" height="5"/>
  <springboardskin x="242" y="190" a="0" width="51" height="10.95"/>
  <ballskin x="349" y="120" a="0" width="23.8" height="26.05"/>
  <ballskin x="483" y="119" a="0" width="23.8" height="26.05"/>
  <ballskin x="632" y="119" a="0" width="23.8" height="26.05"/>
  <staticblueskin x="97" y="310.5" cx="19" cy="300" a="0" width="156" height="21"/>
  <staticredskin x="438" y="232.5" cx="433" cy="137" a="0" width="10" height="191"/>
  <staticredskin x="591" y="226" cx="588" cy="131" a="0" width="6" height="190"/>
  <cactus x="649" y="355" a="0" width="20" height="42.55"/>
  <tree x="704" y="324" a="0" width="78.35" height="100"/>
  <flowers2 x="80" y="282" a="0" width="60" height="33.45"/>
  <staticskin x="74" y="116.5" cx="19" cy="114" a="0" width="110" height="5"/>
  <staticskin x="13.5" y="212" cx="10" cy="114" a="0" width="7" height="196"/>
  <staticskin x="165" y="164" cx="161" cy="117" a="0" width="8" height="94"/>
  <staticskin x="216.5" y="202" cx="174" cy="193" a="0" width="85" height="18"/>
  <staticskin x="274.5" y="225.5" cx="270" cy="123" a="0" width="9" height="205"/>
  <staticblueskin x="220.5" y="324.5" cx="172" cy="316" a="0" width="97" height="17"/>
  <staticskin x="305" y="231.5" cx="300" cy="126" a="0" width="10" height="211"/>
  <staticskin x="420" y="233" cx="416" cy="130" a="0" width="8" height="206"/>
  <staticskin x="454.5" y="228" cx="450" cy="126" a="0" width="9" height="204"/>
  <staticblueskin x="361.5" y="133.5" cx="306" cy="125" a="0" width="111" height="17"/>
  <staticblueskin x="500.5" y="128.5" cx="454" cy="122" a="0" width="93" height="13"/>
  <staticblueskin x="505.5" y="318.5" cx="462" cy="307" a="0" width="87" height="23"/>
  <staticblueskin x="602" y="227" cx="595" cy="130" a="0" width="14" height="194"/>
  <staticblueskin x="663" y="136" cx="610" cy="130" a="0" width="106" height="12"/>
  <staticredskin x="341.5" y="366" cx="326" cy="361" a="0" width="31" height="10"/>
  <staticblueskin x="727.5" y="179" cx="722" cy="133" a="0" width="11" height="92"/>
  <staticblueskin x="667" y="219" cx="616" cy="216" a="0" width="102" height="6"/>
  <cheeseskin x="662" y="186" a="0" width="27.05" height="22"/>
  <minkskin x="188" y="177" a="0" width="36" height="27"/>
  <staticblueskin x="493" y="226" cx="462" cy="220" a="0" width="62" height="12"/>
  <cheeseskin x="360" y="176" a="0" width="27.05" height="22"/>
  <staticskin x="467.5" y="375" cx="325" cy="369" a="0" width="285" height="12"/>
  <staticredskin x="158" y="367.5" cx="136" cy="362" a="0" width="44" height="11"/>
  <bush x="252" y="371" a="0" width="59.4" height="32.3"/>
</scene>