<scene width="740" height="456">
  <timer time="40"/>
  <creator id="2268956"/>
  <bg id="11"/>
  <rpointer x="103" y="340" a="0" width="40" height="33.7"/>
  <carrierhorizontal x="0" y="370" linewidth="300" lineheight="20" boxwidth="50" boxheight="20"/>
  <bush x="25" y="347" a="0" width="59.4" height="32.3"/>
  <littlemouse x="34" y="348" a="0" width="37.35" height="34.3"/>
  <carrierhorizontal x="51" y="370" linewidth="300" lineheight="20" boxwidth="50" boxheight="20"/>
  <carrierhorizontal x="104" y="370" linewidth="400" lineheight="20" boxwidth="50" boxheight="20"/>
  <springboardskin x="175" y="350" a="0" width="51" height="10.95"/>
  <springboardskin x="236" y="328" a="0" width="51" height="10.95"/>
  <springboardskin x="293" y="305" a="0" width="51" height="10.95"/>
  <cheeseskin x="360" y="269" a="0" width="27.05" height="22"/>
  <carrierhorizontal x="473" y="373" linewidth="300" lineheight="20" boxwidth="50" boxheight="20"/>
  <minkskin x="716" y="252" a="0" width="36" height="27"/>
  <carriervertical x="550" y="343" linewidth="50" lineheight="200" boxwidth="50" boxheight="20"/>
  <springboardskin x="588" y="333" a="0" width="51" height="10.95"/>
</scene>