<scene width="740" height="380">
  <timer time="80"/>
  <creator id="3000480"/>
  <bg id="9"/>
  <groundblue x="1.75" y="313.75" cx="-12" cy="-49" a="0" width="28.5" height="726.5"/>
  <groundblue x="380.75" y="368.275" cx="22" cy="356" a="0" width="718.5" height="25.55"/>
  <groundblue x="740.75" y="307.75" cx="711" cy="-82" a="0" width="60.5" height="780.5"/>
  <groundblue x="375.75" y="-1.25" cx="24" cy="-13" a="0" width="704.5" height="24.5"/>
  <staticblueskin x="172" y="64.5" cx="24" cy="59" a="0" width="296" height="11"/>
  <staticblueskin x="558" y="63" cx="407" cy="58" a="0" width="302" height="10"/>
  <staticblueskin x="166" y="183" cx="153" cy="56" a="0" width="26" height="254"/>
  <staticblueskin x="311.5" y="188" cx="303" cy="72" a="0" width="17" height="232"/>
  <staticblueskin x="193" y="306.5" cx="156" cy="299" a="0" width="74" height="15"/>
  <staticblueskin x="286.5" y="254.5" cx="252" cy="248" a="0" width="69" height="13"/>
  <staticblueskin x="212.5" y="220" cx="183" cy="213" a="0" width="59" height="14"/>
  <staticblueskin x="287" y="179.5" cx="271" cy="174" a="0" width="32" height="11"/>
  <staticblueskin x="211" y="152" cx="183" cy="144" a="0" width="56" height="16"/>
  <cheeseskin x="238" y="111" a="0" width="27.05" height="22"/>
  <littlemouse x="65" y="42" a="0" width="37.35" height="34.3"/>
  <staticblueskin x="413" y="197" cx="407" cy="69" a="0" width="12" height="256"/>
  <staticblueskin x="520" y="255.5" cx="511" cy="155" a="0" width="18" height="201"/>
  <staticblueskin x="438.5" y="307.5" cx="422" cy="300" a="0" width="33" height="15"/>
  <staticblueskin x="497.5" y="260" cx="483" cy="253" a="0" width="29" height="14"/>
  <staticblueskin x="431" y="228" cx="410" cy="222" a="0" width="42" height="12"/>
  <staticblueskin x="499" y="187" cx="484" cy="182" a="0" width="30" height="10"/>
  <staticblueskin x="671.5" y="280" cx="628" cy="273" a="0" width="87" height="14"/>
  <staticblueskin x="578" y="163" cx="532" cy="155" a="0" width="92" height="16"/>
  <staticblueskin x="616.5" y="277" cx="607" cy="236" a="0" width="19" height="82"/>
  <staticblueskin x="564" y="365" cx="556" cy="350" a="0" width="16" height="30"/>
  <bush x="325" y="407" a="0" width="59.4" height="32.3"/>
  <bush x="357" y="343" a="0" width="59.4" height="32.3"/>
  <stone x="411" y="404" a="0" width="31.25" height="22.9"/>
  <stone x="697" y="346" a="0" width="31.25" height="22.9"/>
  <staticblueskin x="37.5" y="315" cx="15" cy="306" a="0" width="45" height="18"/>
  <staticblueskin x="126.5" y="271.5" cx="100" cy="264" a="0" width="53" height="15"/>
  <staticblueskin x="40.5" y="222" cx="17" cy="217" a="0" width="47" height="10"/>
  <staticblueskin x="129.5" y="168.5" cx="108" cy="162" a="0" width="43" height="13"/>
  <cheeseskin x="95" y="97" a="0" width="27.05" height="22"/>
  <minkskin x="673" y="350" a="0" width="36" height="27"/>
</scene>