<scene width="740" height="380">
  <timer time="40"/>
  <creator id="2704076"/>
  <bg id="9"/>
  <groundred x="692.25" y="353.75" cx="673" cy="325" a="0" width="39.5" height="58.5"/>
  <cheeseskin x="727" y="357" a="0" width="27.05" height="22"/>
  <ballskin x="343" y="175" a="0" width="23.8" height="26.05"/>
  <ballskin x="139" y="154" a="0" width="23.8" height="26.05"/>
  <ballskin x="100" y="155" a="0" width="23.8" height="26.05"/>
  <ballskin x="261" y="174" a="0" width="23.8" height="26.05"/>
  <rpointer x="211" y="150" a="0" width="40" height="33.7"/>
  <groundred x="601.75" y="383.25" cx="448" cy="376" a="0" width="308.5" height="15.5"/>
  <staticblueskin x="329" y="379" cx="-7" cy="373" a="0" width="672" height="12"/>
  <flowers1 x="27" y="362" a="0" width="60" height="58.2"/>
  <flowers2 x="236" y="360" a="0" width="60" height="33.45"/>
  <tree2 x="350" y="322" a="0" width="84.85" height="100"/>
  <groundblue x="555" y="229.5" cx="376" cy="221" a="0" width="359" height="18"/>
  <boxskin x="26" y="351" a="0" width="50" height="50"/>
  <ground x="24" y="321.5" cx="-4" cy="317" a="0" width="56" height="9"/>
  <ground x="8" y="282.6" cx="-13" cy="279" a="0" width="42" height="7.2"/>
  <tree x="144" y="271" a="0" width="78.35" height="100"/>
  <stone x="591" y="362" a="0" width="31.25" height="22.9"/>
  <cactus x="531" y="357" a="0" width="20" height="42.55"/>
  <bush x="446" y="360" a="0" width="59.4" height="32.3"/>
  <rpointer x="601" y="300" a="0" width="40" height="33.7"/>
  <lpointer x="703" y="307" a="0" width="40" height="33.7"/>
  <staticredskin x="667.5" y="4.5" cx="600" cy="1" a="0" width="135" height="7"/>
  <staticredskin x="663" y="109" cx="584" cy="106" a="0" width="158" height="6"/>
  <staticredskin x="718.5" y="58" cx="696" cy="16" a="0" width="45" height="84"/>
  <staticredskin x="595" y="16.5" cx="591" cy="-10" a="0" width="8" height="53"/>
  <cheeseskin x="622" y="26" a="0" width="27.05" height="22"/>
  <cheeseskin x="676" y="78" a="0" width="27.05" height="22"/>
  <staticredskin x="375" y="117.35" cx="472" cy="169" a="123" width="19" height="219"/>
  <staticredskin x="463.5" y="6" cx="339" cy="-1" a="0" width="249" height="14"/>
  <staticblueskin x="92" y="54" cx="-2" cy="-14" a="0" width="188" height="136"/>
  <groundblue x="224.75" y="172.25" cx="-17" cy="167" a="0" width="484.5" height="11.5"/>
  <carrierhorizontal x="480" y="165" linewidth="100" lineheight="20" boxwidth="50" boxheight="20"/>
  <staticredskin x="591.5" y="153" cx="589" cy="113" a="0" width="5" height="80"/>
  <littlemouse x="19" y="140" a="0" width="37.35" height="34.3"/>
  <minkskin x="22" y="198" a="0" width="36" height="27"/>
  <staticblueskin x="118" y="322.5" cx="115" cy="252" a="0" width="6" height="141"/>
  <staticblueskin x="153.5" y="354.5" cx="125" cy="333" a="0" width="57" height="43"/>
  <staticblueskin x="188.5" y="336.5" cx="183" cy="297" a="0" width="11" height="79"/>
  <staticblueskin x="215" y="366" cx="192" cy="356" a="0" width="46" height="20"/>
  <carrierhorizontal x="198" y="206" linewidth="300" lineheight="20" boxwidth="50" boxheight="20"/>
  <carrierhorizontal x="256" y="205" linewidth="300" lineheight="20" boxwidth="50" boxheight="20"/>
  <staticblueskin x="300.5" y="139" cx="275" cy="134" a="0" width="51" height="10"/>
  <staticblueskin x="211.5" y="99.5" cx="188" cy="94" a="0" width="47" height="11"/>
  <staticblueskin x="291" y="1.5" cx="242" cy="-2" a="0" width="98" height="7"/>
  <ground x="21.525" y="370" cx="7" cy="366" a="0" width="29.05" height="8"/>
  <ground x="98.025" y="360.5" cx="80" cy="358" a="0" width="36.05" height="5"/>
</scene>