<scene width="740" height="380">
  <timer time="40"/>
  <creator id="246782"/>
  <bg id="0"/>
  <staticblueskin x="485" y="318.5" cx="479" cy="314" a="0" width="12" height="9"/>
  <staticblueskin x="611.625" y="24.225" cx="716" cy="-32" a="150" width="237" height="7"/>
  <carrierhorizontal x="148" y="298" linewidth="300" lineheight="20" boxwidth="50" boxheight="20"/>
  <staticblueskin x="121" y="339.5" cx="109" cy="337" a="0" width="24" height="5"/>
  <staticblueskin x="313" y="189.5" cx="310" cy="182" a="0" width="6" height="15"/>
  <staticblueskin x="458.5" y="124.5" cx="456" cy="117" a="0" width="5" height="15"/>
  <staticblueskin x="458" y="192.5" cx="455" cy="185" a="0" width="6" height="15"/>
  <staticblueskin x="356" y="197.5" cx="341" cy="195" a="0" width="30" height="5"/>
  <littlemouse x="69" y="26" a="0" width="37.35" height="34.3"/>
  <staticblueskin x="37.5" y="120" cx="34" cy="45" a="0" width="7" height="150"/>
  <staticblueskin x="66.5" y="48.5" cx="36" cy="44" a="0" width="61" height="9"/>
  <staticblueskin x="99.5" y="76" cx="96" cy="45" a="0" width="7" height="62"/>
  <staticblueskin x="74.5" y="194.5" cx="37" cy="191" a="0" width="75" height="7"/>
  <staticblueskin x="114" y="151.5" cx="111" cy="106" a="0" width="6" height="91"/>
  <staticblueskin x="68.5" y="106.5" cx="34" cy="103" a="0" width="69" height="7"/>
  <staticblueskin x="109" y="106.5" cx="104" cy="103" a="0" width="10" height="7"/>
  <staticblueskin x="132.5" y="160" cx="129" cy="121" a="0" width="7" height="78"/>
  <staticblueskin x="158.5" y="124.5" cx="128" cy="121" a="0" width="61" height="7"/>
  <staticblueskin x="159.5" y="197.5" cx="132" cy="195" a="0" width="55" height="5"/>
  <staticblueskin x="207" y="149.5" cx="203" cy="98" a="0" width="8" height="103"/>
  <staticblueskin x="236.5" y="157" cx="233" cy="114" a="0" width="7" height="86"/>
  <minkskin x="706" y="280" a="0" width="36" height="27"/>
  <cheeseskin x="116" y="322" a="0" width="27.05" height="22"/>
  <staticblueskin x="339.2" y="154.25" cx="321" cy="113" a="-20" width="6" height="90"/>
  <staticblueskin x="372.42499999999995" y="156.3" cx="385" cy="113" a="20" width="6" height="90"/>
  <staticblueskin x="261" y="156" cx="258" cy="113" a="0" width="6" height="86"/>
  <staticblueskin x="285.5" y="115.5" cx="258" cy="112" a="0" width="55" height="7"/>
  <staticblueskin x="286" y="195.5" cx="258" cy="192" a="0" width="56" height="7"/>
  <staticblueskin x="432" y="197" cx="404" cy="194" a="0" width="56" height="6"/>
  <staticblueskin x="406.5" y="155.5" cx="404" cy="117" a="0" width="5" height="77"/>
  <staticblueskin x="432.5" y="119.5" cx="404" cy="116" a="0" width="57" height="7"/>
  <staticblueskin x="422.5" y="159" cx="403" cy="156" a="0" width="39" height="6"/>
  <staticblueskin x="279.5" y="156.5" cx="259" cy="154" a="0" width="41" height="5"/>
  <staticblueskin x="149" y="162.5" cx="132" cy="160" a="0" width="34" height="5"/>
  <staticblueskin x="186.5" y="131" cx="184" cy="123" a="0" width="5" height="16"/>
  <staticblueskin x="507.45" y="304.125" cx="488" cy="258" a="-20" width="5" height="100"/>
  <staticblueskin x="490" y="305" cx="487" cy="257" a="0" width="6" height="96"/>
  <staticblueskin x="541.075" y="304.3" cx="556" cy="256" a="20" width="5" height="101"/>
  <staticblueskin x="558.5" y="305.5" cx="556" cy="257" a="0" width="5" height="97"/>
  <staticblueskin x="577" y="315" cx="574" cy="277" a="0" width="6" height="76"/>
  <staticblueskin x="601" y="279.5" cx="575" cy="277" a="0" width="52" height="5"/>
  <staticblueskin x="601" y="350.5" cx="574" cy="348" a="0" width="54" height="5"/>
  <staticblueskin x="593" y="316" cx="576" cy="313" a="0" width="34" height="6"/>
  <staticblueskin x="624.5" y="288" cx="622" cy="277" a="0" width="5" height="22"/>
  <staticblueskin x="626.5" y="343" cx="624" cy="334" a="0" width="5" height="18"/>
  <staticblueskin x="489" y="353.5" cx="475" cy="351" a="0" width="28" height="5"/>
  <staticblueskin x="557.5" y="352.5" cx="544" cy="350" a="0" width="27" height="5"/>
  <staticblueskin x="184.5" y="191.5" cx="182" cy="184" a="0" width="5" height="15"/>
  <staticredskin x="222" y="196.5" cx="216" cy="193" a="0" width="12" height="7"/>
  <staticblueskin x="235.5" y="73.5" cx="232" cy="68" a="0" width="7" height="11"/>
  <staticblueskin x="309.5" y="121.5" cx="307" cy="114" a="0" width="5" height="15"/>
  <staticblueskin x="133.5" y="323" cx="131" cy="303" a="0" width="5" height="40"/>
  <staticblueskin x="540.75" y="129.4" cx="615" cy="90" a="150" width="168" height="6"/>
  <staticblueskin x="523" y="289.5" cx="507" cy="287" a="0" width="32" height="5"/>
  <staticblueskin x="640.275" y="133.64999999999998" cx="760" cy="68" a="150" width="273" height="6"/>
  <staticblueskin x="633.5" y="222.15" cx="690" cy="193" a="150" width="127" height="6"/>
  <staticblueskin x="702.025" y="242.075" cx="747" cy="219" a="150" width="101" height="5"/>
  <staticredskin x="648.6" y="340.17499999999995" cx="629" cy="327" a="-50" width="5" height="47"/>
</scene>