<scene width="740" height="380">
  <timer time="80"/>
  <creator id="866890"/>
  <bg id="5"/>
  <boxskin x="603" y="261" a="0" width="50" height="50"/>
  <littlemouse x="31" y="55" a="0" width="37.35" height="34.3"/>
  <staticredskin x="733.5" y="182" cx="720" cy="-1" a="0" width="27" height="366"/>
  <staticredskin x="1.5" y="219.5" cx="-10" cy="41" a="0" width="23" height="357"/>
  <groundred x="343.5" y="-0.5" cx="-20" cy="-34" a="0" width="728" height="68"/>
  <groundred x="352.5" y="400" cx="-13" cy="375" a="0" width="732" height="51"/>
  <minkskin x="39" y="356" a="0" width="36" height="27"/>
  <cheeseskin x="646" y="64" a="0" width="27.05" height="22"/>
  <flowers1 x="638" y="69" a="0" width="60" height="58.2"/>
  <flowers2 x="643" y="47" a="0" width="60" height="33.45"/>
  <flowers2 x="346" y="87" a="0" width="60" height="33.45"/>
  <flowers1 x="350" y="72" a="0" width="60" height="58.2"/>
  <ballskin x="223" y="334" a="0" width="25" height="25"/>
  <ballskin x="408" y="162" a="0" width="25" height="25"/>
  <ballskin x="269" y="113" a="0" width="25" height="25"/>
  <ballskin x="473" y="105" a="0" width="25" height="25"/>
  <ballskin x="517" y="195" a="0" width="25" height="25"/>
  <ballskin x="353" y="201" a="0" width="25" height="25"/>
  <ballskin x="195" y="235" a="0" width="25" height="25"/>
  <ballskin x="504" y="207" a="0" width="25" height="25"/>
  <ballskin x="311" y="212" a="0" width="25" height="25"/>
  <ballskin x="470" y="155" a="0" width="25" height="25"/>
  <ballskin x="602" y="103" a="0" width="25" height="25"/>
  <ballskin x="427" y="287" a="0" width="25" height="25"/>
  <ballskin x="361" y="279" a="0" width="25" height="25"/>
  <ballskin x="382" y="342" a="0" width="25" height="25"/>
  <ballskin x="320" y="304" a="0" width="25" height="25"/>
  <ballskin x="230" y="196" a="0" width="25" height="25"/>
  <ballskin x="181" y="144" a="0" width="25" height="25"/>
  <ballskin x="534" y="259" a="0" width="25" height="25"/>
  <ballskin x="618" y="222" a="0" width="25" height="25"/>
  <ballskin x="391" y="319" a="0" width="25" height="25"/>
  <ballskin x="397" y="261" a="0" width="25" height="25"/>
  <boxskin x="141" y="304" a="0" width="50" height="50"/>
  <boxskin x="317" y="198" a="0" width="50" height="50"/>
  <rpointer x="278" y="307" a="0" width="40" height="33.7"/>
  <bush x="383" y="342" a="0" width="59.4" height="32.3"/>
  <ballskin x="410" y="227" a="0" width="25" height="25"/>
  <ballskin x="447" y="235" a="0" width="25" height="25"/>
  <heavyboxskin x="461" y="349" a="0" width="41.05" height="22"/>
  <heavyboxskin x="277" y="350" a="0" width="41.05" height="22"/>
</scene>