<scene width="740" height="380">
  <timer time="120"/>
  <creator id="875527"/>
  <bg id="4"/>
  <staticblueskin x="408" y="221.5" cx="387" cy="217" a="0" width="42" height="9"/>
  <minkskin x="687" y="339" a="0" width="36" height="27"/>
  <staticblueskin x="260" y="83.5" cx="140" cy="81" a="0" width="240" height="5"/>
  <staticblueskin x="92.5" y="82" cx="15" cy="71" a="0" width="155" height="22"/>
  <staticblueskin x="439" y="176" cx="435" cy="94" a="0" width="8" height="164"/>
  <staticblueskin x="356" y="271" cx="282" cy="265" a="0" width="148" height="12"/>
  <carrierhorizontal x="79" y="242" linewidth="300" lineheight="20" boxwidth="50" boxheight="20"/>
  <carriervertical x="43" y="231" linewidth="50" lineheight="200" boxwidth="50" boxheight="20"/>
  <carrierhorizontal x="105" y="342" linewidth="300" lineheight="20" boxwidth="50" boxheight="20"/>
  <staticblueskin x="549" y="281.5" cx="528" cy="274" a="0" width="42" height="15"/>
  <staticblueskin x="598.5" y="250" cx="579" cy="244" a="0" width="39" height="12"/>
  <staticblueskin x="657" y="279" cx="638" cy="275" a="0" width="38" height="8"/>
  <staticblueskin x="690.5" y="362.5" cx="639" cy="360" a="0" width="103" height="5"/>
  <staticblueskin x="593.5" y="99" cx="444" cy="91" a="0" width="299" height="16"/>
  <staticblueskin x="502" y="74" cx="494" cy="63" a="0" width="16" height="22"/>
  <staticblueskin x="566.5" y="60.5" cx="563" cy="46" a="0" width="7" height="29"/>
  <staticblueskin x="714.5" y="28" cx="680" cy="22" a="0" width="69" height="12"/>
  <staticblueskin x="-6.5" y="10" cx="-27" cy="-73" a="0" width="41" height="166"/>
  <staticblueskin x="646" y="81.5" cx="638" cy="66" a="0" width="16" height="31"/>
  <cheeseskin x="699" y="62" a="0" width="27.05" height="22"/>
  <littlemouse x="76" y="43" a="0" width="37.35" height="34.3"/>
  <rpointer x="474" y="78" a="0" width="40" height="33.7"/>
  <bush x="368" y="256" a="0" width="59.4" height="32.3"/>
  <stone x="282" y="72" a="0" width="31.25" height="22.9"/>
  <tree x="527" y="224" a="0" width="78.35" height="100"/>
  <staticblueskin x="413" y="126.5" cx="391" cy="123" a="0" width="44" height="7"/>
  <staticblueskin x="481.5" y="348" cx="429" cy="344" a="0" width="105" height="8"/>
  <staticblueskin x="529" y="324" cx="506" cy="316" a="0" width="46" height="16"/>
  <staticblueskin x="360" y="174.5" cx="339" cy="169" a="0" width="42" height="11"/>
</scene>