<scene width="740" height="380">
  <timer time="60"/>
  <creator id="2987403"/>
  <bg id="0"/>
  <staticskin x="365" y="368" cx="-3" cy="353" a="0" width="736" height="30"/>
  <staticredskin x="737" y="188" cx="734" cy="1" a="0" width="6" height="374"/>
  <staticskin x="116" y="312" cx="2" cy="309" a="0" width="228" height="6"/>
  <staticskin x="508" y="312" cx="285" cy="309" a="0" width="446" height="6"/>
  <minkskin x="701" y="336" a="0" width="36" height="27"/>
  <staticskin x="204" y="272" cx="1" cy="269" a="0" width="406" height="6"/>
  <staticblueskin x="597" y="271" cx="458" cy="268" a="0" width="278" height="6"/>
  <littlemouse x="427" y="289" a="0" width="37.35" height="34.3"/>
  <staticblueskin x="503" y="224.5" cx="270" cy="221" a="0" width="466" height="7"/>
  <staticredskin x="109.5" y="225" cx="-3" cy="220" a="0" width="225" height="10"/>
  <staticblueskin x="322" y="181" cx="0" cy="178" a="0" width="644" height="6"/>
  <springboardskin x="694" y="216" a="0" width="51" height="10.95"/>
  <staticskin x="323" y="98" cx="-2" cy="94" a="0" width="650" height="8"/>
  <boxskin x="187" y="67" a="0" width="50" height="50"/>
  <cheeseskin x="62" y="82" a="0" width="27.05" height="22"/>
</scene>