<scene width="740" height="380">
  <timer time="80"/>
  <creator id="1394799"/>
  <bg id="1"/>
  <ballskin x="502" y="36" a="0" width="25" height="25"/>
  <ballskin x="470" y="100" a="0" width="25" height="25"/>
  <staticblueskin x="232.5" y="196" cx="19" cy="188" a="0" width="427" height="16"/>
  <staticblueskin x="263.5" y="263.5" cx="47" cy="254" a="0" width="433" height="19"/>
  <staticskin x="233" y="326.5" cx="17" cy="322" a="0" width="432" height="9"/>
  <staticskin x="251.5" y="371.5" cx="23" cy="368" a="0" width="457" height="7"/>
  <staticblueskin x="183" y="62" cx="12" cy="56" a="0" width="342" height="12"/>
  <staticredskin x="495.5" y="223.5" cx="485" cy="72" a="0" width="21" height="303"/>
  <staticblueskin x="583" y="85" cx="511" cy="80" a="0" width="144" height="10"/>
  <staticblueskin x="655" y="131" cx="575" cy="125" a="0" width="160" height="12"/>
  <springboardskin x="535" y="308" a="0" width="51" height="10.95"/>
  <springboardskin x="680" y="245" a="0" width="51" height="10.95"/>
  <staticblueskin x="583.5" y="192.5" cx="510" cy="186" a="0" width="147" height="13"/>
  <staticblueskin x="648.5" y="258" cx="566" cy="250" a="0" width="165" height="16"/>
  <staticblueskin x="585" y="320" cx="510" cy="314" a="0" width="150" height="12"/>
  <staticskin x="618.5" y="371.5" cx="511" cy="368" a="0" width="215" height="7"/>
  <cheeseskin x="527" y="346" a="0" width="27.05" height="22"/>
  <littlemouse x="27" y="37" a="0" width="37.35" height="34.3"/>
  <minkskin x="35" y="344" a="0" width="36" height="27"/>
  <rpointer x="586" y="63" a="0" width="40" height="33.7"/>
  <flowers1 x="563" y="348" a="0" width="60" height="58.2"/>
  <staticblueskin x="271" y="127.5" cx="61" cy="120" a="0" width="420" height="15"/>
  <staticredskin x="7.5" y="226" cx="0" cy="72" a="0" width="15" height="308"/>
  <springboardskin x="536" y="182" a="0" width="51" height="10.95"/>
  <ballskin x="204" y="12" a="0" width="25" height="25"/>
  <ballskin x="254" y="10" a="0" width="25" height="25"/>
  <ballskin x="165" y="10" a="0" width="25" height="25"/>
  <ballskin x="126" y="11" a="0" width="25" height="25"/>
  <ballskin x="321" y="11" a="0" width="25" height="25"/>
  <ballskin x="283" y="9" a="0" width="25" height="25"/>
  <ballskin x="463" y="197" a="0" width="25" height="25"/>
  <ballskin x="500" y="14" a="0" width="25" height="25"/>
  <ballskin x="463" y="324" a="0" width="25" height="25"/>
  <ballskin x="492" y="60" a="0" width="25" height="25"/>
</scene>