<scene width="740" height="380">
  <timer time="40"/>
  <creator id="2840293"/>
  <bg id="5"/>
  <littlemouse x="29" y="45" a="0" width="37.35" height="34.3"/>
  <staticblueskin x="288.5" y="62.5" cx="-3" cy="60" a="0" width="583" height="5"/>
  <cheeseskin x="554" y="44" a="0" width="27.05" height="22"/>
  <staticblueskin x="582.5" y="49" cx="580" cy="33" a="0" width="5" height="32"/>
  <carrierhorizontal x="439" y="168" linewidth="300" lineheight="20" boxwidth="50" boxheight="20"/>
  <minkskin x="462" y="123" a="0" width="36" height="27"/>
</scene>