<scene width="740" height="380">
  <timer time="80"/>
  <creator id="2641516"/>
  <bg id="9"/>
  <rpointer x="322" y="232" a="0" width="40" height="33.7"/>
  <carrierhorizontal x="-2" y="121" linewidth="300" lineheight="20" boxwidth="50" boxheight="20"/>
  <carriervertical x="712" y="60" linewidth="50" lineheight="200" boxwidth="50" boxheight="20"/>
  <minkskin x="718" y="46" a="0" width="36" height="27"/>
  <groundblue x="385" y="379" cx="11" cy="347" a="0" width="748" height="64"/>
  <cheeseskin x="24" y="57" a="0" width="27.05" height="22"/>
  <stone x="646" y="409" a="0" width="31.25" height="22.9"/>
  <carrierhorizontal x="62" y="179" linewidth="300" lineheight="20" boxwidth="50" boxheight="20"/>
  <carrierhorizontal x="124" y="243" linewidth="300" lineheight="20" boxwidth="50" boxheight="20"/>
  <springboardskin x="416" y="136" a="0" width="51" height="10.95"/>
  <springboardskin x="533" y="101" a="0" width="51" height="10.95"/>
  <springboardskin x="646" y="79" a="0" width="51" height="10.95"/>
  <boxskin x="25" y="94" a="0" width="50" height="50"/>
  <flowers1 x="85" y="156" a="0" width="60" height="58.2"/>
  <flowers2 x="147" y="213" a="0" width="60" height="33.45"/>
  <bush x="562" y="412" a="0" width="59.4" height="32.3"/>
  <flowers1 x="76" y="333" a="0" width="60" height="58.2"/>
  <tree2 x="670" y="292" a="3" width="84.85" height="100"/>
  <groundred x="473.5" y="331.025" cx="450" cy="316" a="0" width="47" height="30.05"/>
  <littlemouse x="187" y="229" a="0" width="37.35" height="34.3"/>
</scene>