<scene width="740" height="380">
  <timer time="60"/>
  <creator id="2319895"/>
  <bg id="7"/>
  <staticredskin x="712" y="257.5" cx="689" cy="254" a="0" width="46" height="7"/>
  <staticblueskin x="9.5" y="254.5" cx="5" cy="130" a="0" width="9" height="249"/>
  <staticblueskin x="72.3" y="267.35" cx="132" cy="169" a="33" width="7" height="230"/>
  <springboardskin x="320" y="192" a="0" width="51" height="10.95"/>
  <staticblueskin x="132" y="254" cx="127" cy="130" a="0" width="10" height="248"/>
  <staticblueskin x="196.675" y="295" cx="200" cy="230" a="6" width="7" height="130"/>
  <tree2 x="227" y="180" a="0" width="84.85" height="100"/>
  <bush x="648" y="401" a="0" width="59.4" height="32.3"/>
  <staticblueskin x="402.5" y="274.5" cx="399" cy="202" a="0" width="7" height="145"/>
  <staticblueskin x="290.5" y="248.5" cx="288" cy="129" a="0" width="5" height="239"/>
  <staticredskin x="273.25" y="327.05" cx="263" cy="322" a="3" width="21" height="9"/>
  <staticblueskin x="265.5" y="341.5" cx="243" cy="339" a="0" width="45" height="5"/>
  <staticblueskin x="496.5" y="251.5" cx="493" cy="133" a="0" width="7" height="237"/>
  <staticblueskin x="230.5" y="233" cx="200" cy="230" a="0" width="61" height="6"/>
  <staticblueskin x="258.5" y="274.5" cx="256" cy="205" a="0" width="5" height="139"/>
  <staticblueskin x="179.5" y="357.5" cx="165" cy="354" a="0" width="29" height="7"/>
  <staticblueskin x="322.85" y="293.95" cx="353" cy="242" a="33" width="6" height="120"/>
  <staticblueskin x="354.5" y="263.5" cx="352" cy="199" a="0" width="5" height="129"/>
  <staticblueskin x="447.5" y="268" cx="444" cy="226" a="0" width="7" height="84"/>
  <staticblueskin x="363.5" y="265" cx="360" cy="223" a="0" width="7" height="84"/>
  <groundred x="578.475" y="233.625" cx="570" cy="215" a="44" width="39.05" height="16"/>
  <staticblueskin x="526.675" y="298.7" cx="556" cy="248" a="33" width="6" height="117"/>
  <staticblueskin x="558.5" y="282" cx="555" cy="226" a="0" width="7" height="112"/>
  <staticblueskin x="686.5" y="253" cx="683" cy="130" a="0" width="7" height="246"/>
  <staticblueskin x="387.5" y="3" cx="-17" cy="0" a="0" width="809" height="6"/>
  <staticblueskin x="2.5" y="199" cx="0" cy="-13" a="0" width="5" height="424"/>
  <groundred x="472.67499999999995" y="238.85000000000002" cx="453" cy="227" a="11" width="44.15" height="16.75"/>
  <stone x="20" y="66" a="0" width="31.25" height="22.9"/>
  <staticblueskin x="462" y="41" cx="39" cy="37" a="0" width="846" height="8"/>
  <staticblueskin x="604.5" y="185" cx="601" cy="129" a="0" width="7" height="112"/>
  <staticblueskin x="642.5" y="236.5" cx="601" cy="233" a="0" width="83" height="7"/>
  <staticblueskin x="676" y="134" cx="662" cy="131" a="0" width="28" height="6"/>
  <staticblueskin x="613.5" y="134.5" cx="601" cy="130" a="0" width="25" height="9"/>
  <staticblueskin x="328.5" y="82.5" cx="-27" cy="78" a="0" width="711" height="9"/>
  <staticblueskin x="406" y="224.5" cx="360" cy="221" a="0" width="92" height="7"/>
  <staticblueskin x="407" y="304" cx="361" cy="301" a="0" width="92" height="6"/>
  <staticredskin x="155" y="369.5" cx="143" cy="367" a="0" width="24" height="5"/>
  <springboardskin x="526" y="226" a="0" width="51" height="10.95"/>
  <staticblueskin x="639.9000000000001" y="303.775" cx="683" cy="231" a="33" width="7" height="169"/>
  <littlemouse x="697" y="22" a="0" width="37.35" height="34.3"/>
  <cheeseskin x="177" y="342" a="0" width="27.05" height="22"/>
  <minkskin x="624" y="218" a="0" width="36" height="27"/>
</scene>