<scene width="740" height="380">
  <timer time="80"/>
  <creator id="1994116"/>
  <bg id="2"/>
  <staticblueskin x="607.5" y="196.5" cx="602" cy="193" a="0" width="11" height="7"/>
  <staticblueskin x="573.5" y="151.5" cx="569" cy="146" a="0" width="9" height="11"/>
  <staticblueskin x="607.5" y="101" cx="602" cy="97" a="0" width="11" height="8"/>
  <staticblueskin x="578" y="49" cx="569" cy="46" a="0" width="18" height="6"/>
  <springboardskin x="481" y="321" a="0" width="51" height="10.95"/>
  <springboardskin x="538" y="322" a="0" width="51" height="10.95"/>
  <staticblueskin x="621.5" y="155" cx="614" cy="-12" a="0" width="15" height="334"/>
  <staticblueskin x="704.85" y="168.5" cx="790" cy="296" a="150" width="20" height="306"/>
  <springboardskin x="620" y="373" a="0" width="51" height="10.95"/>
  <springboardskin x="168" y="166" a="0" width="51" height="10.95"/>
  <springboardskin x="123" y="153" a="0" width="51" height="10.95"/>
  <springboardskin x="74" y="137" a="0" width="51" height="10.95"/>
  <staticblueskin x="527" y="85.5" cx="520" cy="83" a="0" width="14" height="5"/>
  <tree x="356" y="179" a="0" width="78.35" height="100"/>
  <flowers1 x="479" y="291" a="0" width="60" height="58.2"/>
  <flowers1 x="537" y="299" a="0" width="60" height="58.2"/>
  <flowers2 x="692" y="216" a="0" width="60" height="33.45"/>
  <staticblueskin x="277" y="212" cx="266" cy="209" a="0" width="22" height="6"/>
  <staticblueskin x="297" y="284" cx="269" cy="279" a="0" width="56" height="10"/>
  <staticblueskin x="695.5" y="234.5" cx="651" cy="231" a="0" width="89" height="7"/>
  <staticblueskin x="663.5" y="219.5" cx="661" cy="208" a="0" width="5" height="23"/>
  <minkskin x="64" y="78" a="0" width="36" height="27"/>
  <springboardskin x="143" y="241" a="0" width="51" height="10.95"/>
  <littlemouse x="195" y="283" a="0" width="37.35" height="34.3"/>
  <staticblueskin x="33" y="186.5" cx="27" cy="48" a="0" width="12" height="277"/>
  <staticblueskin x="114" y="44.5" cx="27" cy="33" a="0" width="174" height="23"/>
  <staticblueskin x="129.5" y="314" cx="29" cy="303" a="0" width="201" height="22"/>
  <staticblueskin x="227" y="276.5" cx="218" cy="228" a="0" width="18" height="97"/>
  <staticblueskin x="214.5" y="73" cx="202" cy="33" a="0" width="25" height="80"/>
  <springboardskin x="192" y="230" a="0" width="51" height="10.95"/>
  <staticblueskin x="249" y="104" cx="238" cy="31" a="0" width="22" height="146"/>
  <staticblueskin x="254" y="279.5" cx="243" cy="228" a="0" width="22" height="103"/>
  <staticblueskin x="332.45" y="197.575" cx="406" cy="311" a="150" width="14" height="270"/>
  <cheeseskin x="691" y="214" a="0" width="27.05" height="22"/>
  <springboardskin x="324" y="369" a="0" width="51" height="10.95"/>
  <springboardskin x="412" y="368" a="0" width="51" height="10.95"/>
  <staticblueskin x="451" y="185.5" cx="442" cy="47" a="0" width="18" height="277"/>
  <staticblueskin x="347.5" y="234" cx="318" cy="230" a="0" width="59" height="8"/>
  <staticredskin x="437" y="202.5" cx="429" cy="198" a="0" width="16" height="9"/>
  <staticblueskin x="510.5" y="185.5" cx="502" cy="45" a="0" width="17" height="281"/>
  <staticblueskin x="559" y="186" cx="550" cy="47" a="0" width="18" height="278"/>
  <staticblueskin x="52" y="-7" cx="-304" cy="-19" a="0" width="712" height="24"/>
  <staticblueskin x="446" y="54" cx="432" cy="49" a="0" width="28" height="10"/>
  <springboardskin x="104" y="253" a="0" width="51" height="10.95"/>
  <staticblueskin x="816.5" y="-215.5" cx="513" cy="-435" a="0" width="607" height="439"/>
  <staticblueskin x="610.5" y="279.5" cx="606" cy="275" a="0" width="9" height="9"/>
  <staticblueskin x="572.5" y="239.5" cx="568" cy="235" a="0" width="9" height="9"/>
</scene>