<scene width="740" height="380">
  <timer time="80"/>
  <creator id="2867178"/>
  <bg id="1"/>
  <tree2 x="549" y="333" a="0" width="84.85" height="100"/>
  <tree x="677" y="333" a="0" width="78.35" height="100"/>
  <littlemouse x="77" y="110" a="0" width="37.35" height="34.3"/>
  <carrierhorizontal x="405" y="174" linewidth="300" lineheight="20" boxwidth="50" boxheight="20"/>
  <carriervertical x="711" y="121" linewidth="50" lineheight="200" boxwidth="50" boxheight="20"/>
  <ballskin x="142" y="46" a="0" width="23.8" height="26.05"/>
  <ballskin x="300" y="37" a="0" width="23.8" height="26.05"/>
  <ballskin x="394" y="37" a="0" width="23.8" height="26.05"/>
  <ballskin x="61" y="45" a="0" width="23.8" height="26.05"/>
  <minkskin x="710" y="106" a="0" width="36" height="27"/>
  <carriervertical x="74" y="127" linewidth="50" lineheight="200" boxwidth="50" boxheight="20"/>
  <carriervertical x="171" y="126" linewidth="50" lineheight="200" boxwidth="50" boxheight="20"/>
  <bush x="254" y="366" a="0" width="59.4" height="32.3"/>
  <cactus x="340" y="361" a="0" width="20" height="42.55"/>
  <flowers1 x="423" y="372" a="0" width="60" height="58.2"/>
  <flowers2 x="490" y="366" a="0" width="60" height="33.45"/>
  <boxskin x="98" y="359" a="0" width="50" height="50"/>
  <ballskin x="98" y="320" a="0" width="23.8" height="26.05"/>
  <stone x="626" y="369" a="0" width="31.25" height="22.9"/>
  <carriervertical x="277" y="124" linewidth="50" lineheight="200" boxwidth="50" boxheight="20"/>
  <carriervertical x="376" y="123" linewidth="50" lineheight="200" boxwidth="50" boxheight="20"/>
  <cheeseskin x="377" y="101" a="0" width="27.05" height="22"/>
  <lpointer x="285" y="409" a="0" width="40" height="33.7"/>
  <rpointer x="176" y="108" a="0" width="40" height="33.7"/>
  <bush x="477" y="410" a="0" width="59.4" height="32.3"/>
</scene>