<scene width="740" height="380">
  <timer time="60"/>
  <creator id="723174"/>
  <bg id="4"/>
  <groundblue x="90.5" y="63.5" cx="-1" cy="60" a="0" width="184" height="8"/>
  <groundblue x="250.025" y="56.5" cx="238" cy="54" a="0" width="25.05" height="6"/>
  <groundblue x="319.025" y="55.5" cx="306" cy="53" a="0" width="27.05" height="6"/>
  <groundblue x="399" y="56.075" cx="387" cy="52" a="0" width="25" height="9.15"/>
  <groundblue x="485.525" y="56.5" cx="473" cy="53" a="0" width="26.05" height="8"/>
  <minkskin x="362" y="9" a="0" width="36" height="27"/>
  <littlemouse x="360" y="351" a="0" width="37.35" height="34.3"/>
  <lpointer x="205" y="161" a="0" width="40" height="33.7"/>
  <rpointer x="529" y="152" a="0" width="40" height="33.7"/>
  <stone x="562" y="300" a="0" width="31.25" height="22.9"/>
  <stone x="169" y="301" a="0" width="31.25" height="22.9"/>
  <ballskin x="75" y="218" a="0" width="23.8" height="26.05"/>
  <ballskin x="210" y="217" a="0" width="23.8" height="26.05"/>
  <ballskin x="537" y="218" a="0" width="23.8" height="26.05"/>
  <ballskin x="662" y="215" a="0" width="23.8" height="26.05"/>
  <groundblue x="313.125" y="279" cx="310" cy="178" a="0" width="7.25" height="203"/>
  <groundblue x="405.55" y="282.5" cx="402" cy="175" a="0" width="8.1" height="216"/>
  <groundblue x="529.5" y="175" cx="404" cy="172" a="0" width="252" height="7"/>
  <groundblue x="188" y="179.5" cx="60" cy="177" a="0" width="257" height="6"/>
  <groundblue x="740" y="209.5" cx="737" cy="-11" a="0" width="7" height="442"/>
  <groundblue x="-2.95" y="150" cx="-8" cy="-80" a="0" width="11.1" height="461"/>
  <groundblue x="604.5" y="235.5" cx="469" cy="232" a="0" width="272" height="8"/>
  <groundblue x="546" y="312.55" cx="404" cy="309" a="0" width="285" height="8.1"/>
  <groundblue x="125" y="233.6" cx="-11" cy="230" a="0" width="273" height="8.2"/>
  <groundblue x="184" y="313" cx="53" cy="310" a="0" width="263" height="7"/>
  <groundblue x="685.5" y="308.05" cx="683" cy="301" a="0" width="6" height="15.1"/>
  <groundblue x="53.5" y="307.125" cx="51" cy="297" a="0" width="6" height="21.25"/>
  <groundblue x="471.125" y="230.5" cx="468" cy="223" a="0" width="7.25" height="16"/>
  <groundblue x="259.125" y="227.5" cx="256" cy="220" a="0" width="7.25" height="16"/>
  <groundred x="374" y="379.5" cx="-16" cy="376" a="0" width="781" height="8"/>
  <groundblue x="604" y="125.6" cx="466" cy="122" a="0" width="277" height="8.2"/>
  <groundblue x="125.5" y="128.125" cx="-7" cy="125" a="0" width="266" height="7.25"/>
  <cheeseskin x="482" y="351" a="0" width="27.05" height="22"/>
  <cheeseskin x="259" y="348" a="0" width="27.05" height="22"/>
  <springboardskin x="433" y="305" a="0" width="51" height="10.95"/>
  <springboardskin x="285" y="308" a="0" width="51" height="10.95"/>
  <groundblue x="623.5" y="94.675" cx="508" cy="92" a="0" width="232" height="6.35"/>
  <groundblue x="110" y="98.575" cx="-4" cy="96" a="0" width="229" height="6.15"/>
  <groundblue x="643.5" y="64" cx="550" cy="60" a="0" width="188" height="9"/>
</scene>