<scene width="740" height="380">
  <timer time="120"/>
  <creator id="339657"/>
  <bg id="8"/>
  <staticredskin x="117" y="75.5" cx="54" cy="69" a="0" width="126" height="13"/>
  <staticredskin x="7" y="220" cx="4" cy="55" a="0" width="6" height="330"/>
  <cheeseskin x="164" y="55" a="0" width="27.05" height="22"/>
  <ballskin x="116" y="50" a="0" width="25" height="25"/>
  <cheeseskin x="74" y="52" a="0" width="27.05" height="22"/>
  <staticredskin x="390.5" y="381.5" cx="18" cy="367" a="0" width="745" height="29"/>
  <staticredskin x="626" y="317" cx="539" cy="247" a="0" width="174" height="140"/>
  <minkskin x="633" y="38" a="0" width="36" height="27"/>
  <flowers2 x="412" y="357" a="0" width="60" height="33.45"/>
  <tree x="498" y="314" a="0" width="78.35" height="100"/>
  <lpointer x="345" y="351" a="0" width="40" height="33.7"/>
  <littlemouse x="569" y="230" a="0" width="37.35" height="34.3"/>
  <ballskin x="54" y="352" a="0" width="25" height="25"/>
  <ballskin x="70" y="333" a="0" width="25" height="25"/>
  <ballskin x="84" y="314" a="0" width="25" height="25"/>
  <ballskin x="95" y="300" a="0" width="25" height="25"/>
  <ballskin x="111" y="318" a="0" width="25" height="25"/>
  <ballskin x="138" y="357" a="0" width="25" height="25"/>
  <ballskin x="127" y="343" a="0" width="25" height="25"/>
  <ballskin x="92" y="338" a="0" width="25" height="25"/>
  <ballskin x="171" y="355" a="0" width="25" height="25"/>
  <ballskin x="180" y="333" a="0" width="25" height="25"/>
  <ballskin x="187" y="309" a="0" width="25" height="25"/>
  <ballskin x="194" y="281" a="0" width="25" height="25"/>
  <ballskin x="208" y="299" a="0" width="25" height="25"/>
  <ballskin x="223" y="313" a="0" width="25" height="25"/>
  <ballskin x="233" y="333" a="0" width="25" height="25"/>
  <ballskin x="242" y="351" a="0" width="25" height="25"/>
  <ballskin x="305" y="284" a="0" width="25" height="25"/>
  <ballskin x="302" y="302" a="0" width="25" height="25"/>
  <ballskin x="293" y="321" a="0" width="25" height="25"/>
  <ballskin x="282" y="341" a="0" width="25" height="25"/>
  <ballskin x="264" y="360" a="0" width="25" height="25"/>
  <ballskin x="262" y="333" a="0" width="25" height="25"/>
  <ballskin x="263" y="307" a="0" width="25" height="25"/>
  <ballskin x="262" y="278" a="0" width="25" height="25"/>
  <ballskin x="305" y="321" a="0" width="25" height="25"/>
  <ballskin x="304" y="342" a="0" width="25" height="25"/>
  <ballskin x="304" y="364" a="0" width="25" height="25"/>
  <ballskin x="434" y="360" a="0" width="25" height="25"/>
  <ballskin x="434" y="335" a="0" width="25" height="25"/>
  <ballskin x="431" y="312" a="0" width="25" height="25"/>
  <ballskin x="425" y="281" a="0" width="25" height="25"/>
  <ballskin x="385" y="276" a="0" width="25" height="25"/>
  <ballskin x="407" y="270" a="0" width="25" height="25"/>
  <ballskin x="371" y="295" a="0" width="25" height="25"/>
  <ballskin x="379" y="311" a="0" width="25" height="25"/>
  <ballskin x="403" y="319" a="0" width="25" height="25"/>
  <ballskin x="403" y="340" a="0" width="25" height="25"/>
  <ballskin x="382" y="353" a="0" width="25" height="25"/>
  <ballskin x="359" y="367" a="0" width="25" height="25"/>
  <staticredskin x="728.5" y="215" cx="724" cy="63" a="0" width="9" height="304"/>
  <staticredskin x="341" y="6.5" cx="3" cy="3" a="0" width="676" height="7"/>
  <cheeseskin x="93" y="358" a="0" width="27.05" height="22"/>
  <cheeseskin x="211" y="355" a="0" width="27.05" height="22"/>
  <cheeseskin x="406" y="298" a="0" width="27.05" height="22"/>
  <cheeseskin x="284" y="358" a="0" width="27.05" height="22"/>
  <staticredskin x="291.5" y="247" cx="47" cy="243" a="0" width="489" height="8"/>
  <staticredskin x="518.5" y="213.5" cx="502" cy="177" a="0" width="33" height="73"/>
  <flowers1 x="271" y="225" a="0" width="60" height="58.2"/>
</scene>