<scene width="740" height="380">
  <timer time="60"/>
  <creator id="2996748"/>
  <bg id="4"/>
  <ballskin x="212" y="40" a="0" width="25" height="25"/>
  <ballskin x="148" y="54" a="0" width="25" height="25"/>
  <ballskin x="286" y="40" a="0" width="25" height="25"/>
  <ground x="468.5" y="150" cx="463" cy="2" a="0" width="11" height="296"/>
  <ground x="469.5" y="289.025" cx="463" cy="260" a="0" width="13" height="58.05"/>
  <ground x="637" y="378" cx="466" cy="373" a="0" width="342" height="10"/>
  <ground x="672.525" y="329.5" cx="611" cy="327" a="0" width="123.05" height="5"/>
  <ground x="539.5" y="286" cx="475" cy="282" a="0" width="129" height="8"/>
  <minkskin x="717" y="341" a="0" width="36" height="27"/>
  <ground x="683.025" y="252" cx="630" cy="249" a="0" width="106.05" height="6"/>
  <ground x="529.5" y="215.5" cx="476" cy="211" a="0" width="107" height="9"/>
  <ground x="694" y="180.5" cx="630" cy="176" a="0" width="128" height="9"/>
  <ground x="534" y="136" cx="466" cy="131" a="0" width="136" height="10"/>
  <cheeseskin x="507" y="91" a="0" width="27.05" height="22"/>
  <cheeseskin x="742" y="6" a="0" width="27.05" height="22"/>
  <heavyboxskin x="696" y="155" a="0" width="41.05" height="22"/>
  <ballskin x="716" y="132" a="0" width="25" height="25"/>
  <ballskin x="699" y="304" a="0" width="25" height="25"/>
  <ballskin x="508" y="251" a="0" width="25" height="25"/>
  <ballskin x="292" y="97" a="0" width="25" height="25"/>
  <ballskin x="395" y="34" a="0" width="25" height="25"/>
  <springboardskin x="437" y="411" a="0" width="51" height="10.95"/>
  <tree x="562" y="324" a="0" width="78.35" height="100"/>
  <flowers2 x="559" y="394" a="0" width="60" height="33.45"/>
  <flowers2 x="538" y="165" a="0" width="60" height="33.45"/>
  <flowers2 x="695" y="116" a="0" width="60" height="33.45"/>
  <flowers2 x="553" y="416" a="0" width="60" height="33.45"/>
  <flowers2 x="683" y="206" a="0" width="60" height="33.45"/>
  <flowers2 x="581" y="259" a="0" width="60" height="33.45"/>
  <flowers2 x="689" y="308" a="0" width="60" height="33.45"/>
  <flowers2 x="654" y="33" a="0" width="60" height="33.45"/>
  <flowers1 x="336" y="356" a="0" width="60" height="58.2"/>
  <flowers1 x="227" y="359" a="0" width="60" height="58.2"/>
  <tree2 x="162" y="322" a="0" width="84.85" height="100"/>
  <bush x="431" y="358" a="0" width="59.4" height="32.3"/>
  <groundblue x="92.25" y="132.25" cx="88" cy="-65" a="0" width="9.5" height="395.5"/>
  <groundred x="203.75" y="377.75" cx="-64" cy="373" a="0" width="536.5" height="10.5"/>
  <groundblue x="13.899999999999999" y="38.25" cx="-6" cy="34" a="0" width="40.8" height="9.5"/>
  <groundblue x="70.8" y="80.25" cx="50" cy="75" a="0" width="42.6" height="11.5"/>
  <groundblue x="17.75" y="127.8" cx="-5" cy="122" a="0" width="46.5" height="12.6"/>
  <groundblue x="72.775" y="178.75" cx="55" cy="173" a="0" width="36.55" height="12.5"/>
  <groundblue x="16.25" y="222" cx="-4" cy="215" a="0" width="41.5" height="15"/>
  <groundblue x="69.275" y="268.25" cx="50" cy="264" a="0" width="39.55" height="9.5"/>
  <groundblue x="15.25" y="310.25" cx="-10" cy="305" a="0" width="51.5" height="11.5"/>
  <groundblue x="75.75" y="268.875" cx="55" cy="265" a="0" width="42.5" height="8.75"/>
  <groundred x="253.75" y="251.75" cx="248" cy="128" a="0" width="12.5" height="248.5"/>
  <groundblue x="276.75" y="373.325" cx="247" cy="370" a="0" width="60.5" height="7.65"/>
  <groundred x="312.25" y="253.25" cx="305" cy="129" a="0" width="15.5" height="249.5"/>
  <ballskin x="189" y="288" a="0" width="25" height="25"/>
  <ballskin x="235" y="275" a="0" width="25" height="25"/>
  <ballskin x="190" y="169" a="0" width="25" height="25"/>
  <ballskin x="122" y="87" a="0" width="25" height="25"/>
  <groundred x="354.25" y="4.3" cx="87" cy="0" a="0" width="535.5" height="9.6"/>
  <littlemouse x="27" y="18" a="0" width="37.35" height="34.3"/>
  <groundred x="280.25" y="373.75" cx="240" cy="370" a="0" width="81.5" height="8.5"/>
  <cheeseskin x="285" y="353" a="0" width="27.05" height="22"/>
  <staticblueskin x="284.5" y="167.5" cx="265" cy="164" a="0" width="39" height="7"/>
</scene>