<scene width="740" height="380">
  <timer time="60"/>
  <creator id="261160"/>
  <bg id="2"/>
  <staticblueskin x="313" y="378.5" cx="-67" cy="374" a="0" width="760" height="9"/>
  <littlemouse x="17" y="67" a="0" width="37.35" height="34.3"/>
  <cheeseskin x="437" y="115" a="0" width="27.05" height="22"/>
  <minkskin x="43" y="301" a="0" width="36" height="27"/>
  <staticblueskin x="196.825" y="205.45" cx="168" cy="208" a="-15" width="57" height="10"/>
  <staticblueskin x="176.575" y="188.35" cx="179" cy="160" a="15" width="10" height="56"/>
  <staticblueskin x="188.5" y="163" cx="176" cy="158" a="0" width="25" height="10"/>
  <staticblueskin x="210.75" y="178.675" cx="199" cy="158" a="-15" width="12" height="46"/>
  <staticblueskin x="176.025" y="230.89999999999998" cx="163" cy="216" a="-25" width="11" height="38"/>
  <staticblueskin x="192" y="248" cx="180" cy="243" a="0" width="24" height="10"/>
  <staticblueskin x="247" y="202.5" cx="241" cy="157" a="0" width="12" height="91"/>
  <staticblueskin x="263" y="164.5" cx="241" cy="158" a="0" width="44" height="13"/>
  <staticblueskin x="291" y="186" cx="298" cy="163" a="90" width="46" height="14"/>
  <staticblueskin x="269.5" y="205.5" cx="251" cy="198" a="0" width="37" height="15"/>
  <staticblueskin x="266.45" y="221.55" cx="249" cy="202" a="35" width="51" height="12"/>
  <staticblueskin x="289" y="235.5" cx="284" cy="226" a="0" width="10" height="19"/>
  <staticblueskin x="351.325" y="198.675" cx="325" cy="199" a="-15" width="51" height="13"/>
  <staticblueskin x="365.1" y="179.25" cx="354" cy="161" a="-15" width="12" height="41"/>
  <staticblueskin x="345.5" y="167" cx="326" cy="160" a="0" width="39" height="14"/>
  <staticblueskin x="327.675" y="184.7" cx="327" cy="159" a="12" width="12" height="50"/>
  <staticblueskin x="330.225" y="228.72500000000002" cx="319" cy="210" a="-15" width="12" height="42"/>
  <staticblueskin x="346" y="247" cx="332" cy="242" a="0" width="28" height="10"/>
  <staticblueskin x="362.725" y="242.25" cx="350" cy="241" a="-25" width="22" height="13"/>
  <staticblueskin x="398.475" y="186.22500000000002" cx="371" cy="103" a="-15" width="10" height="175"/>
  <staticblueskin x="376.5" y="106.5" cx="364" cy="101" a="0" width="25" height="11"/>
  <staticblueskin x="427.55" y="208.475" cx="437" cy="152" a="15" width="11" height="114"/>
  <staticblueskin x="438.5" y="157" cx="425" cy="151" a="0" width="27" height="12"/>
  <staticblueskin x="450.55" y="206.5" cx="430" cy="153" a="-15" width="12" height="114"/>
  <staticblueskin x="482.05" y="184.5" cx="499" cy="100" a="15" width="11" height="172"/>
  <staticblueskin x="591" y="383" cx="586" cy="336" a="0" width="10" height="94"/>
  <staticblueskin x="591" y="283" cx="586" cy="264" a="0" width="10" height="38"/>
  <staticredskin x="254.5" y="373.5" cx="167" cy="369" a="0" width="175" height="9"/>
  <ballskin x="531" y="212" a="0" width="25" height="25"/>
  <staticredskin x="253.5" y="277" cx="165" cy="272" a="0" width="177" height="10"/>
  <staticblueskin x="92.5" y="347" cx="81" cy="342" a="0" width="23" height="10"/>
  <staticblueskin x="209.75" y="243.22500000000002" cx="193" cy="244" a="-20" width="32" height="10"/>
  <staticblueskin x="502.5" y="101.5" cx="489" cy="96" a="0" width="27" height="11"/>
  <staticblueskin x="44.225" y="177.45" cx="18" cy="97" a="-15" width="9" height="169"/>
  <staticblueskin x="21.5" y="99.5" cx="10" cy="94" a="0" width="23" height="11"/>
  <staticblueskin x="75.30000000000001" y="206.275" cx="82" cy="162" a="15" width="10" height="89"/>
  <staticblueskin x="88.5" y="164" cx="76" cy="159" a="0" width="25" height="10"/>
  <staticblueskin x="103.7" y="209.075" cx="87" cy="168" a="-15" width="11" height="88"/>
  <staticblueskin x="139.8" y="178.1" cx="155" cy="104" a="15" width="9" height="151"/>
  <staticblueskin x="154" y="103" cx="141" cy="98" a="0" width="26" height="10"/>
  <staticblueskin x="533" y="171.5" cx="511" cy="166" a="0" width="44" height="11"/>
  <staticblueskin x="553.725" y="178.825" cx="545" cy="166" a="35" width="29" height="11"/>
  <staticblueskin x="510.35" y="182.45" cx="515" cy="168" a="35" width="9" height="29"/>
  <staticblueskin x="503" y="213.5" cx="498" cy="190" a="0" width="10" height="47"/>
  <staticblueskin x="561" y="211" cx="555" cy="188" a="0" width="12" height="46"/>
  <staticblueskin x="555.025" y="239.675" cx="560" cy="223" a="35" width="11" height="33"/>
  <staticblueskin x="510.425" y="239.35" cx="497" cy="228" a="-35" width="9" height="34"/>
  <staticblueskin x="534" y="254.5" cx="522" cy="250" a="0" width="24" height="9"/>
  <staticblueskin x="589.5" y="174" cx="584" cy="83" a="0" width="11" height="182"/>
  <staticblueskin x="642" y="168.5" cx="637" cy="71" a="0" width="10" height="195"/>
  <staticblueskin x="666.4" y="69.725" cx="636" cy="70" a="-10" width="60" height="10"/>
  <staticblueskin x="694.5" y="76.5" cx="689" cy="63" a="0" width="11" height="27"/>
  <staticblueskin x="641" y="157" cx="623" cy="151" a="0" width="36" height="12"/>
  <staticblueskin x="311.5" y="269" cx="-46" cy="264" a="0" width="715" height="10"/>
  <staticblueskin x="741" y="202" cx="737" cy="-9" a="0" width="8" height="422"/>
  <staticblueskin x="701.175" y="353.275" cx="758" cy="184" a="20" width="9" height="357"/>
</scene>