<scene width="740" height="380">
  <timer time="60"/>
  <creator id="280178"/>
  <bg id="6"/>
  <ground x="78.025" y="115" cx="70" cy="111" a="0" width="16.05" height="8"/>
  <groundred x="84" y="264.55" cx="46" cy="253" a="0" width="77" height="24.1"/>
  <ground x="50.05" y="145.55" cx="43" cy="138" a="0" width="14.1" height="15.1"/>
  <ground x="107.025" y="148" cx="99" cy="140" a="0" width="16.05" height="16"/>
  <groundblue x="167" y="301" cx="155" cy="231" a="0" width="25" height="141"/>
  <groundblue x="223.5" y="301.5" cx="211" cy="232" a="0" width="26" height="140"/>
  <groundred x="196.525" y="229.5" cx="179" cy="221" a="0" width="36.05" height="18"/>
  <ground x="192.025" y="208.5" cx="184" cy="204" a="0" width="16.05" height="9"/>
  <groundblue x="271" y="299" cx="260" cy="227" a="0" width="23" height="145"/>
  <groundblue x="330.55" y="328.5" cx="319" cy="287" a="0" width="24.1" height="84"/>
  <cheeseskin x="302" y="345" a="0" width="27.05" height="22"/>
  <littlemouse x="72" y="96" a="0" width="37.35" height="34.3"/>
  <groundblue x="39.55" y="259" cx="28" cy="144" a="0" width="24.1" height="231"/>
  <groundblue x="370.5" y="294.5" cx="359" cy="221" a="0" width="24" height="148"/>
  <groundred x="406.5" y="296.05" cx="379" cy="287" a="0" width="56" height="19.1"/>
  <groundblue x="443" y="295.5" cx="431" cy="216" a="0" width="25" height="160"/>
  <groundblue x="370.2" y="300.5" cx="358" cy="216" a="0" width="25.4" height="170"/>
  <groundblue x="445.05" y="373.5" cx="435" cy="355" a="0" width="21.1" height="38"/>
  <groundblue x="443.525" y="306" cx="430" cy="213" a="0" width="28.05" height="187"/>
  <groundblue x="487" y="326.525" cx="477" cy="290" a="0" width="21" height="74.05"/>
  <groundblue x="567.025" y="307.025" cx="555" cy="246" a="0" width="25.05" height="123.05"/>
  <groundred x="526" y="377" cx="496" cy="365" a="0" width="61" height="25"/>
  <ground x="493.05" y="361.5" cx="487" cy="355" a="0" width="12.1" height="13"/>
  <ground x="552.55" y="364" cx="547" cy="357" a="0" width="11.1" height="14"/>
  <ground x="599.025" y="365.5" cx="579" cy="358" a="0" width="40.05" height="15"/>
  <groundred x="522.5" y="234.5" cx="495" cy="226" a="0" width="56" height="18"/>
  <ground x="549" y="243.05" cx="542" cy="239" a="0" width="14" height="8.1"/>
  <ground x="490.025" y="240.175" cx="482" cy="236" a="0" width="16.05" height="8.35"/>
  <groundred x="526.5" y="295.55" cx="498" cy="286" a="0" width="58" height="20.1"/>
  <ground x="497.55" y="302.5" cx="491" cy="296" a="0" width="13.1" height="13"/>
  <ground x="551.55" y="304.55" cx="546" cy="299" a="0" width="11.1" height="11.1"/>
  <groundred x="643.5" y="108.5" cx="616" cy="63" a="0" width="56" height="92"/>
  <groundred x="708.5" y="106" cx="683" cy="60" a="0" width="52" height="93"/>
  <springboardskin x="331" y="280" a="0" width="51" height="10.95"/>
  <ground x="645.5" y="52.6" cx="636" cy="49" a="0" width="19" height="7.2"/>
  <ground x="711.5" y="53.55" cx="699" cy="50" a="0" width="25" height="7.1"/>
  <ground x="300.5" y="371" cx="279" cy="364" a="0" width="43" height="14"/>
  <groundred x="648" y="68.525" cx="628" cy="58" a="0" width="41" height="22.05"/>
  <groundred x="711.025" y="68.5" cx="693" cy="58" a="0" width="37.05" height="22"/>
  <groundred x="676.525" y="130.025" cx="664" cy="68" a="0" width="26.05" height="125.05"/>
  <groundred x="616.525" y="125.5" cx="602" cy="80" a="0" width="30.05" height="92"/>
  <groundred x="741" y="133" cx="726" cy="87" a="0" width="31" height="93"/>
  <groundred x="651.5" y="168.5" cx="626" cy="145" a="0" width="52" height="48"/>
  <groundred x="708" y="168" cx="682" cy="145" a="0" width="53" height="47"/>
  <groundred x="683" y="196.5" cx="642" cy="184" a="0" width="83" height="26"/>
  <groundred x="606" y="124" cx="589" cy="95" a="0" width="35" height="59"/>
  <groundred x="596.525" y="125.5" cx="584" cy="111" a="0" width="26.05" height="30"/>
  <groundred x="682.5" y="209" cx="655" cy="199" a="0" width="56" height="21"/>
  <groundred x="684.025" y="219.5" cx="666" cy="209" a="0" width="37.05" height="22"/>
  <groundred x="685.55" y="228.5" cx="677" cy="216" a="0" width="18.1" height="26"/>
  <minkskin x="674" y="53" a="0" width="36" height="27"/>
  <groundred x="732.5" y="86.025" cx="718" cy="64" a="0" width="30" height="45.05"/>
  <groundblue x="126.525" y="259" cx="114" cy="144" a="0" width="26.05" height="231"/>
  <groundred x="81.5" y="136" cx="55" cy="126" a="0" width="54" height="21"/>
</scene>