<scene width="740" height="380">
  <timer time="60"/>
  <creator id="2367583"/>
  <bg id="6"/>
  <staticblueskin x="737" y="271" cx="727" cy="225" a="0" width="20" height="92"/>
  <staticblueskin x="673.5" y="320" cx="654" cy="315" a="0" width="39" height="10"/>
  <staticredskin x="730" y="356" cx="711" cy="352" a="0" width="38" height="8"/>
  <cheeseskin x="695" y="251" a="0" width="27.05" height="22"/>
  <staticredskin x="683.5" y="312" cx="671" cy="308" a="0" width="25" height="8"/>
  <tree x="202" y="234" a="0" width="78.35" height="100"/>
  <carriervertical x="496" y="115" linewidth="50" lineheight="200" boxwidth="50" boxheight="20"/>
  <littlemouse x="683" y="344" a="0" width="37.35" height="34.3"/>
  <staticredskin x="637.5" y="317.5" cx="624" cy="313" a="0" width="27" height="9"/>
  <staticredskin x="731.5" y="109.5" cx="714" cy="1" a="0" width="35" height="217"/>
  <cheeseskin x="686" y="39" a="0" width="27.05" height="22"/>
  <staticblueskin x="642.5" y="121.5" cx="573" cy="110" a="0" width="139" height="23"/>
  <staticblueskin x="671" y="67" cx="649" cy="59" a="0" width="44" height="16"/>
  <staticblueskin x="628.5" y="95.5" cx="601" cy="87" a="0" width="55" height="17"/>
  <staticblueskin x="551" y="31.5" cx="510" cy="25" a="0" width="82" height="13"/>
  <staticblueskin x="439" y="32" cx="395" cy="25" a="0" width="88" height="14"/>
  <staticblueskin x="351.5" y="58" cx="313" cy="49" a="0" width="77" height="18"/>
  <staticblueskin x="298.5" y="87.5" cx="266" cy="80" a="0" width="65" height="15"/>
  <staticblueskin x="257.5" y="119" cx="223" cy="110" a="0" width="69" height="18"/>
  <staticblueskin x="227.5" y="146" cx="193" cy="137" a="0" width="69" height="18"/>
  <staticblueskin x="141.5" y="291.5" cx="81" cy="282" a="0" width="121" height="19"/>
  <staticblueskin x="183.5" y="176.5" cx="153" cy="167" a="0" width="61" height="19"/>
  <staticblueskin x="139.5" y="213.5" cx="109" cy="203" a="0" width="61" height="21"/>
  <staticblueskin x="60.5" y="278.5" cx="25" cy="267" a="0" width="71" height="23"/>
  <groundred x="13.5" y="147.5" cx="-1" cy="-8" a="0" width="30" height="312"/>
  <groundred x="9.524999999999999" y="421.5" cx="-6" cy="291" a="0" width="32.05" height="262"/>
  <staticblueskin x="626.5" y="370" cx="506" cy="361" a="0" width="241" height="18"/>
  <staticblueskin x="298.5" y="291.5" cx="198" cy="283" a="0" width="201" height="17"/>
  <staticblueskin x="498.5" y="333" cx="464" cy="323" a="0" width="69" height="20"/>
  <staticblueskin x="426" y="307.5" cx="400" cy="298" a="0" width="52" height="19"/>
  <minkskin x="244" y="269" a="0" width="36" height="27"/>
  <staticblueskin x="698.5" y="228.5" cx="656" cy="221" a="0" width="85" height="15"/>
  <staticblueskin x="664" y="268.5" cx="655" cy="221" a="0" width="18" height="95"/>
</scene>