<scene width="740" height="380">
  <timer time="60"/>
  <creator id="2605534"/>
  <bg id="9"/>
  <ground x="114.5" y="320.05" cx="94" cy="315" a="0" width="41" height="10.1"/>
  <ground x="26.5" y="322.5" cx="4" cy="317" a="0" width="45" height="11"/>
  <ground x="18.1" y="274" cx="7" cy="270" a="0" width="22.2" height="8"/>
  <ground x="114" y="224" cx="88" cy="217" a="0" width="52" height="14"/>
  <ground x="133.05" y="199" cx="128" cy="168" a="0" width="10.1" height="62"/>
  <ground x="50.55" y="161.55" cx="29" cy="156" a="0" width="43.1" height="11.1"/>
  <ground x="126.525" y="114.5" cx="109" cy="109" a="0" width="35.05" height="11"/>
  <ground x="206.5" y="73.05" cx="190" cy="68" a="0" width="33" height="10.1"/>
  <ground x="298.525" y="65.55" cx="278" cy="59" a="0" width="41.05" height="13.1"/>
  <ground x="453.525" y="63.675" cx="433" cy="56" a="0" width="41.05" height="15.35"/>
  <ground x="378.025" y="86" cx="358" cy="80" a="0" width="40.05" height="12"/>
  <cheeseskin x="374" y="59" a="0" width="27.05" height="22"/>
  <littlemouse x="367" y="259" a="0" width="37.35" height="34.3"/>
  <ground x="-1.9749999999999996" y="193" cx="-11" cy="5" a="0" width="18.05" height="376"/>
  <ground x="370" y="377.05" cx="6" cy="373" a="0" width="728" height="8.1"/>
  <ground x="736.5" y="196.5" cx="728" cy="11" a="0" width="17" height="371"/>
  <ground x="437.05" y="287.5" cx="431" cy="182" a="0" width="12.1" height="211"/>
  <ground x="305.55" y="282" cx="298" cy="181" a="0" width="15.1" height="202"/>
  <ground x="372" y="281" cx="304" cy="275" a="0" width="136" height="12"/>
  <cheeseskin x="340" y="312" a="0" width="27.05" height="22"/>
  <cheeseskin x="409" y="312" a="0" width="27.05" height="22"/>
  <cheeseskin x="379" y="351" a="0" width="27.05" height="22"/>
  <minkskin x="369" y="225" a="0" width="36" height="27"/>
  <groundblue x="417.775" y="226.25" cx="405" cy="221" a="0" width="26.55" height="11.5"/>
  <groundblue x="328.25" y="229.8" cx="312" cy="225" a="0" width="33.5" height="10.6"/>
  <ground x="579.05" y="329.5" cx="574" cy="285" a="0" width="10.1" height="89"/>
  <ground x="556.525" y="322.5" cx="536" cy="316" a="0" width="41.05" height="13"/>
  <ground x="613.55" y="320" cx="608" cy="265" a="0" width="11.1" height="110"/>
  <ground x="635.525" y="319" cx="620" cy="313" a="0" width="31.05" height="12"/>
  <ground x="708" y="312.5" cx="684" cy="307" a="0" width="48" height="11"/>
  <ground x="724.625" y="260.5" cx="704" cy="256" a="0" width="41.25" height="9"/>
  <ground x="621.55" y="196.5" cx="615" cy="169" a="0" width="13.1" height="55"/>
  <ground x="643.025" y="215" cx="627" cy="209" a="0" width="32.05" height="12"/>
  <ground x="685.525" y="150" cx="666" cy="144" a="0" width="39.05" height="12"/>
  <ground x="597.025" y="110" cx="579" cy="105" a="0" width="36.05" height="10"/>
  <ground x="525" y="74.05" cx="510" cy="69" a="0" width="30" height="10.1"/>
  <ground x="169.05" y="330.5" cx="164" cy="286" a="0" width="10.1" height="89"/>
  <ground x="187.5" y="326.05" cx="170" cy="320" a="0" width="35" height="12.1"/>
  <ground x="138.55" y="320" cx="133" cy="268" a="0" width="11.1" height="104"/>
</scene>