<scene width="740" height="380">
  <timer time="120"/>
  <creator id="2909786"/>
  <bg id="2"/>
  <minkskin x="686" y="342" a="0" width="36" height="27"/>
  <groundblue x="568" y="131" cx="406" cy="124" a="0" width="325" height="15"/>
  <groundblue x="472.5" y="186.05" cx="342" cy="179" a="0" width="262" height="15.1"/>
  <groundblue x="698" y="187.5" cx="659" cy="180" a="0" width="79" height="16"/>
  <groundblue x="640.5" y="243.5" cx="542" cy="237" a="0" width="198" height="14"/>
  <groundred x="333.3" y="182.75" cx="327" cy="61" a="0" width="13.6" height="244.5"/>
  <groundblue x="440.5" y="296.5" cx="331" cy="287" a="0" width="220" height="20"/>
  <groundblue x="670.5" y="298.5" cx="601" cy="287" a="0" width="140" height="24"/>
  <groundblue x="560.525" y="366" cx="502" cy="359" a="0" width="118.05" height="15"/>
  <groundblue x="342.5" y="372.55" cx="285" cy="365" a="0" width="116" height="16.1"/>
  <ground x="276" y="360" cx="270" cy="315" a="0" width="12" height="90"/>
  <ground x="49" y="137" cx="0" cy="127" a="0" width="98" height="20"/>
  <ground x="222.5" y="325" cx="218" cy="270" a="0" width="9" height="110"/>
  <ground x="169" y="309" cx="164" cy="233" a="0" width="10" height="152"/>
  <bush x="326" y="416" a="0" width="59.4" height="32.3"/>
  <bush x="704" y="104" a="0" width="59.4" height="32.3"/>
  <flowers1 x="522" y="413" a="0" width="60" height="58.2"/>
  <flowers1 x="365" y="162" a="0" width="60" height="58.2"/>
  <flowers2 x="556" y="401" a="0" width="60" height="33.45"/>
  <flowers2 x="358" y="271" a="0" width="60" height="33.45"/>
  <cactus x="352" y="407" a="0" width="20" height="42.55"/>
  <cactus x="351" y="412" a="0" width="20" height="42.55"/>
  <cactus x="362" y="402" a="0" width="20" height="42.55"/>
  <cactus x="355" y="408" a="0" width="20" height="42.55"/>
  <cactus x="363" y="408" a="0" width="20" height="42.55"/>
  <ground x="115" y="280" cx="110" cy="181" a="0" width="10" height="198"/>
  <ballskin x="200" y="44" a="0" width="25" height="25"/>
  <ballskin x="347" y="47" a="0" width="25" height="25"/>
  <ballskin x="501" y="52" a="0" width="25" height="25"/>
  <heavyboxskin x="195" y="307" a="0" width="41.05" height="22"/>
  <heavyboxskin x="703" y="216" a="0" width="41.05" height="22"/>
  <heavyboxskin x="709" y="160" a="0" width="41.05" height="22"/>
  <stone x="403" y="405" a="0" width="31.25" height="22.9"/>
  <groundblue x="474" y="244.55" cx="405" cy="238" a="0" width="139" height="14.1"/>
  <cheeseskin x="717" y="260" a="0" width="27.05" height="22"/>
  <groundblue x="675" y="271.575" cx="670" cy="266" a="0" width="11" height="12.15"/>
  <ground x="452" y="380.025" cx="444" cy="372" a="0" width="16" height="16.05"/>
  <groundred x="684.75" y="380.25" cx="627" cy="371" a="0" width="116.5" height="19.5"/>
  <groundblue x="331.5" y="72.55" cx="9" cy="67" a="0" width="646" height="12.1"/>
  <staticredskin x="4.5" y="57.5" cx="0" cy="16" a="0" width="9" height="83"/>
  <littlemouse x="43" y="43" a="0" width="37.35" height="34.3"/>
  <cheeseskin x="29" y="100" a="0" width="27.05" height="22"/>
  <groundblue x="741.05" y="115.5" cx="734" cy="3" a="0" width="15.1" height="226"/>
  <groundblue x="737.5" y="312.5" cx="730" cy="236" a="0" width="16" height="154"/>
</scene>