<scene width="740" height="380">
  <timer time="120"/>
  <creator id="2452794"/>
  <bg id="12"/>
  <staticblueskin x="104" y="178.5" cx="80" cy="176" a="0" width="48" height="5"/>
  <boxskin x="154" y="150" a="0" width="50" height="50"/>
  <boxskin x="205" y="149" a="0" width="50" height="50"/>
  <staticblueskin x="203.5" y="179.5" cx="180" cy="177" a="0" width="47" height="5"/>
  <littlemouse x="53" y="105" a="0" width="37.35" height="34.3"/>
  <carrierhorizontal x="239" y="176" linewidth="300" lineheight="20" boxwidth="50" boxheight="20"/>
  <ground x="627.5" y="162" cx="552" cy="157" a="0" width="151" height="10"/>
  <carriervertical x="714" y="202" linewidth="50" lineheight="200" boxwidth="50" boxheight="20"/>
  <carrierhorizontal x="418" y="305" linewidth="300" lineheight="20" boxwidth="50" boxheight="20"/>
  <staticredskin x="356.5" y="198" cx="246" cy="195" a="0" width="221" height="6"/>
  <staticredskin x="531.5" y="198.5" cx="482" cy="194" a="0" width="99" height="9"/>
  <staticskin x="659.5" y="373" cx="633" cy="364" a="0" width="53" height="18"/>
  <staticskin x="343" y="305.5" cx="272" cy="298" a="0" width="142" height="15"/>
  <boxskin x="656" y="203" a="0" width="50" height="50"/>
  <carrierhorizontal x="153" y="349" linewidth="300" lineheight="20" boxwidth="50" boxheight="20"/>
  <cheeseskin x="179" y="323" a="0" width="27.05" height="22"/>
  <ground x="239.025" y="314" cx="226" cy="310" a="0" width="26.05" height="8"/>
  <minkskin x="725" y="97" a="0" width="36" height="27"/>
  <staticblueskin x="49.5" y="180.5" cx="31" cy="178" a="0" width="37" height="5"/>
  <staticblueskin x="157" y="181" cx="144" cy="177" a="0" width="26" height="8"/>
  <boxskin x="51" y="151" a="0" width="50" height="50"/>
  <boxskin x="104" y="149" a="0" width="50" height="50"/>
</scene>