<scene width="740" height="380">
  <timer time="80"/>
  <creator id="2693870"/>
  <bg id="9"/>
  <staticskin x="233.5" y="193" cx="222" cy="186" a="0" width="23" height="14"/>
  <staticskin x="199.5" y="211" cx="185" cy="204" a="0" width="29" height="14"/>
  <staticskin x="182" y="236" cx="168" cy="229" a="0" width="28" height="14"/>
  <staticblueskin x="111" y="250" cx="55" cy="247" a="0" width="112" height="6"/>
  <staticblueskin x="27" y="369" cx="2" cy="362" a="0" width="50" height="14"/>
  <staticblueskin x="234.5" y="365" cx="224" cy="356" a="0" width="21" height="18"/>
  <staticblueskin x="431" y="366.5" cx="420" cy="355" a="0" width="22" height="23"/>
  <staticblueskin x="588.5" y="365" cx="576" cy="355" a="0" width="25" height="20"/>
  <staticblueskin x="572.5" y="198.5" cx="568" cy="158" a="0" width="9" height="81"/>
  <minkskin x="706" y="226" a="0" width="36" height="27"/>
  <springboardskin x="700" y="324" a="0" width="51" height="10.95"/>
  <springboardskin x="517" y="359" a="0" width="51" height="10.95"/>
  <springboardskin x="332" y="359" a="0" width="51" height="10.95"/>
  <springboardskin x="133" y="361" a="0" width="51" height="10.95"/>
  <littlemouse x="30" y="23" a="0" width="37.35" height="34.3"/>
  <staticblueskin x="28.5" y="46" cx="21" cy="38" a="0" width="15" height="16"/>
  <staticblueskin x="95" y="47.5" cx="87" cy="39" a="0" width="16" height="17"/>
  <staticblueskin x="170.5" y="48" cx="162" cy="40" a="0" width="17" height="16"/>
  <staticblueskin x="242" y="50" cx="234" cy="41" a="0" width="16" height="18"/>
  <staticblueskin x="304.5" y="49.5" cx="296" cy="41" a="0" width="17" height="17"/>
  <staticblueskin x="373.5" y="50" cx="365" cy="40" a="0" width="17" height="20"/>
  <staticblueskin x="443" y="48" cx="433" cy="38" a="0" width="20" height="20"/>
  <staticskin x="243.5" y="153" cx="5" cy="147" a="0" width="477" height="12"/>
  <staticskin x="486.5" y="101.5" cx="482" cy="46" a="0" width="9" height="111"/>
  <carriervertical x="528" y="47" linewidth="50" lineheight="200" boxwidth="50" boxheight="20"/>
  <staticblueskin x="612" y="152" cx="568" cy="146" a="0" width="88" height="12"/>
  <staticredskin x="688" y="152" cx="656" cy="147" a="0" width="64" height="10"/>
  <staticblueskin x="630" y="45.5" cx="625" cy="20" a="0" width="10" height="51"/>
  <staticblueskin x="702.5" y="79.5" cx="691" cy="73" a="0" width="23" height="13"/>
  <staticblueskin x="637" y="81" cx="626" cy="74" a="0" width="22" height="14"/>
  <staticblueskin x="709" y="48" cx="704" cy="23" a="0" width="10" height="50"/>
  <staticblueskin x="394.5" y="241.5" cx="299" cy="237" a="0" width="191" height="9"/>
  <staticredskin x="668.5" y="15" cx="618" cy="8" a="0" width="101" height="14"/>
  <cheeseskin x="649" y="34" a="0" width="27.05" height="22"/>
  <staticskin x="276.5" y="231.5" cx="262" cy="225" a="0" width="29" height="13"/>
  <staticskin x="259.5" y="212" cx="245" cy="205" a="0" width="29" height="14"/>
</scene>