<scene width="740" height="380">
  <timer time="60"/>
  <creator id="3021158"/>
  <bg id="3"/>
  <cheeseskin x="704" y="44" a="0" width="27.05" height="22"/>
  <staticblueskin x="143" y="243" cx="136" cy="237" a="0" width="14" height="12"/>
  <staticblueskin x="92" y="307.5" cx="87" cy="303" a="0" width="10" height="9"/>
  <staticblueskin x="82.5" y="198" cx="77" cy="193" a="0" width="11" height="10"/>
  <staticblueskin x="209.5" y="124.5" cx="203" cy="119" a="0" width="13" height="11"/>
  <staticblueskin x="542" y="265" cx="535" cy="261" a="0" width="14" height="8"/>
  <staticblueskin x="617.5" y="226" cx="612" cy="222" a="0" width="11" height="8"/>
  <rpointer x="512" y="115" a="0" width="40" height="33.7"/>
  <staticblueskin x="697.5" y="99" cx="659" cy="96" a="0" width="77" height="6"/>
  <staticblueskin x="620.5" y="48.5" cx="616" cy="3" a="0" width="9" height="91"/>
  <ballskin x="640" y="112" a="0" width="25" height="25"/>
  <heavyboxskin x="116" y="171" a="0" width="41.05" height="22"/>
  <staticredskin x="700.5" y="91" cx="662" cy="86" a="0" width="77" height="10"/>
  <staticblueskin x="683.5" y="8" cx="629" cy="3" a="0" width="109" height="10"/>
  <staticblueskin x="591.5" y="273" cx="504" cy="269" a="0" width="175" height="8"/>
  <ballskin x="632" y="347" a="0" width="25" height="25"/>
  <staticblueskin x="594.5" y="301.5" cx="589" cy="277" a="0" width="11" height="49"/>
  <staticblueskin x="619" y="374.5" cx="506" cy="369" a="0" width="226" height="11"/>
  <minkskin x="528" y="338" a="0" width="36" height="27"/>
  <staticredskin x="639.5" y="368.5" cx="596" cy="365" a="0" width="87" height="7"/>
  <littlemouse x="27" y="350" a="0" width="37.35" height="34.3"/>
  <rpointer x="67" y="352" a="0" width="40" height="33.7"/>
  <staticblueskin x="592" y="125" cx="588" cy="121" a="0" width="8" height="8"/>
  <staticredskin x="736.5" y="296.5" cx="731" cy="225" a="0" width="11" height="143"/>
  <springboardskin x="708" y="364" a="0" width="51" height="10.95"/>
  <staticredskin x="641" y="280" cx="602" cy="277" a="0" width="78" height="6"/>
  <staticredskin x="604.5" y="300.5" cx="600" cy="284" a="0" width="9" height="33"/>
  <staticblueskin x="3" y="126.5" cx="0" cy="69" a="0" width="6" height="115"/>
  <staticredskin x="8.5" y="134" cx="6" cy="85" a="0" width="5" height="98"/>
  <ballskin x="143" y="111" a="0" width="25" height="25"/>
  <staticblueskin x="217.5" y="373" cx="1" cy="370" a="0" width="433" height="6"/>
  <staticredskin x="732.5" y="115.5" cx="730" cy="103" a="0" width="5" height="25"/>
  <staticredskin x="329.5" y="372" cx="225" cy="369" a="0" width="209" height="6"/>
  <staticblueskin x="202" y="131.5" cx="102" cy="128" a="0" width="200" height="7"/>
  <staticblueskin x="610.5" y="135" cx="487" cy="129" a="0" width="247" height="12"/>
  <staticblueskin x="379" y="316.5" cx="313" cy="311" a="0" width="132" height="11"/>
  <staticblueskin x="599.5" y="216" cx="470" cy="211" a="0" width="259" height="10"/>
  <staticblueskin x="737" y="261" cx="733" cy="94" a="0" width="8" height="334"/>
  <staticblueskin x="494" y="152.5" cx="488" cy="126" a="0" width="12" height="53"/>
  <staticredskin x="619" y="209" cx="506" cy="202" a="0" width="226" height="14"/>
  <staticredskin x="725.5" y="176.5" cx="718" cy="145" a="0" width="15" height="63"/>
  <staticredskin x="617" y="139.5" cx="501" cy="134" a="0" width="232" height="11"/>
  <cheeseskin x="694" y="176" a="0" width="27.05" height="22"/>
  <ballskin x="558" y="180" a="0" width="25" height="25"/>
  <ballskin x="634" y="181" a="0" width="25" height="25"/>
  <staticblueskin x="3.5" y="249" cx="0" cy="185" a="0" width="7" height="128"/>
  <staticredskin x="5.5" y="254.5" cx="2" cy="192" a="0" width="7" height="125"/>
  <staticblueskin x="497.5" y="343.5" cx="492" cy="267" a="0" width="11" height="153"/>
  <staticblueskin x="256" y="241.5" cx="253" cy="160" a="0" width="6" height="163"/>
  <staticblueskin x="93.5" y="315" cx="-10" cy="311" a="0" width="207" height="8"/>
  <staticblueskin x="156.5" y="253.5" cx="60" cy="249" a="0" width="193" height="9"/>
  <staticblueskin x="79" y="189" cx="-41" cy="185" a="0" width="240" height="8"/>
  <staticblueskin x="292" y="91" cx="285" cy="85" a="0" width="14" height="12"/>
  <staticblueskin x="378.5" y="52.5" cx="373" cy="45" a="0" width="11" height="15"/>
  <staticblueskin x="483" y="87.5" cx="478" cy="81" a="0" width="10" height="13"/>
</scene>