<scene width="740" height="380">
  <timer time="60"/>
  <creator id="1467034"/>
  <bg id="0"/>
  <staticblueskin x="290.5" y="65" cx="288" cy="60" a="0" width="5" height="10"/>
  <staticblueskin x="293.5" y="96" cx="291" cy="79" a="0" width="5" height="34"/>
  <staticblueskin x="323" y="115.5" cx="305" cy="111" a="0" width="36" height="9"/>
  <staticredskin x="342" y="110" cx="339" cy="106" a="0" width="6" height="8"/>
  <staticredskin x="431" y="210" cx="230" cy="205" a="0" width="402" height="10"/>
  <staticredskin x="527" y="109.5" cx="349" cy="107" a="0" width="356" height="5"/>
  <ballskin x="371" y="152" a="0" width="25" height="25"/>
  <ballskin x="381" y="185" a="0" width="25" height="25"/>
  <ballskin x="424" y="148" a="0" width="25" height="25"/>
  <ballskin x="428" y="191" a="0" width="25" height="25"/>
  <ballskin x="491" y="169" a="0" width="25" height="25"/>
  <ballskin x="534" y="187" a="0" width="25" height="25"/>
  <ballskin x="538" y="139" a="0" width="25" height="25"/>
  <ballskin x="573" y="157" a="0" width="25" height="25"/>
  <ballskin x="561" y="190" a="0" width="25" height="25"/>
  <heavyboxskin x="460" y="185" a="0" width="41.05" height="22"/>
  <staticblueskin x="250.5" y="210.5" cx="234" cy="206" a="0" width="33" height="9"/>
  <cheeseskin x="244" y="191" a="0" width="27.05" height="22"/>
  <staticblueskin x="224.5" y="190" cx="220" cy="181" a="0" width="9" height="18"/>
  <littlemouse x="114" y="28" a="0" width="37.35" height="34.3"/>
  <staticblueskin x="573" y="259" cx="437" cy="255" a="0" width="272" height="8"/>
  <cheeseskin x="566" y="242" a="0" width="27.05" height="22"/>
  <staticblueskin x="392.5" y="325" cx="389" cy="279" a="0" width="7" height="92"/>
  <staticskin x="347" y="314.5" cx="344" cy="295" a="0" width="6" height="39"/>
  <staticblueskin x="284.5" y="354.5" cx="269" cy="316" a="0" width="31" height="77"/>
  <staticskin x="213" y="331.5" cx="208" cy="295" a="0" width="10" height="73"/>
  <staticskin x="109.5" y="306" cx="63" cy="302" a="0" width="93" height="8"/>
  <minkskin x="67" y="286" a="0" width="36" height="27"/>
  <staticblueskin x="196" y="60.5" cx="53" cy="52" a="0" width="286" height="17"/>
  <staticblueskin x="529.5" y="103" cx="347" cy="94" a="0" width="365" height="18"/>
  <staticblueskin x="148.5" y="164" cx="18" cy="151" a="0" width="261" height="26"/>
  <cheeseskin x="321" y="97" a="0" width="27.05" height="22"/>
</scene>