<scene width="740" height="380">
  <timer time="60"/>
  <creator id="2762040"/>
  <bg id="1"/>
  <staticblueskin x="624.5" y="179.5" cx="487" cy="177" a="0" width="275" height="5"/>
  <staticskin x="589" y="255" cx="586" cy="215" a="0" width="6" height="80"/>
  <staticskin x="600.5" y="218" cx="590" cy="215" a="0" width="21" height="6"/>
  <staticskin x="616.0999999999999" y="224.15" cx="613" cy="215" a="50" width="18" height="7"/>
  <stone x="273" y="284" a="0" width="31.25" height="22.9"/>
  <staticskin x="620" y="236" cx="617" cy="224" a="0" width="6" height="24"/>
  <staticskin x="612.725" y="250.475" cx="624" cy="248" a="150" width="22" height="7"/>
  <staticskin x="599.5" y="254" cx="590" cy="250" a="0" width="19" height="8"/>
  <staticskin x="627.425" y="253.5" cx="631" cy="213" a="10" width="7" height="81"/>
  <staticskin x="639.65" y="257.275" cx="629" cy="217" a="-10" width="7" height="83"/>
  <staticredskin x="650" y="253.5" cx="624" cy="250" a="0" width="52" height="7"/>
  <staticskin x="675" y="254" cx="672" cy="217" a="0" width="6" height="74"/>
  <staticskin x="707" y="251.5" cx="704" cy="215" a="0" width="6" height="73"/>
  <staticblueskin x="693.5" y="257.225" cx="710" cy="243" a="130" width="43" height="7"/>
  <cheeseskin x="694" y="197" a="0" width="27.05" height="22"/>
  <staticblueskin x="405.5" y="378" cx="-20" cy="372" a="0" width="851" height="12"/>
  <staticblueskin x="738.5" y="174" cx="733" cy="-84" a="0" width="11" height="516"/>
  <staticblueskin x="0.5" y="212.5" cx="-5" cy="-149" a="0" width="11" height="723"/>
  <staticblueskin x="297" y="270.5" cx="293" cy="66" a="0" width="8" height="409"/>
  <staticblueskin x="431" y="269" cx="427" cy="63" a="0" width="8" height="412"/>
  <staticblueskin x="330.5" y="257.5" cx="295" cy="253" a="0" width="71" height="9"/>
  <staticblueskin x="391" y="209.5" cx="353" cy="204" a="0" width="76" height="11"/>
  <staticblueskin x="334.5" y="162.5" cx="297" cy="157" a="0" width="75" height="11"/>
  <staticredskin x="571.5" y="284.5" cx="562" cy="282" a="0" width="19" height="5"/>
  <staticblueskin x="393.5" y="113" cx="359" cy="109" a="0" width="69" height="8"/>
  <springboardskin x="395" y="372" a="0" width="51" height="10.95"/>
  <tree x="338" y="322" a="0" width="78.35" height="100"/>
  <ballskin x="317" y="239" a="0" width="25" height="25"/>
  <ballskin x="408" y="189" a="0" width="25" height="25"/>
  <ballskin x="318" y="141" a="0" width="25" height="25"/>
  <ballskin x="409" y="94" a="0" width="25" height="25"/>
  <staticskin x="610.5" y="287" cx="463" cy="282" a="0" width="295" height="10"/>
  <cheeseskin x="711" y="358" a="0" width="27.05" height="22"/>
  <cheeseskin x="652" y="311" a="0" width="27.05" height="22"/>
  <staticredskin x="179" y="187.5" cx="176" cy="117" a="0" width="6" height="141"/>
  <cheeseskin x="594" y="359" a="0" width="27.05" height="22"/>
  <cheeseskin x="529" y="311" a="0" width="27.05" height="22"/>
  <cheeseskin x="467" y="361" a="0" width="27.05" height="22"/>
  <flowers1 x="525" y="361" a="0" width="60" height="58.2"/>
  <flowers1 x="650" y="359" a="0" width="60" height="58.2"/>
  <flowers1 x="564" y="273" a="0" width="60" height="58.2"/>
  <littlemouse x="392" y="329" a="0" width="37.35" height="34.3"/>
  <rpointer x="447" y="45" a="0" width="40" height="33.7"/>
  <minkskin x="128" y="360" a="0" width="36" height="27"/>
  <staticredskin x="88.5" y="293.5" cx="30" cy="291" a="0" width="117" height="5"/>
  <staticblueskin x="101" y="226.5" cx="97" cy="159" a="0" width="8" height="135"/>
  <staticblueskin x="556.5" y="64.5" cx="428" cy="62" a="0" width="257" height="5"/>
  <staticblueskin x="612.5" y="100.5" cx="483" cy="98" a="0" width="259" height="5"/>
  <springboardskin x="489" y="284" a="0" width="51" height="10.95"/>
  <staticredskin x="221.5" y="370.5" cx="149" cy="367" a="0" width="145" height="7"/>
  <staticredskin x="56" y="372" cx="5" cy="369" a="0" width="102" height="6"/>
  <staticskin x="175.5" y="71" cx="54" cy="67" a="0" width="243" height="8"/>
  <lpointer x="281" y="50" a="0" width="40" height="33.7"/>
  <staticredskin x="244.5" y="103" cx="241" cy="74" a="0" width="7" height="58"/>
  <staticredskin x="272.5" y="159.5" cx="250" cy="156" a="0" width="45" height="7"/>
  <cheeseskin x="273" y="97" a="0" width="27.05" height="22"/>
  <staticblueskin x="103" y="120" cx="10" cy="115" a="0" width="186" height="10"/>
  <carriervertical x="215" y="137" linewidth="50" lineheight="150" boxwidth="50" boxheight="20"/>
  <staticblueskin x="166.5" y="299" cx="31" cy="295" a="0" width="271" height="8"/>
  <staticblueskin x="560.5" y="138" cx="431" cy="135" a="0" width="259" height="6"/>
</scene>