<scene width="740" height="380">
  <timer time="60"/>
  <creator id="1601742"/>
  <bg id="0"/>
  <bush x="589" y="259" a="0" width="59.4" height="32.3"/>
  <bush x="608" y="277" a="0" width="59.4" height="32.3"/>
  <bush x="608" y="301" a="0" width="59.4" height="32.3"/>
  <bush x="616" y="287" a="0" width="59.4" height="32.3"/>
  <staticskin x="38.5" y="237.5" cx="12" cy="233" a="0" width="53" height="9"/>
  <staticskin x="189" y="159" cx="91" cy="155" a="0" width="196" height="8"/>
  <staticskin x="388.5" y="318.5" cx="19" cy="311" a="0" width="739" height="15"/>
  <staticredskin x="168" y="308" cx="86" cy="304" a="0" width="164" height="8"/>
  <staticskin x="257.5" y="240.5" cx="252" cy="169" a="0" width="11" height="143"/>
  <staticskin x="333" y="292.5" cx="330" cy="274" a="0" width="6" height="37"/>
  <ground x="434" y="296.025" cx="430" cy="283" a="0" width="8" height="26.05"/>
  <minkskin x="720" y="288" a="0" width="36" height="27"/>
  <cheeseskin x="440" y="34" a="0" width="27.05" height="22"/>
  <littlemouse x="36" y="293" a="0" width="37.35" height="34.3"/>
  <staticskin x="482" y="160.5" cx="287" cy="158" a="0" width="390" height="5"/>
  <staticskin x="683" y="131.5" cx="680" cy="103" a="0" width="6" height="57"/>
  <staticskin x="495" y="105" cx="362" cy="102" a="0" width="266" height="6"/>
  <staticskin x="364.5" y="66.5" cx="361" cy="36" a="0" width="7" height="61"/>
  <staticskin x="552.5" y="50.5" cx="413" cy="46" a="0" width="279" height="9"/>
  <springboardskin x="41" y="227" a="0" width="51" height="10.95"/>
  <staticskin x="682.5" y="108" cx="679" cy="51" a="0" width="7" height="114"/>
  <staticskin x="181.5" y="38" cx="19" cy="32" a="0" width="325" height="12"/>
  <staticskin x="732.5" y="119.5" cx="729" cy="39" a="0" width="7" height="161"/>
  <staticskin x="526.5" y="201.5" cx="316" cy="198" a="0" width="421" height="7"/>
  <ballskin x="534" y="299" a="0" width="25" height="25"/>
  <ballskin x="574" y="298" a="0" width="25" height="25"/>
  <ballskin x="361" y="295" a="0" width="25" height="25"/>
  <ballskin x="459" y="296" a="0" width="25" height="25"/>
  <ballskin x="496" y="296" a="0" width="25" height="25"/>
  <ballskin x="616" y="298" a="0" width="25" height="25"/>
  <flowers1 x="404" y="272" a="0" width="60" height="58.2"/>
  <flowers1 x="325" y="299" a="0" width="60" height="58.2"/>
  <flowers1 x="314" y="273" a="0" width="60" height="58.2"/>
  <flowers1 x="339" y="277" a="0" width="60" height="58.2"/>
  <flowers1 x="365" y="270" a="0" width="60" height="58.2"/>
  <flowers1 x="349" y="303" a="0" width="60" height="58.2"/>
  <flowers1 x="373" y="290" a="0" width="60" height="58.2"/>
  <flowers1 x="381" y="305" a="0" width="60" height="58.2"/>
  <flowers1 x="411" y="294" a="0" width="60" height="58.2"/>
  <flowers1 x="275" y="272" a="0" width="60" height="58.2"/>
  <flowers1 x="279" y="288" a="0" width="60" height="58.2"/>
  <flowers1 x="294" y="301" a="0" width="60" height="58.2"/>
  <flowers2 x="436" y="276" a="0" width="60" height="33.45"/>
  <flowers2 x="437" y="300" a="0" width="60" height="33.45"/>
  <flowers2 x="461" y="273" a="0" width="60" height="33.45"/>
  <flowers2 x="473" y="300" a="0" width="60" height="33.45"/>
  <flowers2 x="460" y="288" a="0" width="60" height="33.45"/>
  <flowers2 x="494" y="274" a="0" width="60" height="33.45"/>
  <flowers2 x="502" y="299" a="0" width="60" height="33.45"/>
  <bush x="528" y="297" a="0" width="59.4" height="32.3"/>
  <bush x="528" y="286" a="0" width="59.4" height="32.3"/>
  <bush x="525" y="267" a="0" width="59.4" height="32.3"/>
  <bush x="556" y="301" a="0" width="59.4" height="32.3"/>
  <bush x="558" y="276" a="0" width="59.4" height="32.3"/>
  <bush x="556" y="258" a="0" width="59.4" height="32.3"/>
  <bush x="584" y="304" a="0" width="59.4" height="32.3"/>
  <bush x="576" y="286" a="0" width="59.4" height="32.3"/>
  <staticblueskin x="15" y="184.5" cx="11" cy="47" a="0" width="8" height="275"/>
</scene>