<scene width="740" height="380">
  <timer time="180"/>
  <creator id="2720374"/>
  <bg id="4"/>
  <carrierhorizontal x="305" y="367" linewidth="300" lineheight="20" boxwidth="50" boxheight="20"/>
  <carrierhorizontal x="529" y="72" linewidth="100" lineheight="20" boxwidth="50" boxheight="20"/>
  <minkskin x="722" y="344" a="0" width="36" height="27"/>
  <groundblue x="710.275" y="368.25" cx="698" cy="359" a="0" width="25.55" height="19.5"/>
  <tree x="338" y="121" a="8" width="78.35" height="100"/>
  <littlemouse x="22" y="23" a="0" width="37.35" height="34.3"/>
  <groundred x="4.3" y="153.25" cx="-1" cy="0" a="0" width="11.6" height="307.5"/>
  <staticblueskin x="42.5" y="81.5" cx="40" cy="65" a="0" width="5" height="33"/>
  <cheeseskin x="61" y="79" a="0" width="27.05" height="22"/>
  <staticblueskin x="61" y="100.5" cx="47" cy="97" a="0" width="28" height="7"/>
  <staticblueskin x="78.5" y="86.5" cx="76" cy="72" a="0" width="5" height="29"/>
  <flowers2 x="27" y="15" a="0" width="60" height="33.45"/>
  <ground x="179.225" y="150.825" cx="8" cy="114" a="10" width="350" height="13.05"/>
  <groundblue x="173.65" y="68.32499999999999" cx="9" cy="36" a="10" width="336.5" height="7.5"/>
  <staticskin x="166" y="218.875" cx="11" cy="188" a="10" width="316" height="7"/>
  <springboardskin x="38" y="183" a="0" width="51" height="10.95"/>
  <springboardskin x="107" y="195" a="0" width="51" height="10.95"/>
  <springboardskin x="190" y="208" a="0" width="51" height="10.95"/>
  <springboardskin x="268" y="221" a="0" width="51" height="10.95"/>
  <staticblueskin x="163.50000000000003" y="305.2" cx="17" cy="255" a="10" width="306" height="48"/>
  <staticskin x="335" y="347.5" cx="314" cy="340" a="0" width="42" height="15"/>
  <cheeseskin x="200" y="275" a="0" width="27.05" height="22"/>
  <cactus x="17" y="232" a="0" width="20" height="42.55"/>
  <carriervertical x="451" y="28" linewidth="50" lineheight="200" boxwidth="50" boxheight="20"/>
  <carrierhorizontal x="604" y="363" linewidth="300" lineheight="20" boxwidth="50" boxheight="20"/>
  <carriervertical x="665" y="167" linewidth="50" lineheight="300" boxwidth="50" boxheight="20"/>
  <bush x="662" y="153" a="0" width="59.4" height="32.3"/>
  <rpointer x="267" y="65" a="0" width="40" height="33.7"/>
  <rpointer x="161" y="44" a="0" width="40" height="33.7"/>
  <groundblue x="405.175" y="236.7" cx="423" cy="151" a="100" width="176" height="6.35"/>
  <groundblue x="728.75" y="368.275" cx="719" cy="358" a="0" width="20.5" height="21.55"/>
  <ballskin x="312" y="72" a="0" width="23.8" height="26.05"/>
  <ballskin x="213" y="51" a="0" width="23.8" height="26.05"/>
  <ballskin x="109" y="37" a="0" width="23.8" height="26.05"/>
  <groundred x="735.3" y="179.75" cx="731" cy="-1" a="0" width="9.6" height="362.5"/>
  <carrierhorizontal x="2" y="369" linewidth="300" lineheight="20" boxwidth="50" boxheight="20"/>
</scene>