<scene width="740" height="380">
  <timer time="60"/>
  <creator id="2267673"/>
  <bg id="4"/>
  <staticredskin x="442" y="256.5" cx="433" cy="253" a="0" width="18" height="7"/>
  <boxskin x="625" y="301" a="0" width="50" height="50"/>
  <boxskin x="275" y="303" a="0" width="50" height="50"/>
  <staticskin x="643" y="254.5" cx="636" cy="232" a="0" width="14" height="45"/>
  <staticskin x="256.5" y="253.5" cx="248" cy="230" a="0" width="17" height="47"/>
  <staticskin x="652" y="225" cx="646" cy="215" a="0" width="12" height="20"/>
  <staticskin x="241.5" y="228" cx="235" cy="223" a="0" width="13" height="10"/>
  <cheeseskin x="445" y="235" a="0" width="27.05" height="22"/>
  <flowers2 x="532" y="229" a="0" width="60" height="33.45"/>
  <bush x="360" y="229" a="0" width="59.4" height="32.3"/>
  <littlemouse x="623" y="258" a="0" width="37.35" height="34.3"/>
  <staticskin x="698" y="119" cx="352" cy="109" a="0" width="692" height="20"/>
  <staticskin x="315" y="147" cx="301" cy="133" a="0" width="28" height="28"/>
  <staticskin x="252.5" y="175" cx="235" cy="160" a="0" width="35" height="30"/>
  <staticskin x="174" y="222" cx="153" cy="208" a="0" width="42" height="28"/>
  <staticskin x="91.5" y="278.5" cx="71" cy="267" a="0" width="41" height="23"/>
  <staticredskin x="483" y="251.5" cx="478" cy="244" a="0" width="10" height="15"/>
  <staticredskin x="402" y="251" cx="397" cy="243" a="0" width="10" height="16"/>
  <staticblueskin x="483" y="227.5" cx="480" cy="208" a="0" width="6" height="39"/>
  <staticblueskin x="401.5" y="227" cx="398" cy="203" a="0" width="7" height="48"/>
  <flowers2 x="571" y="403" a="0" width="60" height="33.45"/>
  <flowers1 x="482" y="196" a="0" width="60" height="58.2"/>
  <flowers1 x="401" y="196" a="0" width="60" height="58.2"/>
  <staticredskin x="550.5" y="108" cx="359" cy="105" a="0" width="383" height="6"/>
  <staticblueskin x="387" y="1" cx="35" cy="-2" a="0" width="704" height="6"/>
  <staticskin x="542" y="12" cx="538" cy="3" a="0" width="8" height="18"/>
  <staticredskin x="531.5" y="29.5" cx="522" cy="19" a="0" width="19" height="21"/>
  <staticredskin x="551.5" y="30.5" cx="542" cy="21" a="0" width="19" height="19"/>
  <staticblueskin x="543" y="41" cx="534" cy="24" a="0" width="18" height="34"/>
  <staticskin x="556" y="16" cx="545" cy="5" a="0" width="22" height="22"/>
  <staticredskin x="545.5" y="31" cx="534" cy="19" a="0" width="23" height="24"/>
  <minkskin x="718" y="90" a="0" width="36" height="27"/>
  <rpointer x="629" y="90" a="0" width="40" height="33.7"/>
  <ground x="364.5" y="333" cx="-5" cy="327" a="0" width="739" height="12"/>
  <staticskin x="455.5" y="292.5" cx="326" cy="260" a="0" width="259" height="65"/>
  <staticblueskin x="360" y="248.5" cx="331" cy="244" a="0" width="58" height="9"/>
  <staticblueskin x="361" y="255" cx="348" cy="251" a="0" width="26" height="8"/>
  <staticblueskin x="531" y="247.5" cx="499" cy="244" a="0" width="64" height="7"/>
  <staticblueskin x="534" y="254.5" cx="519" cy="250" a="0" width="30" height="9"/>
  <staticredskin x="441.5" y="249" cx="414" cy="245" a="0" width="55" height="8"/>
</scene>