<scene width="740" height="380">
  <timer time="120"/>
  <creator id="440337"/>
  <bg id="7"/>
  <groundblue x="546.775" y="355.275" cx="539" cy="346" a="0" width="16.55" height="19.55"/>
  <groundblue x="477.775" y="273.75" cx="467" cy="262" a="0" width="22.55" height="24.5"/>
  <ground x="405.525" y="319.5" cx="393" cy="242" a="0" width="25.05" height="155"/>
  <groundblue x="431.275" y="251.25" cx="418" cy="240" a="0" width="27.55" height="23.5"/>
  <carriervertical x="359" y="247" linewidth="50" lineheight="200" boxwidth="50" boxheight="20"/>
  <ground x="282.525" y="245.5" cx="274" cy="177" a="0" width="17.05" height="137"/>
  <groundblue x="152.25" y="376.75" cx="-2" cy="360" a="0" width="309.5" height="34.5"/>
  <groundblue x="163.75" y="308.8" cx="33" cy="300" a="0" width="262.5" height="18.6"/>
  <ground x="90" y="250.5" cx="-18" cy="243" a="0" width="216" height="15"/>
  <ground x="193" y="241.025" cx="188" cy="229" a="0" width="10" height="24.05"/>
  <groundred x="21.75" y="232.275" cx="-1" cy="225" a="0" width="46.5" height="15.55"/>
  <ground x="190" y="176" cx="78" cy="168" a="0" width="224" height="16"/>
  <groundblue x="175.775" y="158.75" cx="162" cy="151" a="0" width="28.55" height="16.5"/>
  <groundblue x="202.75" y="143.775" cx="186" cy="133" a="0" width="34.5" height="22.55"/>
  <groundblue x="230.75" y="124.275" cx="216" cy="112" a="0" width="30.5" height="25.55"/>
  <ground x="252.525" y="104.525" cx="242" cy="94" a="0" width="21.05" height="21.05"/>
  <ground x="280" y="103.525" cx="265" cy="93" a="0" width="30" height="21.05"/>
  <minkskin x="276" y="81" a="0" width="36" height="27"/>
  <ground x="146.5" y="41.775" cx="-2" cy="36" a="0" width="297" height="11.55"/>
  <ground x="298.55" y="111.5" cx="295" cy="35" a="0" width="7.1" height="153"/>
  <ground x="452" y="183.55" cx="301" cy="179" a="0" width="302" height="9.1"/>
  <ground x="612.05" y="113.5" cx="606" cy="40" a="0" width="12.1" height="147"/>
  <groundblue x="387.25" y="45.3" cx="333" cy="40" a="0" width="109.5" height="11.6"/>
  <littlemouse x="19" y="19" a="0" width="37.35" height="34.3"/>
  <groundblue x="339.8" y="110.75" cx="332" cy="40" a="0" width="16.6" height="142.5"/>
  <groundblue x="497.25" y="57.3" cx="425" cy="53" a="0" width="145.5" height="9.6"/>
  <ground x="488.5" y="41.525" cx="481" cy="30" a="0" width="15" height="23.05"/>
  <ground x="562.025" y="44.525" cx="555" cy="36" a="0" width="14.05" height="17.05"/>
  <ground x="248.55" y="267.5" cx="241" cy="261" a="0" width="15.1" height="13"/>
  <groundred x="596.775" y="170.9" cx="586" cy="161" a="0" width="22.55" height="20.8"/>
  <ground x="559.5" y="90" cx="554" cy="60" a="0" width="11" height="60"/>
  <ground x="560.05" y="177.6" cx="555" cy="174" a="0" width="10.1" height="7.2"/>
  <flowers1 x="555" y="165" a="0" width="60" height="58.2"/>
  <tree2 x="373" y="128" a="0" width="84.85" height="100"/>
  <cheeseskin x="358" y="168" a="0" width="27.05" height="22"/>
  <groundblue x="500.875" y="158.39999999999998" cx="498" cy="134" a="8" width="13.5" height="48.5"/>
  <groundred x="452.25" y="176.3" cx="411" cy="172" a="0" width="83.5" height="9.6"/>
  <groundblue x="635.275" y="53.775" cx="617" cy="41" a="0" width="37.55" height="26.55"/>
  <groundblue x="728.775" y="53.275" cx="713" cy="41" a="0" width="32.55" height="25.55"/>
  <cheeseskin x="319" y="164" a="0" width="27.05" height="22"/>
  <ground x="700.825" y="116.2" cx="737" cy="63" a="40" width="13" height="128"/>
  <groundred x="614.25" y="243.75" cx="606" cy="183" a="0" width="17.5" height="122.5"/>
  <groundblue x="641.8" y="241.275" cx="621" cy="221" a="0" width="42.6" height="41.55"/>
  <groundblue x="677.8" y="285.25" cx="657" cy="259" a="0" width="42.6" height="53.5"/>
  <ground x="605" y="373.5" cx="473" cy="369" a="0" width="264" height="9"/>
  <groundblue x="482.3" y="360.75" cx="475" cy="351" a="0" width="15.6" height="20.5"/>
  <groundblue x="503.275" y="330.275" cx="496" cy="318" a="0" width="15.55" height="25.55"/>
</scene>