<scene width="740" height="380">
  <timer time="60"/>
  <creator id="1994116"/>
  <bg id="2"/>
  <staticblueskin x="576" y="280" cx="567" cy="275" a="0" width="18" height="10"/>
  <staticblueskin x="612" y="249" cx="601" cy="244" a="0" width="22" height="10"/>
  <staticblueskin x="677.5" y="197" cx="666" cy="192" a="0" width="23" height="10"/>
  <staticredskin x="-52" y="79" cx="-204" cy="75" a="0" width="304" height="8"/>
  <ballskin x="140" y="24" a="0" width="25" height="25"/>
  <flowers1 x="719" y="137" a="0" width="60" height="58.2"/>
  <tree2 x="153" y="114" a="0" width="84.85" height="100"/>
  <staticblueskin x="97" y="116" cx="93" cy="82" a="0" width="8" height="68"/>
  <staticredskin x="77" y="206.5" cx="51" cy="203" a="0" width="52" height="7"/>
  <staticskin x="-5.5" y="224" cx="-17" cy="221" a="0" width="23" height="6"/>
  <staticblueskin x="52.5" y="105" cx="49" cy="67" a="0" width="7" height="76"/>
  <staticredskin x="52" y="195" cx="47" cy="179" a="0" width="10" height="32"/>
  <staticredskin x="186.5" y="143.5" cx="183" cy="138" a="0" width="7" height="11"/>
  <staticblueskin x="116" y="192.5" cx="112" cy="189" a="0" width="8" height="7"/>
  <staticblueskin x="264.5" y="117" cx="258" cy="111" a="0" width="13" height="12"/>
  <staticredskin x="537.5" y="308" cx="529" cy="303" a="0" width="17" height="10"/>
  <staticredskin x="643" y="220.5" cx="636" cy="216" a="0" width="14" height="9"/>
  <staticredskin x="868.5" y="160" cx="693" cy="151" a="0" width="351" height="18"/>
  <staticskin x="555" y="109" cx="403" cy="102" a="0" width="304" height="14"/>
  <staticredskin x="520.5" y="4" cx="505" cy="-3" a="0" width="31" height="14"/>
  <staticredskin x="573.5" y="56.5" cx="555" cy="51" a="0" width="37" height="11"/>
  <cheeseskin x="714" y="31" a="0" width="27.05" height="22"/>
  <staticskin x="398" y="318" cx="389" cy="315" a="0" width="18" height="6"/>
  <tree x="703" y="320" a="0" width="78.35" height="100"/>
  <flowers1 x="405" y="356" a="0" width="60" height="58.2"/>
  <rpointer x="407" y="358" a="0" width="40" height="33.7"/>
  <staticblueskin x="292.5" y="81" cx="282" cy="-157" a="0" width="21" height="476"/>
  <ballskin x="429" y="23" a="0" width="25" height="25"/>
  <staticredskin x="447" y="12" cx="444" cy="-27" a="0" width="6" height="78"/>
  <staticredskin x="400.5" y="53" cx="351" cy="49" a="0" width="99" height="8"/>
  <staticblueskin x="406.5" y="116.5" cx="399" cy="-87" a="0" width="15" height="407"/>
  <staticblueskin x="310.95" y="266.275" cx="335" cy="238" a="45" width="6" height="74"/>
  <staticblueskin x="381.775" y="211.325" cx="409" cy="235" a="135" width="5" height="72"/>
  <ballskin x="73" y="148" a="0" width="25" height="25"/>
  <staticblueskin x="305.6" y="144.925" cx="330" cy="117" a="45" width="5" height="74"/>
  <staticblueskin x="383.825" y="116.075" cx="416" cy="144" a="135" width="6" height="85"/>
  <minkskin x="374" y="32" a="0" width="36" height="27"/>
  <staticblueskin x="344" y="-2.5" cx="-95" cy="-11" a="0" width="878" height="17"/>
  <carrierhorizontal x="69" y="361" linewidth="300" lineheight="20" boxwidth="50" boxheight="20"/>
  <littlemouse x="371" y="27" a="0" width="37.35" height="34.3"/>
  <carrierhorizontal x="26" y="307" linewidth="250" lineheight="20" boxwidth="50" boxheight="20"/>
  <carrierhorizontal x="-22" y="256" linewidth="300" lineheight="20" boxwidth="50" boxheight="20"/>
  <springboardskin x="407" y="377" a="0" width="51" height="10.95"/>
  <staticblueskin x="305" y="317.5" cx="302" cy="314" a="0" width="6" height="7"/>
  <staticblueskin x="771" y="60.5" cx="481" cy="56" a="0" width="580" height="9"/>
  <staticredskin x="621.5" y="2.5" cx="601" cy="-4" a="0" width="41" height="13"/>
  <staticredskin x="667.5" y="51.5" cx="664" cy="44" a="0" width="7" height="15"/>
  <staticblueskin x="151" y="172" cx="123" cy="168" a="0" width="56" height="8"/>
  <staticblueskin x="213" y="116.5" cx="179" cy="113" a="0" width="68" height="7"/>
  <staticblueskin x="145" y="51.5" cx="109" cy="47" a="0" width="72" height="9"/>
  <staticblueskin x="210.5" y="104" cx="205" cy="97" a="0" width="11" height="14"/>
  <cheeseskin x="22" y="41" a="0" width="27.05" height="22"/>
  <staticblueskin x="496" y="337" cx="487" cy="333" a="0" width="18" height="8"/>
</scene>