<scene width="740" height="380">
  <timer time="40"/>
  <creator id="2230866"/>
  <bg id="4"/>
  <tree2 x="164" y="72" a="0" width="84.85" height="100"/>
  <flowers2 x="180" y="336" a="0" width="60" height="33.45"/>
  <flowers2 x="612" y="324" a="0" width="60" height="33.45"/>
  <flowers2 x="245" y="85" a="0" width="60" height="33.45"/>
  <flowers1 x="468" y="38" a="0" width="60" height="58.2"/>
  <cactus x="614" y="262" a="0" width="20" height="42.55"/>
  <bush x="88" y="301" a="0" width="59.4" height="32.3"/>
  <rpointer x="252" y="417" a="0" width="40" height="33.7"/>
  <lpointer x="322" y="295" a="0" width="40" height="33.7"/>
  <rpointer x="361" y="295" a="0" width="40" height="33.7"/>
  <minkskin x="364" y="33" a="0" width="36" height="27"/>
  <littlemouse x="367" y="74" a="0" width="37.35" height="34.3"/>
  <cheeseskin x="26" y="36" a="0" width="27.05" height="22"/>
  <carrierhorizontal x="241" y="172" linewidth="300" lineheight="20" boxwidth="50" boxheight="20"/>
  <staticskin x="369.5" y="316.5" cx="265" cy="312" a="0" width="209" height="9"/>
  <staticredskin x="183" y="288" cx="136" cy="279" a="0" width="94" height="18"/>
  <carrierhorizontal x="618" y="399" linewidth="300" lineheight="20" boxwidth="50" boxheight="20"/>
  <carriervertical x="107" y="77" linewidth="50" lineheight="200" boxwidth="50" boxheight="20"/>
  <staticskin x="32" y="63.5" cx="1" cy="57" a="0" width="62" height="13"/>
  <boxskin x="417" y="290" a="0" width="50" height="50"/>
  <boxskin x="468" y="242" a="0" width="50" height="50"/>
  <staticskin x="533" y="208" cx="495" cy="191" a="0" width="76" height="34"/>
  <springboardskin x="485" y="132" a="0" width="51" height="10.95"/>
  <springboardskin x="414" y="85" a="0" width="51" height="10.95"/>
  <staticskin x="492.5" y="274.5" cx="458" cy="265" a="0" width="69" height="19"/>
  <flowers1 x="702" y="333" a="0" width="60" height="58.2"/>
  <tree2 x="675" y="246" a="0" width="84.85" height="100"/>
  <tree x="29" y="259" a="0" width="78.35" height="100"/>
  <tree2 x="583" y="71" a="0" width="84.85" height="100"/>
</scene>