<scene width="740" height="380">
  <timer time="80"/>
  <creator id="2939605"/>
  <bg id="6"/>
  <groundred x="6.3" y="126.75" cx="1" cy="0" a="0" width="11.6" height="254.5"/>
  <groundred x="5.8" y="262.25" cx="1" cy="126" a="0" width="10.6" height="273.5"/>
  <staticredskin x="137" y="334" cx="133" cy="331" a="0" width="8" height="6"/>
  <staticblueskin x="363.5" y="41" cx="89" cy="35" a="0" width="549" height="12"/>
  <staticblueskin x="294" y="93.5" cx="-4" cy="88" a="0" width="596" height="11"/>
  <staticredskin x="167.5" y="84" cx="158" cy="81" a="0" width="19" height="6"/>
  <staticredskin x="279" y="82" cx="267" cy="78" a="0" width="24" height="8"/>
  <staticredskin x="527" y="85.5" cx="510" cy="82" a="0" width="34" height="7"/>
  <cactus x="123" y="251" a="0" width="20" height="42.55"/>
  <flowers1 x="626" y="209" a="0" width="60" height="58.2"/>
  <flowers2 x="452" y="407" a="0" width="60" height="33.45"/>
  <tree x="238" y="320" a="0" width="78.35" height="100"/>
  <bush x="540" y="359" a="0" width="59.4" height="32.3"/>
  <cheeseskin x="55" y="174" a="0" width="27.05" height="22"/>
  <staticblueskin x="204.5" y="190.5" cx="-6" cy="186" a="0" width="421" height="9"/>
  <staticblueskin x="489" y="119.5" cx="400" cy="117" a="0" width="178" height="5"/>
  <springboardskin x="328" y="367" a="0" width="51" height="10.95"/>
  <springboardskin x="428" y="323" a="0" width="51" height="10.95"/>
  <springboardskin x="536" y="263" a="0" width="51" height="10.95"/>
  <staticblueskin x="430.5" y="214" cx="401" cy="211" a="0" width="59" height="6"/>
  <staticblueskin x="326" y="166.5" cx="323" cy="143" a="0" width="6" height="47"/>
  <staticblueskin x="304" y="164.5" cx="299" cy="132" a="0" width="10" height="65"/>
  <staticblueskin x="263.5" y="166.5" cx="260" cy="134" a="0" width="7" height="65"/>
  <staticblueskin x="185.5" y="181.5" cx="181" cy="153" a="0" width="9" height="57"/>
  <springboardskin x="184" y="149" a="0" width="51" height="10.95"/>
  <flowers1 x="185" y="180" a="0" width="60" height="58.2"/>
  <littlemouse x="716" y="352" a="0" width="37.35" height="34.3"/>
  <staticredskin x="18.5" y="352" cx="16" cy="325" a="0" width="5" height="54"/>
  <staticredskin x="29" y="354.5" cx="19" cy="352" a="0" width="20" height="5"/>
  <staticredskin x="36" y="349" cx="33" cy="323" a="0" width="6" height="52"/>
  <groundred x="51.25" y="364.775" cx="47" cy="349" a="0" width="9.5" height="32.55"/>
  <groundred x="61.3" y="368.25" cx="53" cy="363" a="0" width="17.6" height="11.5"/>
  <groundred x="70.425" y="365.75" cx="67" cy="351" a="0" width="7.85" height="30.5"/>
  <groundred x="60.25" y="342.425" cx="52" cy="339" a="0" width="17.5" height="7.85"/>
  <groundred x="89.3" y="364.75" cx="84" cy="344" a="0" width="11.6" height="42.5"/>
  <groundred x="105.775" y="349.25" cx="95" cy="345" a="0" width="22.55" height="9.5"/>
  <groundred x="123.75" y="322.275" cx="118" cy="266" a="0" width="12.5" height="113.55"/>
  <groundred x="155.275" y="346.75" cx="143" cy="343" a="0" width="25.55" height="8.5"/>
  <groundred x="138.425" y="361.75" cx="135" cy="343" a="0" width="7.85" height="38.5"/>
  <groundred x="151.775" y="360.35" cx="141" cy="356" a="0" width="22.55" height="9.7"/>
  <groundred x="154.75" y="376.325" cx="140" cy="373" a="0" width="30.5" height="7.65"/>
  <groundred x="180.25" y="350.775" cx="175" cy="338" a="0" width="11.5" height="26.55"/>
  <groundred x="204.25" y="348.275" cx="200" cy="335" a="0" width="9.5" height="27.55"/>
  <groundred x="190.775" y="375.75" cx="177" cy="372" a="0" width="28.55" height="8.5"/>
  <groundred x="193.75" y="360.425" cx="186" cy="357" a="0" width="16.5" height="7.85"/>
  <groundred x="204.25" y="363.775" cx="201" cy="345" a="0" width="7.5" height="38.55"/>
  <staticblueskin x="488.5" y="376" cx="237" cy="373" a="0" width="503" height="6"/>
  <staticblueskin x="695" y="210.5" cx="690" cy="42" a="0" width="10" height="337"/>
  <staticblueskin x="677.5" y="89.5" cx="665" cy="84" a="0" width="25" height="11"/>
  <staticblueskin x="648.5" y="136.5" cx="634" cy="133" a="0" width="29" height="7"/>
  <staticblueskin x="678" y="169.5" cx="666" cy="166" a="0" width="24" height="7"/>
  <staticblueskin x="633.5" y="209.5" cx="629" cy="37" a="0" width="9" height="345"/>
  <staticblueskin x="636.5" y="223" cx="616" cy="219" a="0" width="41" height="8"/>
  <staticblueskin x="683.5" y="267" cx="669" cy="264" a="0" width="29" height="6"/>
  <staticskin x="738" y="172.5" cx="732" cy="8" a="0" width="12" height="329"/>
  <staticskin x="735.5" y="351.5" cx="732" cy="331" a="0" width="7" height="41"/>
  <bush x="556" y="411" a="0" width="59.4" height="32.3"/>
  <staticredskin x="721" y="377" cx="697" cy="371" a="0" width="48" height="12"/>
  <minkskin x="94" y="327" a="0" width="36" height="27"/>
</scene>