<scene width="740" height="380">
  <timer time="60"/>
  <creator id="804064"/>
  <bg id="5"/>
  <staticskin x="543.5" y="160.5" cx="484" cy="158" a="0" width="119" height="5"/>
  <staticskin x="734" y="159.5" cx="683" cy="157" a="0" width="102" height="5"/>
  <staticskin x="605" y="242.5" cx="602" cy="157" a="0" width="6" height="171"/>
  <staticskin x="683" y="242" cx="680" cy="157" a="0" width="6" height="170"/>
  <staticskin x="638.5" y="376.5" cx="629" cy="374" a="0" width="19" height="5"/>
  <carriervertical x="552" y="199" linewidth="50" lineheight="200" boxwidth="50" boxheight="20"/>
  <minkskin x="711" y="180" a="0" width="36" height="27"/>
  <staticredskin x="715" y="375" cx="703" cy="372" a="0" width="24" height="6"/>
  <staticskin x="675" y="376.5" cx="664" cy="374" a="0" width="22" height="5"/>
  <staticskin x="603" y="378" cx="593" cy="375" a="0" width="20" height="6"/>
  <cheeseskin x="561" y="173" a="0" width="27.05" height="22"/>
  <staticskin x="448" y="224.5" cx="423" cy="221" a="0" width="50" height="7"/>
  <littlemouse x="15" y="46" a="0" width="37.35" height="34.3"/>
  <staticskin x="14" y="71.5" cx="6" cy="68" a="0" width="16" height="7"/>
  <boxskin x="448" y="196" a="0" width="50" height="50"/>
  <staticskin x="491.5" y="115" cx="489" cy="94" a="0" width="5" height="42"/>
  <staticskin x="481" y="154.5" cx="478" cy="135" a="0" width="6" height="39"/>
  <staticskin x="117.5" y="263" cx="113" cy="147" a="0" width="9" height="232"/>
  <staticskin x="162.5" y="120" cx="158" cy="3" a="0" width="9" height="234"/>
  <staticskin x="213.5" y="267" cx="209" cy="150" a="0" width="9" height="234"/>
  <staticskin x="268" y="113.5" cx="263" cy="-3" a="0" width="10" height="233"/>
  <staticskin x="318" y="263" cx="314" cy="145" a="0" width="8" height="236"/>
  <staticredskin x="504" y="-3" cx="-2" cy="-11" a="0" width="1012" height="16"/>
  <staticskin x="417.5" y="265" cx="413" cy="145" a="0" width="9" height="240"/>
  <staticskin x="364.5" y="117.5" cx="360" cy="-2" a="0" width="9" height="239"/>
  <staticredskin x="275.5" y="381.5" cx="41" cy="377" a="0" width="469" height="9"/>
  <staticskin x="576" y="68" cx="494" cy="65" a="0" width="164" height="6"/>
  <staticskin x="661.5" y="65" cx="658" cy="47" a="0" width="7" height="36"/>
  <staticskin x="747.5" y="464.5" cx="761" cy="1" a="90" width="927" height="27"/>
  <staticskin x="549" y="118.5" cx="489" cy="116" a="0" width="120" height="5"/>
  <staticskin x="687" y="117.5" cx="638" cy="115" a="0" width="98" height="5"/>
</scene>