<scene width="740" height="380">
  <timer time="180"/>
  <creator id="1346338"/>
  <bg id="4"/>
  <tree x="540" y="293" a="0" width="78.35" height="100"/>
  <tree x="204" y="296" a="0" width="78.35" height="100"/>
  <tree x="526" y="192" a="0" width="78.35" height="100"/>
  <tree2 x="635" y="131" a="0" width="84.85" height="100"/>
  <tree2 x="630" y="334" a="0" width="84.85" height="100"/>
  <tree2 x="299" y="330" a="0" width="84.85" height="100"/>
  <tree2 x="283" y="122" a="0" width="84.85" height="100"/>
  <flowers2 x="685" y="316" a="0" width="60" height="33.45"/>
  <flowers2 x="153" y="347" a="0" width="60" height="33.45"/>
  <flowers1 x="478" y="298" a="0" width="60" height="58.2"/>
  <flowers1 x="479" y="355" a="0" width="60" height="58.2"/>
  <bush x="48" y="251" a="0" width="59.4" height="32.3"/>
  <bush x="344" y="230" a="0" width="59.4" height="32.3"/>
  <bush x="82" y="364" a="0" width="59.4" height="32.3"/>
  <stone x="404" y="312" a="0" width="31.25" height="22.9"/>
  <stone x="346" y="331" a="0" width="31.25" height="22.9"/>
  <stone x="438" y="184" a="0" width="31.25" height="22.9"/>
  <heavyboxskin x="531" y="332" a="0" width="41" height="22"/>
  <heavyboxskin x="562" y="332" a="0" width="41" height="22"/>
  <heavyboxskin x="542" y="347" a="0" width="41" height="22"/>
  <littlemouse x="483" y="292" a="0" width="37.35" height="34.3"/>
  <staticredskin x="413" y="314" cx="171" cy="311" a="0" width="484" height="6"/>
  <staticskin x="50.5" y="334.5" cx="23" cy="328" a="0" width="55" height="13"/>
  <staticskin x="9" y="228.5" cx="0" cy="127" a="0" width="18" height="203"/>
  <cheeseskin x="22" y="104" a="0" width="27.05" height="22"/>
  <staticskin x="296" y="177" cx="218" cy="132" a="0" width="156" height="90"/>
  <minkskin x="394" y="130" a="0" width="36" height="27"/>
  <springboardskin x="101" y="300" a="0" width="51" height="10.95"/>
  <ballskin x="384" y="84" a="0" width="23.8" height="26.05"/>
  <ballskin x="549" y="214" a="0" width="23.8" height="26.05"/>
  <lpointer x="423" y="116" a="0" width="40" height="33.7"/>
  <rpointer x="347" y="112" a="0" width="40" height="33.7"/>
  <ballskin x="449" y="239" a="0" width="23.8" height="26.05"/>
  <ballskin x="525" y="91" a="0" width="23.8" height="26.05"/>
  <ballskin x="202" y="39" a="0" width="23.8" height="26.05"/>
  <ballskin x="95" y="179" a="0" width="23.8" height="26.05"/>
  <cactus x="688" y="243" a="0" width="20" height="42.55"/>
  <cactus x="117" y="290" a="0" width="20" height="42.55"/>
  <cactus x="436" y="354" a="0" width="20" height="42.55"/>
  <carrierhorizontal x="570" y="401" linewidth="300" lineheight="20" boxwidth="50" boxheight="20"/>
  <staticskin x="377.5" y="42" cx="17" cy="33" a="0" width="721" height="18"/>
  <springboardskin x="192" y="390" a="0" width="51" height="10.95"/>
  <springboardskin x="49" y="259" a="0" width="51" height="10.95"/>
  <staticskin x="405.5" y="155" cx="375" cy="144" a="0" width="61" height="22"/>
</scene>