<scene width="740" height="380">
  <timer time="120"/>
  <creator id="2588884"/>
  <bg id="2"/>
  <boxskin x="523" y="353" a="0" width="50" height="50"/>
  <boxskin x="602" y="352" a="0" width="50" height="50"/>
  <boxskin x="692" y="350" a="0" width="50" height="50"/>
  <heavyboxskin x="152" y="338" a="0" width="41.05" height="22"/>
  <heavyboxskin x="67" y="339" a="0" width="41.05" height="22"/>
  <heavyboxskin x="240" y="337" a="0" width="41.05" height="22"/>
  <heavyboxskin x="322" y="339" a="0" width="41.05" height="22"/>
  <heavyboxskin x="401" y="335" a="0" width="41.05" height="22"/>
  <heavyboxskin x="482" y="334" a="0" width="41.05" height="22"/>
  <heavyboxskin x="563" y="338" a="0" width="41.05" height="22"/>
  <heavyboxskin x="646" y="335" a="0" width="41.05" height="22"/>
  <cheeseskin x="684" y="312" a="0" width="27.05" height="22"/>
  <littlemouse x="109" y="314" a="0" width="37.35" height="34.3"/>
  <boxskin x="25" y="353" a="0" width="50" height="50"/>
  <boxskin x="107" y="351" a="0" width="50" height="50"/>
  <minkskin x="24" y="314" a="0" width="36" height="27"/>
  <boxskin x="197" y="353" a="0" width="50" height="50"/>
  <boxskin x="282" y="354" a="0" width="50" height="50"/>
  <boxskin x="358" y="352" a="0" width="50" height="50"/>
  <boxskin x="442" y="353" a="0" width="50" height="50"/>
</scene>