<scene width="740" height="380">
  <timer time="60"/>
  <creator id="2860774"/>
  <bg id="11"/>
  <staticredskin x="12.5" y="144" cx="9" cy="134" a="0" width="7" height="20"/>
  <staticredskin x="34" y="144" cx="30" cy="133" a="0" width="8" height="22"/>
  <staticblueskin x="23" y="143.5" cx="19" cy="140" a="0" width="8" height="7"/>
  <staticblueskin x="22.5" y="94.5" cx="16" cy="67" a="0" width="13" height="55"/>
  <staticblueskin x="613.5" y="247" cx="563" cy="229" a="0" width="101" height="36"/>
  <staticredskin x="612.5" y="236" cx="560" cy="226" a="0" width="105" height="20"/>
  <staticskin x="555" y="233.5" cx="547" cy="202" a="0" width="16" height="63"/>
  <staticskin x="670.5" y="225.5" cx="664" cy="187" a="0" width="13" height="77"/>
  <springboardskin x="640" y="220" a="0" width="51" height="10.95"/>
  <minkskin x="621" y="32" a="0" width="36" height="27"/>
  <staticblueskin x="667.5" y="52.5" cx="598" cy="48" a="0" width="139" height="9"/>
  <staticblueskin x="693" y="31.5" cx="655" cy="16" a="0" width="76" height="31"/>
  <tree x="644" y="0" a="0" width="78.35" height="100"/>
  <heavyboxskin x="587" y="208" a="0" width="41" height="22"/>
  <cactus x="600" y="355" a="0" width="20" height="42.55"/>
  <tree2 x="140" y="318" a="0" width="84.85" height="100"/>
  <ballskin x="85" y="295" a="0" width="23.8" height="26.05"/>
  <ballskin x="135" y="284" a="0" width="23.8" height="26.05"/>
  <ballskin x="209" y="289" a="0" width="23.8" height="26.05"/>
  <staticskin x="461.5" y="288" cx="450" cy="281" a="0" width="23" height="14"/>
  <staticskin x="435.5" y="298.5" cx="424" cy="290" a="0" width="23" height="17"/>
  <staticskin x="405" y="313" cx="392" cy="304" a="0" width="26" height="18"/>
  <staticskin x="376" y="324.5" cx="365" cy="315" a="0" width="22" height="19"/>
  <staticskin x="347.5" y="333.5" cx="335" cy="326" a="0" width="25" height="15"/>
  <boxskin x="514" y="349" a="0" width="50" height="50"/>
  <staticblueskin x="310.5" y="149" cx="301" cy="142" a="0" width="19" height="14"/>
  <staticskin x="292.5" y="158" cx="285" cy="150" a="0" width="15" height="16"/>
  <staticskin x="511" y="379" cx="277" cy="373" a="0" width="468" height="12"/>
  <staticblueskin x="244" y="56.5" cx="-5" cy="46" a="0" width="498" height="21"/>
  <staticblueskin x="536.5" y="137" cx="325" cy="126" a="0" width="423" height="22"/>
  <staticblueskin x="239" y="216.5" cx="-3" cy="205" a="0" width="484" height="23"/>
  <staticblueskin x="616" y="279" cx="477" cy="266" a="0" width="278" height="26"/>
  <staticredskin x="16" y="303.5" cx="12" cy="230" a="0" width="8" height="147"/>
  <staticskin x="513.5" y="66.5" cx="497" cy="61" a="0" width="33" height="11"/>
  <staticskin x="536.5" y="77" cx="514" cy="73" a="0" width="45" height="8"/>
  <staticredskin x="148.5" y="376" cx="21" cy="371" a="0" width="255" height="10"/>
  <cheeseskin x="22" y="181" a="0" width="27.05" height="22"/>
  <cheeseskin x="662" y="355" a="0" width="27.05" height="22"/>
  <cheeseskin x="51" y="341" a="0" width="27.05" height="22"/>
  <littlemouse x="120" y="29" a="0" width="37.35" height="34.3"/>
  <staticskin x="68.5" y="190" cx="57" cy="177" a="0" width="23" height="26"/>
  <staticskin x="173" y="192" cx="161" cy="178" a="0" width="24" height="28"/>
  <staticskin x="180" y="165" cx="176" cy="152" a="0" width="8" height="26"/>
  <staticskin x="62" y="161.5" cx="58" cy="147" a="0" width="8" height="29"/>
  <staticblueskin x="122" y="182" cx="91" cy="158" a="0" width="62" height="48"/>
  <staticredskin x="122" y="174.5" cx="91" cy="157" a="0" width="62" height="35"/>
  <staticredskin x="73.5" y="174.5" cx="67" cy="172" a="0" width="13" height="5"/>
  <staticredskin x="170.5" y="175.5" cx="163" cy="173" a="0" width="15" height="5"/>
  <staticredskin x="23" y="129" cx="17" cy="118" a="0" width="12" height="22"/>
</scene>