<scene width="740" height="380">
  <timer time="180"/>
  <creator id="3024606"/>
  <bg id="4"/>
  <cheeseskin x="302" y="162" a="0" width="27.05" height="22"/>
  <rpointer x="130" y="283" a="0" width="40" height="33.7"/>
  <littlemouse x="132" y="285" a="0" width="37.35" height="34.3"/>
  <carriervertical x="629" y="396" linewidth="50" lineheight="200" boxwidth="50" boxheight="20"/>
  <springboardskin x="303" y="266" a="0" width="51" height="10.95"/>
  <minkskin x="301" y="121" a="0" width="36" height="27"/>
  <tree2 x="66" y="232" a="0" width="84.85" height="100"/>
  <cheeseskin x="309" y="228" a="0" width="27.05" height="22"/>
  <bush x="429" y="410" a="0" width="59.4" height="32.3"/>
  <carriervertical x="641" y="395" linewidth="50" lineheight="200" boxwidth="50" boxheight="20"/>
  <springboardskin x="211" y="307" a="0" width="51" height="10.95"/>
  <carriervertical x="134" y="306" linewidth="50" lineheight="50" boxwidth="50" boxheight="20"/>
</scene>