<scene width="740" height="380">
  <timer time="80"/>
  <creator id="2077144"/>
  <bg id="12"/>
  <staticblueskin x="1.5" y="351" cx="-1" cy="86" a="0" width="5" height="530"/>
  <staticblueskin x="-49.125" y="411.175" cx="83" cy="332" a="60" width="5" height="308"/>
  <staticblueskin x="126.07499999999999" y="217.725" cx="167" cy="98" a="20" width="5" height="253"/>
  <littlemouse x="62" y="289" a="0" width="37.35" height="34.3"/>
  <cheeseskin x="22" y="62" a="0" width="27.05" height="22"/>
  <minkskin x="195" y="131" a="0" width="36" height="27"/>
  <staticblueskin x="385" y="93.5" cx="364" cy="91" a="0" width="42" height="5"/>
  <staticblueskin x="541" y="176.5" cx="466" cy="174" a="0" width="150" height="5"/>
  <staticblueskin x="533" y="148" cx="465" cy="145" a="0" width="136" height="6"/>
  <staticblueskin x="526" y="124.5" cx="466" cy="122" a="0" width="120" height="5"/>
  <staticblueskin x="521" y="252.5" cx="366" cy="250" a="0" width="310" height="5"/>
  <staticblueskin x="674" y="169.5" cx="671" cy="85" a="0" width="6" height="169"/>
  <staticblueskin x="528.5" y="51.5" cx="426" cy="49" a="0" width="205" height="5"/>
  <staticblueskin x="428" y="-67" cx="425" cy="-187" a="0" width="6" height="240"/>
  <staticblueskin x="627.5" y="-92" cx="624" cy="-238" a="0" width="7" height="292"/>
  <staticblueskin x="529" y="-74" cx="426" cy="-150" a="0" width="206" height="152"/>
  <staticblueskin x="467" y="129.5" cx="464" cy="54" a="0" width="6" height="151"/>
  <staticblueskin x="598" y="87.5" cx="518" cy="85" a="0" width="160" height="5"/>
  <staticblueskin x="546" y="201.5" cx="465" cy="199" a="0" width="162" height="5"/>
  <staticblueskin x="14" y="85.5" cx="-13" cy="83" a="0" width="54" height="5"/>
  <staticblueskin x="222.5" y="212.5" cx="220" cy="100" a="0" width="5" height="225"/>
  <staticredskin x="294.5" y="322.5" cx="220" cy="320" a="0" width="149" height="5"/>
  <staticblueskin x="366.5" y="208.5" cx="364" cy="92" a="0" width="5" height="233"/>
  <staticredskin x="295" y="-150" cx="199" cy="-302" a="0" width="192" height="304"/>
  <staticredskin x="295.5" y="130.5" cx="293" cy="-5" a="0" width="5" height="271"/>
  <ballskin x="273" y="23" a="0" width="25" height="25"/>
  <ballskin x="315" y="24" a="0" width="25" height="25"/>
  <staticblueskin x="4.5" y="325" cx="0" cy="322" a="0" width="9" height="6"/>
  <staticblueskin x="838" y="125.5" cx="723" cy="123" a="0" width="230" height="5"/>
  <staticblueskin x="835.5" y="209.5" cx="718" cy="207" a="0" width="235" height="5"/>
  <staticblueskin x="978" y="331.5" cx="709" cy="329" a="0" width="538" height="5"/>
  <staticskin x="539" y="354.5" cx="517" cy="352" a="0" width="44" height="5"/>
  <staticskin x="442" y="332.5" cx="419" cy="330" a="0" width="46" height="5"/>
  <staticskin x="626" y="450.5" cx="603" cy="376" a="0" width="46" height="149"/>
  <carrierhorizontal x="168" y="382" linewidth="300" lineheight="20" boxwidth="50" boxheight="20"/>
  <staticredskin x="141.5" y="396.5" cx="133" cy="375" a="0" width="17" height="43"/>
  <ballskin x="447" y="31" a="0" width="25" height="25"/>
  <ballskin x="476" y="31" a="0" width="25" height="25"/>
  <ballskin x="505" y="33" a="0" width="25" height="25"/>
  <ballskin x="533" y="33" a="0" width="25" height="25"/>
  <ballskin x="562" y="34" a="0" width="25" height="25"/>
  <ballskin x="589" y="35" a="0" width="25" height="25"/>
  <ballskin x="613" y="35" a="0" width="25" height="25"/>
  <staticredskin x="7" y="413" cx="4" cy="326" a="0" width="6" height="174"/>
  <staticblueskin x="196" y="100.5" cx="167" cy="98" a="0" width="58" height="5"/>
  <staticblueskin x="213.5" y="202.5" cx="204" cy="200" a="0" width="19" height="5"/>
  <staticskin x="750.5" y="213.5" cx="718" cy="211" a="0" width="65" height="5"/>
  <staticredskin x="372.5" y="174.5" cx="370" cy="94" a="0" width="5" height="161"/>
  <staticskin x="840.5" y="130.5" cx="723" cy="128" a="0" width="235" height="5"/>
  <staticskin x="766" y="336.5" cx="709" cy="334" a="0" width="114" height="5"/>
  <rpointer x="232" y="404" a="0" width="40" height="33.7"/>
  <lpointer x="284" y="409" a="0" width="40" height="33.7"/>
  <rpointer x="245" y="410" a="0" width="40" height="33.7"/>
  <staticblueskin x="-5" y="15" cx="-14" cy="-77" a="0" width="18" height="184"/>
  <staticblueskin x="9" y="-13" cx="-155" cy="-29" a="0" width="328" height="32"/>
</scene>