<scene width="740" height="380">
  <timer time="60"/>
  <creator id="3000673"/>
  <bg id="8"/>
  <bush x="37" y="18" a="0" width="59.4" height="32.3"/>
  <bush x="14" y="4" a="0" width="59.4" height="32.3"/>
  <bush x="9" y="17" a="0" width="59.4" height="32.3"/>
  <bush x="24" y="22" a="0" width="59.4" height="32.3"/>
  <minkskin x="614" y="333" a="0" width="36" height="27"/>
  <groundred x="125.6" y="323.525" cx="122" cy="293" a="0" width="7.2" height="61.05"/>
  <groundred x="217.575" y="318" cx="215" cy="284" a="0" width="5.15" height="68"/>
  <groundred x="328.175" y="322.5" cx="324" cy="288" a="0" width="8.35" height="69"/>
  <staticredskin x="395.5" y="319" cx="389" cy="278" a="0" width="13" height="82"/>
  <carrierhorizontal x="248" y="74" linewidth="300" lineheight="20" boxwidth="50" boxheight="20"/>
  <ground x="109.575" y="108.525" cx="100" cy="96" a="0" width="19.15" height="25.05"/>
  <ground x="59.025" y="69.525" cx="45" cy="59" a="0" width="28.05" height="21.05"/>
  <littlemouse x="31" y="160" a="0" width="37.35" height="34.3"/>
  <staticblueskin x="362" y="367.5" cx="-1" cy="355" a="0" width="726" height="25"/>
  <staticskin x="559.5" y="324" cx="538" cy="300" a="0" width="43" height="48"/>
  <staticskin x="612" y="278.5" cx="580" cy="255" a="0" width="64" height="47"/>
  <staticskin x="684.5" y="234" cx="651" cy="206" a="0" width="67" height="56"/>
  <staticskin x="568.5" y="181.5" cx="553" cy="167" a="0" width="31" height="29"/>
  <staticblueskin x="283.5" y="128" cx="18" cy="121" a="0" width="531" height="14"/>
  <staticblueskin x="554" y="133" cx="551" cy="97" a="0" width="6" height="72"/>
  <staticblueskin x="58" y="219" cx="50" cy="140" a="0" width="16" height="158"/>
  <cheeseskin x="17" y="17" a="0" width="27.05" height="22"/>
</scene>