<scene width="740" height="380">
  <timer time="120"/>
  <creator id="1983930"/>
  <bg id="1"/>
  <carrierhorizontal x="609" y="402" linewidth="300" lineheight="20" boxwidth="50" boxheight="20"/>
  <carriervertical x="120" y="174" linewidth="50" lineheight="200" boxwidth="50" boxheight="20"/>
  <carrierhorizontal x="570" y="407" linewidth="300" lineheight="20" boxwidth="50" boxheight="20"/>
  <staticskin x="395.5" y="380.5" cx="2" cy="377" a="0" width="787" height="7"/>
  <carrierhorizontal x="288" y="248" linewidth="300" lineheight="20" boxwidth="50" boxheight="20"/>
  <carriervertical x="532" y="36" linewidth="50" lineheight="200" boxwidth="50" boxheight="20"/>
  <carriervertical x="258" y="172" linewidth="50" lineheight="200" boxwidth="50" boxheight="20"/>
  <carriervertical x="186" y="113" linewidth="50" lineheight="200" boxwidth="50" boxheight="20"/>
  <minkskin x="624" y="44" a="0" width="36" height="27"/>
  <littlemouse x="181" y="83" a="0" width="37.35" height="34.3"/>
  <cheeseskin x="412" y="182" a="0" width="27.05" height="22"/>
</scene>