<scene width="740" height="380">
  <timer time="120"/>
  <creator id="2610192"/>
  <bg id="4"/>
  <tree2 x="554" y="149" a="0" width="84.85" height="100"/>
  <tree x="411" y="290" a="0" width="78.35" height="100"/>
  <bush x="24" y="363" a="0" width="59.4" height="32.3"/>
  <tree2 x="718" y="306" a="0" width="84.85" height="100"/>
  <ground x="690.5" y="368.5" cx="645" cy="356" a="0" width="91" height="25"/>
  <carriervertical x="569" y="198" linewidth="50" lineheight="200" boxwidth="50" boxheight="20"/>
  <carrierhorizontal x="220" y="213" linewidth="300" lineheight="20" boxwidth="50" boxheight="20"/>
  <ground x="191" y="215.025" cx="163" cy="202" a="0" width="56" height="26.05"/>
  <ground x="137.5" y="183" cx="128" cy="155" a="0" width="19" height="56"/>
  <ground x="89.5" y="152" cx="78" cy="117" a="0" width="23" height="70"/>
  <ground x="48.55" y="130" cx="41" cy="92" a="0" width="15.1" height="76"/>
  <littlemouse x="692" y="338" a="0" width="37.35" height="34.3"/>
  <ground x="16.525" y="76" cx="-2" cy="69" a="0" width="37.05" height="14"/>
  <minkskin x="10" y="50" a="0" width="36" height="27"/>
  <ground x="457.5" y="355" cx="410" cy="342" a="0" width="95" height="26"/>
  <cheeseskin x="460" y="322" a="0" width="27.05" height="22"/>
  <springboardskin x="646" y="408" a="0" width="51" height="10.95"/>
  <lpointer x="664" y="332" a="0" width="40" height="33.7"/>
  <rpointer x="488" y="322" a="0" width="40" height="33.7"/>
  <flowers1 x="189" y="197" a="0" width="60" height="58.2"/>
</scene>