<scene width="740" height="380">
  <timer time="80"/>
  <creator id="2793596"/>
  <bg id="9"/>
  <staticskin x="358.5" y="312" cx="321" cy="306" a="0" width="75" height="12"/>
  <staticblueskin x="460" y="147.5" cx="432" cy="142" a="0" width="56" height="11"/>
  <staticblueskin x="689.5" y="143" cx="658" cy="137" a="0" width="63" height="12"/>
  <staticblueskin x="597" y="145" cx="548" cy="138" a="0" width="98" height="14"/>
  <staticblueskin x="337" y="155.5" cx="293" cy="149" a="0" width="88" height="13"/>
  <staticblueskin x="226" y="197" cx="192" cy="194" a="0" width="68" height="6"/>
  <staticblueskin x="133.5" y="230" cx="105" cy="224" a="0" width="57" height="12"/>
  <carrierhorizontal x="7" y="308" linewidth="300" lineheight="20" boxwidth="50" boxheight="20"/>
  <staticblueskin x="80.5" y="232.5" cx="65" cy="227" a="0" width="31" height="11"/>
  <staticskin x="593.5" y="310.5" cx="547" cy="307" a="0" width="93" height="7"/>
  <littlemouse x="39" y="35" a="0" width="37.35" height="34.3"/>
  <staticskin x="715.5" y="301.5" cx="682" cy="295" a="0" width="67" height="13"/>
  <minkskin x="29" y="352" a="0" width="36" height="27"/>
  <cheeseskin x="704" y="284" a="0" width="27.05" height="22"/>
  <staticskin x="344" y="229" cx="306" cy="223" a="0" width="76" height="12"/>
  <staticskin x="455" y="239" cx="415" cy="235" a="0" width="80" height="8"/>
  <staticskin x="566.5" y="234.5" cx="528" cy="231" a="0" width="77" height="7"/>
  <staticskin x="637" y="227.5" cx="626" cy="221" a="0" width="22" height="13"/>
  <staticskin x="706.5" y="226.5" cx="679" cy="222" a="0" width="55" height="9"/>
  <cheeseskin x="686" y="200" a="0" width="27.05" height="22"/>
  <staticskin x="355.5" y="58.5" cx="15" cy="53" a="0" width="681" height="11"/>
  <staticskin x="94" y="50" cx="88" cy="45" a="0" width="12" height="10"/>
  <staticskin x="175" y="50.5" cx="171" cy="48" a="0" width="8" height="5"/>
  <staticskin x="246" y="51" cx="242" cy="47" a="0" width="8" height="8"/>
  <staticskin x="345" y="52" cx="338" cy="48" a="0" width="14" height="8"/>
  <staticskin x="430.5" y="47.5" cx="422" cy="43" a="0" width="17" height="9"/>
  <staticskin x="505.5" y="50" cx="497" cy="47" a="0" width="17" height="6"/>
  <staticskin x="561.5" y="52" cx="551" cy="48" a="0" width="21" height="8"/>
  <staticskin x="643.5" y="52" cx="632" cy="45" a="0" width="23" height="14"/>
  <staticskin x="730" y="117.5" cx="724" cy="99" a="0" width="12" height="37"/>
  <staticskin x="454" y="311.5" cx="413" cy="305" a="0" width="82" height="13"/>
</scene>