<scene width="740" height="380">
  <timer time="80"/>
  <creator id="2517173"/>
  <bg id="4"/>
  <groundred x="511.5" y="253.1" cx="481" cy="249" a="0" width="62" height="9.2"/>
  <groundred x="539.5" y="218.5" cx="535" cy="180" a="0" width="10" height="78"/>
  <cheeseskin x="506" y="229" a="0" width="27.05" height="22"/>
  <heavyboxskin x="36" y="285" a="0" width="41.05" height="22"/>
  <stone x="143" y="394" a="0" width="31.25" height="22.9"/>
  <bush x="264" y="245" a="0" width="59.4" height="32.3"/>
  <staticredskin x="499.5" y="131" cx="460" cy="121" a="0" width="79" height="20"/>
  <springboardskin x="537" y="40" a="0" width="51" height="10.95"/>
  <springboardskin x="587" y="40" a="0" width="51" height="10.95"/>
  <springboardskin x="639" y="42" a="0" width="51" height="10.95"/>
  <ballskin x="158" y="244" a="0" width="25" height="25"/>
  <ballskin x="118" y="189" a="0" width="25" height="25"/>
  <ground x="354" y="248.05" cx="334" cy="243" a="0" width="40" height="10.1"/>
  <ground x="313.05" y="197.5" cx="310" cy="151" a="0" width="6.1" height="93"/>
  <springboardskin x="401" y="246" a="0" width="51" height="10.95"/>
  <groundblue x="342.625" y="172" cx="315" cy="167" a="0" width="56.25" height="11"/>
  <ground x="436.05" y="172.5" cx="431" cy="75" a="0" width="10.1" height="195"/>
  <groundred x="198" y="264" cx="84" cy="259" a="0" width="229" height="11"/>
  <staticskin x="131.5" y="306.5" cx="-10" cy="301" a="0" width="283" height="11"/>
  <ground x="371" y="233.5" cx="367" cy="213" a="0" width="8" height="41"/>
  <ground x="92.525" y="140" cx="86" cy="34" a="0" width="13.05" height="212"/>
  <groundblue x="245.05" y="140.5" cx="241" cy="35" a="0" width="9.1" height="212"/>
  <ground x="202.6" y="202" cx="199" cy="159" a="0" width="7.2" height="86"/>
  <rpointer x="279" y="405" a="0" width="40" height="33.7"/>
  <rpointer x="295" y="402" a="0" width="40" height="33.7"/>
  <rpointer x="191" y="283" a="0" width="40" height="33.7"/>
  <lpointer x="244" y="408" a="0" width="40" height="33.7"/>
  <lpointer x="244" y="408" a="0" width="40" height="33.7"/>
  <lpointer x="244" y="408" a="0" width="40" height="33.7"/>
  <lpointer x="343" y="227" a="0" width="40" height="33.7"/>
  <ground x="321.5" y="349.25" cx="287" cy="343" a="0" width="69" height="12.5"/>
  <ground x="425" y="371.575" cx="389" cy="367" a="0" width="72" height="9.15"/>
  <ground x="538" y="336" cx="498" cy="332" a="0" width="80" height="8"/>
  <ground x="137.05" y="132" cx="132" cy="29" a="0" width="10.1" height="206"/>
  <groundred x="3" y="167.5" cx="-11" cy="-10" a="0" width="29" height="356"/>
  <staticredskin x="619.5" y="314" cx="605" cy="306" a="0" width="29" height="16"/>
  <staticskin x="697" y="222.5" cx="653" cy="215" a="0" width="88" height="15"/>
  <carrierhorizontal x="402" y="144" linewidth="300" lineheight="20" boxwidth="50" boxheight="20"/>
  <staticblueskin x="736" y="173.5" cx="732" cy="-33" a="0" width="8" height="413"/>
  <staticskin x="212.5" y="43.5" cx="184" cy="38" a="0" width="57" height="11"/>
  <tree2 x="401" y="80" a="0" width="84.85" height="100"/>
  <flowers2 x="550" y="409" a="0" width="60" height="33.45"/>
  <littlemouse x="353" y="226" a="0" width="37.35" height="34.3"/>
  <cheeseskin x="87" y="329" a="0" width="27.05" height="22"/>
  <staticskin x="167" y="380" cx="49" cy="375" a="0" width="236" height="10"/>
  <staticskin x="716.5" y="175.5" cx="702" cy="167" a="0" width="29" height="17"/>
  <staticskin x="617" y="140" cx="573" cy="134" a="0" width="88" height="12"/>
  <staticskin x="572.5" y="46.5" cx="533" cy="43" a="0" width="79" height="7"/>
  <staticskin x="679.5" y="47" cx="626" cy="44" a="0" width="107" height="6"/>
  <minkskin x="714" y="26" a="0" width="36" height="27"/>
  <ballskin x="258" y="340" a="0" width="25" height="25"/>
  <ballskin x="112" y="356" a="0" width="25" height="25"/>
  <ballskin x="187" y="366" a="0" width="25" height="25"/>
  <groundred x="474.55" y="236.5" cx="469" cy="214" a="0" width="12.1" height="46"/>
</scene>