<scene width="740" height="380">
  <timer time="60"/>
  <creator id="2982743"/>
  <bg id="9"/>
  <staticblueskin x="469" y="360.5" cx="464" cy="352" a="0" width="10" height="17"/>
  <groundblue x="43.025" y="218" cx="34" cy="149" a="0" width="19.05" height="139"/>
  <staticblueskin x="199.5" y="177.5" cx="149" cy="172" a="0" width="101" height="11"/>
  <staticblueskin x="243.5" y="153.5" cx="236" cy="135" a="0" width="15" height="37"/>
  <groundblue x="271.5" y="131.05" cx="233" cy="125" a="0" width="78" height="13.1"/>
  <groundblue x="302.025" y="112.5" cx="293" cy="94" a="0" width="19.05" height="38"/>
  <groundblue x="354.5" y="99" cx="293" cy="94" a="0" width="124" height="11"/>
  <groundblue x="473" y="77.075" cx="407" cy="72" a="0" width="133" height="11.15"/>
  <groundblue x="634" y="66.55" cx="529" cy="60" a="0" width="211" height="14.1"/>
  <groundblue x="551.55" y="53.55" cx="544" cy="47" a="0" width="16.1" height="14.1"/>
  <groundblue x="330.55" y="87.5" cx="324" cy="81" a="0" width="14.1" height="14"/>
  <groundblue x="87.5" y="112.5" cx="-1" cy="104" a="0" width="178" height="18"/>
  <flowers1 x="378" y="291" a="0" width="60" height="58.2"/>
  <cheeseskin x="17" y="93" a="0" width="27.05" height="22"/>
  <flowers1 x="32" y="91" a="0" width="60" height="58.2"/>
  <bush x="255" y="357" a="0" width="59.4" height="32.3"/>
  <cactus x="556" y="412" a="0" width="20" height="42.55"/>
  <flowers2 x="713" y="342" a="0" width="60" height="33.45"/>
  <flowers1 x="715" y="168" a="0" width="60" height="58.2"/>
  <groundblue x="608.725" y="14" cx="601" cy="3" a="0" width="16.45" height="23"/>
  <groundblue x="658.05" y="53.5" cx="652" cy="47" a="0" width="13.1" height="14"/>
  <minkskin x="699" y="45" a="0" width="36" height="27"/>
  <tree x="32" y="294" a="0" width="78.35" height="100"/>
  <cactus x="307" y="280" a="0" width="20" height="42.55"/>
  <groundblue x="44" y="356" cx="2" cy="344" a="0" width="85" height="25"/>
  <staticblueskin x="256" y="370.5" cx="38" cy="363" a="0" width="436" height="15"/>
  <staticblueskin x="667" y="368" cx="595" cy="360" a="0" width="144" height="16"/>
  <stone x="403" y="409" a="0" width="31.25" height="22.9"/>
  <stone x="104" y="352" a="0" width="31.25" height="22.9"/>
  <staticblueskin x="666" y="310.5" cx="635" cy="299" a="0" width="62" height="23"/>
  <staticblueskin x="128.5" y="217.5" cx="89" cy="210" a="0" width="79" height="15"/>
  <staticblueskin x="630.5" y="259" cx="627" cy="197" a="0" width="7" height="124"/>
  <littlemouse x="78" y="326" a="0" width="37.35" height="34.3"/>
  <groundblue x="641.05" y="254" cx="634" cy="247" a="0" width="15.1" height="15"/>
  <carrierhorizontal x="503" y="208" linewidth="300" lineheight="20" boxwidth="50" boxheight="20"/>
  <staticblueskin x="452" y="213" cx="401" cy="210" a="0" width="102" height="6"/>
  <staticblueskin x="402.5" y="258" cx="400" cy="211" a="0" width="5" height="94"/>
  <groundblue x="307.5" y="308" cx="216" cy="304" a="0" width="184" height="9"/>
  <groundblue x="145" y="281.05" cx="51" cy="274" a="0" width="189" height="15.1"/>
  <groundblue x="378.5" y="280" cx="355" cy="276" a="0" width="48" height="9"/>
  <cheeseskin x="505" y="367" a="0" width="27.05" height="22"/>
  <groundblue x="324.575" y="254.5" cx="319" cy="206" a="0" width="12.15" height="98"/>
  <rpointer x="633" y="178" a="0" width="40" height="33.7"/>
  <groundblue x="713" y="197.025" cx="675" cy="184" a="0" width="77" height="27.05"/>
</scene>