<scene width="740" height="380">
  <timer time="60"/>
  <creator id="325439"/>
  <bg id="5"/>
  <groundred x="275.5" y="-3.5" cx="1" cy="-21" a="0" width="550" height="36"/>
  <boxskin x="11" y="39" a="0" width="50" height="50"/>
  <staticblueskin x="551.5" y="5.5" cx="311" cy="-1" a="0" width="481" height="13"/>
  <ground x="716.5" y="75.5" cx="695" cy="15" a="0" width="43" height="121"/>
  <littlemouse x="492" y="350" a="0" width="37.35" height="34.3"/>
  <ballskin x="349" y="345" a="0" width="23.8" height="26.05"/>
  <ballskin x="587" y="326" a="0" width="23.8" height="26.05"/>
  <ballskin x="505" y="185" a="0" width="23.8" height="26.05"/>
  <boxskin x="647" y="235" a="0" width="50" height="50"/>
  <ballskin x="276" y="224" a="0" width="23.8" height="26.05"/>
  <staticredskin x="431.5" y="369.5" cx="123" cy="360" a="0" width="617" height="19"/>
  <staticblueskin x="415.5" y="243" cx="410" cy="127" a="0" width="11" height="232"/>
  <springboardskin x="58" y="363" a="0" width="51" height="10.95"/>
  <ground x="11.5" y="222.5" cx="2" cy="65" a="0" width="19" height="315"/>
  <minkskin x="78" y="58" a="0" width="36" height="27"/>
  <groundblue x="717.5" y="201" cx="697" cy="44" a="0" width="42" height="315"/>
  <springboardskin x="153" y="282" a="0" width="51" height="10.95"/>
  <cheeseskin x="671" y="36" a="0" width="27.05" height="22"/>
  <springboardskin x="70" y="181" a="0" width="51" height="10.95"/>
  <flowers1 x="383" y="345" a="0" width="60" height="58.2"/>
  <tree2 x="466" y="310" a="0" width="84.85" height="100"/>
  <cheeseskin x="257" y="51" a="0" width="27.05" height="22"/>
</scene>