<scene width="740" height="380">
  <timer time="60"/>
  <creator id="2263400"/>
  <bg id="1"/>
  <ballskin x="566" y="52" a="0" width="25" height="25"/>
  <ballskin x="642" y="197" a="0" width="25" height="25"/>
  <ballskin x="191" y="118" a="0" width="25" height="25"/>
  <littlemouse x="25" y="352" a="0" width="37.35" height="34.3"/>
  <heavyboxskin x="151" y="203" a="0" width="41.05" height="22"/>
  <groundred x="597.25" y="8.8" cx="464" cy="5" a="0" width="267.5" height="8.6"/>
  <ballskin x="699" y="34" a="0" width="25" height="25"/>
  <staticblueskin x="334" y="373" cx="-3" cy="367" a="0" width="674" height="12"/>
  <springboardskin x="705" y="369" a="0" width="51" height="10.95"/>
  <staticblueskin x="329.5" y="308.5" cx="7" cy="300" a="0" width="645" height="17"/>
  <staticblueskin x="399.5" y="226" cx="58" cy="215" a="0" width="683" height="22"/>
  <springboardskin x="33" y="291" a="0" width="51" height="10.95"/>
  <minkskin x="21" y="353" a="0" width="36" height="27"/>
  <cheeseskin x="709" y="27" a="0" width="27.05" height="22"/>
  <lpointer x="307" y="348" a="0" width="40" height="33.7"/>
  <rpointer x="345" y="191" a="0" width="40" height="33.7"/>
  <springboardskin x="458" y="84" a="0" width="51" height="10.95"/>
  <springboardskin x="573" y="180" a="0" width="51" height="10.95"/>
  <springboardskin x="708" y="85" a="0" width="51" height="10.95"/>
  <staticblueskin x="80.5" y="68.5" cx="0" cy="57" a="0" width="161" height="23"/>
  <cheeseskin x="41" y="43" a="0" width="27.05" height="22"/>
  <cheeseskin x="76" y="44" a="0" width="27.05" height="22"/>
  <cheeseskin x="112" y="46" a="0" width="27.05" height="22"/>
  <springboardskin x="250" y="208" a="0" width="51" height="10.95"/>
  <flowers2 x="707" y="40" a="0" width="60" height="33.45"/>
  <flowers2 x="35" y="43" a="0" width="60" height="33.45"/>
  <flowers2 x="74" y="43" a="0" width="60" height="33.45"/>
  <flowers2 x="112" y="44" a="0" width="60" height="33.45"/>
  <ballskin x="363" y="278" a="0" width="25" height="25"/>
  <ballskin x="381" y="343" a="0" width="25" height="25"/>
  <ballskin x="495" y="170" a="0" width="25" height="25"/>
  <ballskin x="341" y="102" a="0" width="25" height="25"/>
  <ballskin x="608" y="46" a="0" width="25" height="25"/>
  <ballskin x="35" y="153" a="0" width="25" height="25"/>
  <ballskin x="711" y="289" a="0" width="25" height="25"/>
  <ballskin x="207" y="32" a="0" width="25" height="25"/>
  <ballskin x="691" y="145" a="0" width="25" height="25"/>
  <ballskin x="467" y="341" a="0" width="25" height="25"/>
  <ballskin x="332" y="347" a="0" width="25" height="25"/>
  <ballskin x="303" y="331" a="0" width="25" height="25"/>
  <ballskin x="501" y="336" a="0" width="25" height="25"/>
  <ballskin x="431" y="354" a="0" width="25" height="25"/>
  <stone x="614" y="291" a="0" width="31.25" height="22.9"/>
  <ballskin x="66" y="342" a="0" width="25" height="25"/>
  <ballskin x="106" y="343" a="0" width="25" height="25"/>
  <ballskin x="137" y="353" a="0" width="25" height="25"/>
  <ballskin x="237" y="264" a="0" width="25" height="25"/>
  <ballskin x="124" y="267" a="0" width="25" height="25"/>
  <ballskin x="283" y="268" a="0" width="25" height="25"/>
  <ballskin x="169" y="285" a="0" width="25" height="25"/>
  <ballskin x="475" y="269" a="0" width="25" height="25"/>
  <ballskin x="411" y="266" a="0" width="25" height="25"/>
  <ballskin x="545" y="262" a="0" width="25" height="25"/>
  <ballskin x="612" y="266" a="0" width="25" height="25"/>
  <ballskin x="282" y="154" a="0" width="25" height="25"/>
  <ballskin x="392" y="55" a="0" width="25" height="25"/>
  <ballskin x="432" y="195" a="0" width="25" height="25"/>
  <ballskin x="96" y="127" a="0" width="25" height="25"/>
  <ballskin x="609" y="110" a="0" width="25" height="25"/>
</scene>