<scene width="740" height="380">
  <timer time="60"/>
  <creator id="2731176"/>
  <bg id="12"/>
  <staticskin x="163" y="197" cx="118" cy="182" a="0" width="90" height="30"/>
  <staticskin x="133" y="241" cx="90" cy="223" a="0" width="86" height="36"/>
  <staticskin x="386" y="350.5" cx="44" cy="330" a="0" width="684" height="41"/>
  <staticredskin x="42.5" y="300.5" cx="35" cy="280" a="0" width="15" height="41"/>
  <staticskin x="56" y="298" cx="53" cy="277" a="0" width="6" height="42"/>
  <staticskin x="74.5" y="313.5" cx="63" cy="303" a="0" width="23" height="21"/>
  <littlemouse x="44" y="60" a="0" width="37.35" height="34.3"/>
  <springboardskin x="285" y="308" a="0" width="51" height="10.95"/>
  <springboardskin x="375" y="268" a="0" width="51" height="10.95"/>
  <springboardskin x="437" y="245" a="0" width="51" height="10.95"/>
  <springboardskin x="509" y="201" a="0" width="51" height="10.95"/>
  <minkskin x="564" y="80" a="0" width="36" height="27"/>
  <staticskin x="129" y="87.5" cx="32" cy="79" a="0" width="194" height="17"/>
  <staticredskin x="252" y="130.5" cx="245" cy="119" a="0" width="14" height="23"/>
  <staticskin x="195.5" y="161" cx="154" cy="147" a="0" width="83" height="28"/>
  <staticblueskin x="218.5" y="122.5" cx="207" cy="100" a="0" width="23" height="45"/>
  <cheeseskin x="171" y="121" a="0" width="27.05" height="22"/>
</scene>