<scene width="740" height="380">
  <timer time="80"/>
  <creator id="2996407"/>
  <bg id="7"/>
  <groundred x="271.525" y="206" cx="251" cy="196" a="0" width="42.05" height="21"/>
  <staticredskin x="211" y="49.5" cx="152" cy="45" a="0" width="118" height="9"/>
  <staticredskin x="34.5" y="137" cx="29" cy="49" a="0" width="11" height="176"/>
  <staticredskin x="96.5" y="151" cx="36" cy="141" a="0" width="121" height="20"/>
  <cheeseskin x="60" y="69" a="0" width="27.05" height="22"/>
  <cheeseskin x="58" y="178" a="0" width="27.05" height="22"/>
  <cheeseskin x="60" y="123" a="0" width="27.05" height="22"/>
  <cheeseskin x="117" y="124" a="0" width="27.05" height="22"/>
  <staticblueskin x="97.5" y="217.5" cx="41" cy="208" a="0" width="113" height="19"/>
  <staticredskin x="97" y="49" cx="25" cy="42" a="0" width="144" height="14"/>
  <ground x="178.5" y="320.5" cx="16" cy="309" a="0" width="325" height="23"/>
  <stone x="38" y="298" a="0" width="31.25" height="22.9"/>
  <tree x="50" y="264" a="0" width="78.35" height="100"/>
  <tree2 x="82" y="265" a="0" width="84.85" height="100"/>
  <bush x="121" y="295" a="0" width="59.4" height="32.3"/>
  <flowers1 x="164" y="292" a="0" width="60" height="58.2"/>
  <flowers2 x="201" y="297" a="0" width="60" height="33.45"/>
  <cactus x="232" y="288" a="0" width="20" height="42.55"/>
  <boxskin x="649" y="376" a="0" width="50" height="50"/>
  <heavyboxskin x="646" y="337" a="0" width="41.05" height="22"/>
  <littlemouse x="402" y="133" a="0" width="37.35" height="34.3"/>
  <lpointer x="289" y="148" a="0" width="40" height="33.7"/>
  <carriervertical x="190" y="236" linewidth="50" lineheight="200" boxwidth="50" boxheight="20"/>
  <carrierhorizontal x="604" y="402" linewidth="300" lineheight="20" boxwidth="50" boxheight="20"/>
  <carriervertical x="629" y="392" linewidth="50" lineheight="200" boxwidth="50" boxheight="20"/>
  <carriervertical x="627" y="392" linewidth="50" lineheight="200" boxwidth="50" boxheight="20"/>
  <carriervertical x="190" y="256" linewidth="50" lineheight="200" boxwidth="50" boxheight="20"/>
  <groundblue x="364" y="352" cx="142" cy="319" a="0" width="445" height="67"/>
  <carrierhorizontal x="573" y="214" linewidth="300" lineheight="20" boxwidth="50" boxheight="20"/>
  <carriervertical x="190" y="216" linewidth="50" lineheight="200" boxwidth="50" boxheight="20"/>
  <groundred x="726" y="340.5" cx="700" cy="318" a="0" width="53" height="46"/>
  <groundred x="555.5" y="37" cx="533" cy="15" a="0" width="46" height="45"/>
  <ballskin x="552" y="91" a="0" width="25" height="25"/>
  <minkskin x="676" y="46" a="0" width="36" height="27"/>
  <staticredskin x="676" y="200" cx="650" cy="174" a="0" width="52" height="52"/>
  <staticblueskin x="464.5" y="289" cx="424" cy="259" a="0" width="81" height="60"/>
  <staticskin x="535.5" y="249.5" cx="512" cy="228" a="0" width="47" height="43"/>
  <springboardskin x="551" y="110" a="0" width="51" height="10.95"/>
  <carrierhorizontal x="546" y="194" linewidth="300" lineheight="20" boxwidth="50" boxheight="20"/>
</scene>