<scene width="740" height="380">
  <timer time="60"/>
  <creator id="2470888"/>
  <bg id="11"/>
  <carriervertical x="728" y="290" linewidth="50" lineheight="200" boxwidth="50" boxheight="20"/>
  <staticskin x="10" y="356.5" cx="7" cy="337" a="0" width="6" height="39"/>
  <staticskin x="388" y="400.5" cx="-9" cy="368" a="0" width="794" height="65"/>
  <boxskin x="348" y="341" a="0" width="50" height="50"/>
  <boxskin x="398" y="341" a="0" width="50" height="50"/>
  <boxskin x="350" y="291" a="0" width="50" height="50"/>
  <boxskin x="399" y="291" a="0" width="50" height="50"/>
  <springboardskin x="292" y="363" a="0" width="51" height="10.95"/>
  <springboardskin x="457" y="363" a="0" width="51" height="10.95"/>
  <littlemouse x="41" y="325" a="0" width="37.35" height="34.3"/>
  <cheeseskin x="398" y="200" a="0" width="27.05" height="22"/>
  <cheeseskin x="376" y="203" a="0" width="27.05" height="22"/>
  <minkskin x="716" y="276" a="0" width="36" height="27"/>
  <springboardskin x="642" y="362" a="0" width="51" height="10.95"/>
</scene>