<scene width="740" height="380">
  <timer time="40"/>
  <creator id="2685851"/>
  <bg id="2"/>
  <ballskin x="62" y="229" a="0" width="25" height="25"/>
  <ballskin x="113" y="207" a="0" width="25" height="25"/>
  <ballskin x="40" y="206" a="0" width="25" height="25"/>
  <ballskin x="15" y="208" a="0" width="25" height="25"/>
  <ballskin x="85" y="230" a="0" width="25" height="25"/>
  <ballskin x="89" y="207" a="0" width="25" height="25"/>
  <ballskin x="110" y="230" a="0" width="25" height="25"/>
  <staticskin x="345.5" y="248.5" cx="302" cy="242" a="0" width="87" height="13"/>
  <staticskin x="389.5" y="224.5" cx="382" cy="194" a="0" width="15" height="61"/>
  <staticblueskin x="517.5" y="173.5" cx="442" cy="168" a="0" width="151" height="11"/>
  <cheeseskin x="551" y="88" a="0" width="27.05" height="22"/>
  <staticredskin x="552" y="165.5" cx="533" cy="162" a="0" width="38" height="7"/>
  <staticskin x="369.5" y="374.5" cx="2" cy="369" a="0" width="735" height="11"/>
  <staticredskin x="218.5" y="368.5" cx="176" cy="364" a="0" width="85" height="9"/>
  <bush x="30" y="353" a="0" width="59.4" height="32.3"/>
  <minkskin x="695" y="356" a="0" width="36" height="27"/>
  <littlemouse x="45" y="353" a="0" width="37.35" height="34.3"/>
  <staticredskin x="263.5" y="326.5" cx="259" cy="281" a="0" width="9" height="91"/>
  <staticredskin x="294" y="369" cx="268" cy="365" a="0" width="52" height="8"/>
  <boxskin x="447" y="344" a="0" width="50" height="50"/>
  <ballskin x="65" y="206" a="0" width="25" height="25"/>
  <ballskin x="15" y="227" a="0" width="25" height="25"/>
  <ballskin x="37" y="229" a="0" width="25" height="25"/>
</scene>