<scene width="740" height="380">
  <timer time="60"/>
  <creator id="2964047"/>
  <bg id="3"/>
  <littlemouse x="361" y="54" a="0" width="37.35" height="34.3"/>
  <staticredskin x="594.5" y="167" cx="551" cy="162" a="0" width="87" height="10"/>
  <staticblueskin x="683.5" y="221.5" cx="643" cy="214" a="0" width="81" height="15"/>
  <staticblueskin x="166" y="146" cx="122" cy="142" a="0" width="88" height="8"/>
  <staticblueskin x="88" y="203" cx="36" cy="199" a="0" width="104" height="8"/>
  <staticblueskin x="618" y="327" cx="596" cy="323" a="0" width="44" height="8"/>
  <groundblue x="374.5" y="373.525" cx="11" cy="367" a="0" width="728" height="14.05"/>
  <groundblue x="10.55" y="252.5" cx="4" cy="127" a="0" width="14.1" height="252"/>
  <groundblue x="10.55" y="76" cx="4" cy="-1" a="0" width="14.1" height="155"/>
  <groundblue x="735.05" y="195" cx="727" cy="21" a="0" width="17.1" height="349"/>
  <staticblueskin x="368" y="112.5" cx="198" cy="105" a="0" width="340" height="15"/>
  <minkskin x="363" y="90" a="0" width="36" height="27"/>
  <flowers2 x="323" y="408" a="0" width="60" height="33.45"/>
  <bush x="363" y="80" a="0" width="59.4" height="32.3"/>
  <bush x="430" y="90" a="0" width="59.4" height="32.3"/>
  <bush x="286" y="88" a="0" width="59.4" height="32.3"/>
  <staticblueskin x="118.5" y="282" cx="23" cy="277" a="0" width="191" height="10"/>
  <staticblueskin x="418" y="276.5" cx="247" cy="268" a="0" width="342" height="17"/>
  <staticblueskin x="684.5" y="268.5" cx="641" cy="260" a="0" width="87" height="17"/>
  <staticblueskin x="118" y="293.5" cx="111" cy="220" a="0" width="14" height="147"/>
  <staticblueskin x="216.5" y="296" cx="213" cy="228" a="0" width="7" height="136"/>
  <staticblueskin x="404.5" y="307" cx="399" cy="222" a="0" width="11" height="170"/>
  <staticblueskin x="507" y="309" cx="499" cy="249" a="0" width="16" height="120"/>
  <staticblueskin x="640.5" y="296" cx="637" cy="221" a="0" width="7" height="150"/>
  <cheeseskin x="452" y="334" a="0" width="27.05" height="22"/>
  <cheeseskin x="553" y="335" a="0" width="27.05" height="22"/>
  <cheeseskin x="711" y="339" a="0" width="27.05" height="22"/>
  <cheeseskin x="361" y="349" a="0" width="27.05" height="22"/>
  <cheeseskin x="183" y="329" a="0" width="27.05" height="22"/>
  <cheeseskin x="76" y="341" a="0" width="27.05" height="22"/>
</scene>