<scene width="740" height="380">
  <timer time="60"/>
  <creator id="2690100"/>
  <bg id="0"/>
  <minkskin x="226" y="59" a="0" width="36" height="27"/>
  <springboardskin x="206" y="139" a="0" width="51" height="10.95"/>
  <staticskin x="533.5" y="335.5" cx="296" cy="245" a="0" width="475" height="181"/>
  <cactus x="367" y="407" a="0" width="20" height="42.55"/>
  <rpointer x="262" y="412" a="0" width="40" height="33.7"/>
  <lpointer x="669" y="223" a="0" width="40" height="33.7"/>
  <littlemouse x="715" y="228" a="0" width="37.35" height="34.3"/>
  <cheeseskin x="52" y="221" a="0" width="27.05" height="22"/>
  <staticblueskin x="348.5" y="153.5" cx="343" cy="63" a="0" width="11" height="181"/>
  <staticredskin x="438.5" y="234" cx="379" cy="223" a="0" width="119" height="22"/>
  <springboardskin x="61" y="260" a="0" width="51" height="10.95"/>
  <springboardskin x="13" y="262" a="0" width="51" height="10.95"/>
</scene>