<scene width="740" height="380">
  <timer time="60"/>
  <creator id="2835071"/>
  <bg id="1"/>
  <carrierhorizontal x="-1" y="371" linewidth="300" lineheight="20" boxwidth="50" boxheight="20"/>
  <ground x="92.5" y="348" cx="-10" cy="311" a="0" width="205" height="74"/>
  <ground x="233" y="375.025" cx="190" cy="361" a="0" width="86" height="28.05"/>
  <groundred x="528.5" y="372" cx="314" cy="362" a="0" width="429" height="20"/>
  <tree x="203" y="313" a="0" width="78.35" height="100"/>
  <ballskin x="428" y="355" a="0" width="25" height="25"/>
  <ballskin x="482" y="355" a="0" width="25" height="25"/>
  <springboardskin x="623" y="339" a="0" width="51" height="10.95"/>
  <cheeseskin x="631" y="106" a="0" width="27.05" height="22"/>
  <staticredskin x="27.5" y="307.5" cx="17" cy="299" a="0" width="21" height="17"/>
  <cheeseskin x="294" y="368" a="0" width="27.05" height="22"/>
  <carriervertical x="138" y="296" linewidth="50" lineheight="200" boxwidth="50" boxheight="20"/>
  <heavyboxskin x="253" y="349" a="0" width="41.05" height="22"/>
  <bush x="66" y="300" a="0" width="59.4" height="32.3"/>
  <rpointer x="95" y="302" a="0" width="40" height="33.7"/>
  <littlemouse x="31" y="288" a="0" width="37.35" height="34.3"/>
  <minkskin x="35" y="62" a="0" width="36" height="27"/>
  <boxskin x="621" y="339" a="0" width="50" height="50"/>
  <boxskin x="620" y="292" a="0" width="50" height="50"/>
  <staticredskin x="630" y="259" cx="619" cy="253" a="0" width="22" height="12"/>
  <staticredskin x="625.5" y="257" cx="611" cy="250" a="0" width="29" height="14"/>
  <groundblue x="572.5" y="252" cx="397" cy="139" a="0" width="351" height="226"/>
  <springboardskin x="370" y="358" a="0" width="51" height="10.95"/>
  <springboardskin x="372" y="339" a="0" width="51" height="10.95"/>
  <groundblue x="487" y="127.5" cx="464" cy="108" a="0" width="46" height="39"/>
</scene>