<scene width="740" height="380">
  <timer time="60"/>
  <creator id="433784"/>
  <bg id="0"/>
  <cactus x="424" y="404" a="0" width="20" height="42.55"/>
  <staticblueskin x="220" y="329.5" cx="200" cy="326" a="0" width="40" height="7"/>
  <staticblueskin x="139.225" y="284.7" cx="121" cy="275" a="-55" width="5" height="41"/>
  <staticblueskin x="68.375" y="236.45" cx="51" cy="229" a="11" width="37" height="8"/>
  <staticblueskin x="190" y="193.5" cx="140" cy="189" a="0" width="100" height="9"/>
  <staticblueskin x="567.9749999999999" y="30.525000000000006" cx="506" cy="-48" a="50" width="200" height="6"/>
  <staticblueskin x="407" y="-1.5" cx="278" cy="-5" a="0" width="258" height="7"/>
  <staticblueskin x="754.5" y="301" cx="730" cy="181" a="0" width="49" height="240"/>
  <staticredskin x="725.5" y="297" cx="720" cy="184" a="0" width="11" height="226"/>
  <cheeseskin x="517" y="39" a="0" width="27.05" height="22"/>
  <minkskin x="261" y="356" a="0" width="36" height="27"/>
  <littlemouse x="77" y="349" a="0" width="37.35" height="34.3"/>
  <cheeseskin x="487" y="81" a="0" width="27.05" height="22"/>
  <staticblueskin x="30.5" y="155" cx="-10" cy="151" a="0" width="81" height="8"/>
  <staticredskin x="2.5" y="102" cx="-1" cy="45" a="0" width="7" height="114"/>
  <staticblueskin x="25.5" y="119.5" cx="-3" cy="115" a="0" width="57" height="9"/>
  <rpointer x="240" y="88" a="0" width="40" height="33.7"/>
  <ballskin x="221" y="314" a="0" width="25" height="25"/>
  <ballskin x="127" y="255" a="0" width="25" height="25"/>
  <staticblueskin x="123" y="385" cx="-205" cy="371" a="0" width="656" height="28"/>
  <staticblueskin x="238.5" y="296.5" cx="236" cy="106" a="0" width="5" height="381"/>
  <tree2 x="405" y="320" a="0" width="84.85" height="100"/>
</scene>