<scene width="740" height="380">
  <timer time="80"/>
  <creator id="2263096"/>
  <bg id="4"/>
  <carrierhorizontal x="89" y="130" linewidth="300" lineheight="20" boxwidth="50" boxheight="20"/>
  <carrierhorizontal x="144" y="194" linewidth="300" lineheight="20" boxwidth="50" boxheight="20"/>
  <carrierhorizontal x="233" y="258" linewidth="300" lineheight="20" boxwidth="50" boxheight="20"/>
  <carrierhorizontal x="345" y="309" linewidth="300" lineheight="20" boxwidth="50" boxheight="20"/>
  <carrierhorizontal x="443" y="346" linewidth="300" lineheight="20" boxwidth="50" boxheight="20"/>
  <cheeseskin x="534" y="305" a="0" width="27.05" height="22"/>
  <carriervertical x="682" y="133" linewidth="50" lineheight="200" boxwidth="50" boxheight="20"/>
  <littlemouse x="106" y="105" a="0" width="37.35" height="34.3"/>
  <minkskin x="679" y="102" a="0" width="36" height="27"/>
</scene>