<scene width="740" height="380">
  <timer time="60"/>
  <creator id="325439"/>
  <bg id="3"/>
  <staticredskin x="337.5" y="222" cx="103" cy="198" a="0" width="469" height="48"/>
  <carrierhorizontal x="210" y="178" linewidth="300" lineheight="20" boxwidth="50" boxheight="20"/>
  <carriervertical x="39" y="130" linewidth="50" lineheight="200" boxwidth="50" boxheight="20"/>
  <littlemouse x="271" y="337" a="0" width="37.35" height="34.3"/>
  <staticskin x="90" y="0" cx="12" cy="-8" a="0" width="156" height="16"/>
  <staticskin x="7.5" y="115" cx="4" cy="-25" a="0" width="7" height="280"/>
  <ballskin x="141" y="174" a="0" width="23.8" height="26.05"/>
  <heavyboxskin x="178" y="186" a="0" width="41" height="22"/>
  <carrierhorizontal x="302" y="266" linewidth="300" lineheight="20" boxwidth="50" boxheight="20"/>
  <cheeseskin x="676" y="63" a="0" width="27.05" height="22"/>
  <staticskin x="461" y="156.5" cx="182" cy="-2" a="0" width="558" height="317"/>
  <staticblueskin x="479" y="135.5" cx="464" cy="27" a="0" width="30" height="217"/>
  <staticblueskin x="422" y="368.5" cx="99" cy="355" a="0" width="646" height="27"/>
  <minkskin x="681" y="342" a="0" width="36" height="27"/>
  <springboardskin x="71" y="358" a="0" width="51" height="10.95"/>
  <springboardskin x="19" y="357" a="0" width="51" height="10.95"/>
  <cheeseskin x="166" y="19" a="0" width="27.05" height="22"/>
</scene>