<scene width="740" height="380">
  <timer time="180"/>
  <creator id="2962044"/>
  <bg id="3"/>
  <cheeseskin x="258" y="77" a="0" width="27.05" height="22"/>
  <springboardskin x="177" y="299" a="0" width="51" height="10.95"/>
  <springboardskin x="255" y="197" a="0" width="51" height="10.95"/>
  <springboardskin x="354" y="315" a="0" width="51" height="10.95"/>
  <springboardskin x="465" y="277" a="0" width="51" height="10.95"/>
  <minkskin x="463" y="182" a="0" width="36" height="27"/>
  <littlemouse x="89" y="326" a="0" width="37.35" height="34.3"/>
  <springboardskin x="99" y="358" a="0" width="51" height="10.95"/>
</scene>