<scene width="740" height="380">
  <timer time="60"/>
  <creator id="2630293"/>
  <bg id="4"/>
  <cheeseskin x="693" y="275" a="0" width="27.05" height="22"/>
  <flowers2 x="691" y="277" a="0" width="60" height="33.45"/>
  <littlemouse x="97" y="74" a="0" width="37.35" height="34.3"/>
  <staticblueskin x="121" y="98.5" cx="74" cy="92" a="0" width="94" height="13"/>
  <staticredskin x="61.5" y="76.5" cx="46" cy="46" a="0" width="31" height="61"/>
  <staticblueskin x="656.5" y="297" cx="569" cy="292" a="0" width="175" height="10"/>
  <carriervertical x="591" y="398" linewidth="50" lineheight="200" boxwidth="50" boxheight="20"/>
  <carrierhorizontal x="506" y="361" linewidth="300" lineheight="20" boxwidth="50" boxheight="20"/>
  <minkskin x="685" y="324" a="0" width="36" height="27"/>
</scene>