<scene width="740" height="380">
  <timer time="60"/>
  <creator id="2744976"/>
  <bg id="11"/>
  <springboardskin x="508" y="248" a="0" width="51" height="10.95"/>
  <springboardskin x="641" y="258" a="0" width="51" height="10.95"/>
  <springboardskin x="14" y="115" a="0" width="51" height="10.95"/>
  <springboardskin x="168" y="121" a="0" width="51" height="10.95"/>
  <springboardskin x="293" y="125" a="0" width="51" height="10.95"/>
  <springboardskin x="442" y="126" a="0" width="51" height="10.95"/>
  <springboardskin x="576" y="121" a="0" width="51" height="10.95"/>
  <springboardskin x="712" y="129" a="0" width="51" height="10.95"/>
  <minkskin x="707" y="82" a="0" width="36" height="27"/>
  <cheeseskin x="492" y="327" a="0" width="27.05" height="22"/>
  <littlemouse x="14" y="84" a="0" width="37.35" height="34.3"/>
  <springboardskin x="29" y="337" a="0" width="51" height="10.95"/>
  <springboardskin x="174" y="336" a="0" width="51" height="10.95"/>
  <springboardskin x="322" y="336" a="0" width="51" height="10.95"/>
  <springboardskin x="463" y="338" a="0" width="51" height="10.95"/>
  <springboardskin x="581" y="338" a="0" width="51" height="10.95"/>
  <springboardskin x="697" y="341" a="0" width="51" height="10.95"/>
  <springboardskin x="101" y="264" a="0" width="51" height="10.95"/>
  <springboardskin x="254" y="252" a="0" width="51" height="10.95"/>
  <springboardskin x="381" y="231" a="0" width="51" height="10.95"/>
</scene>