<scene width="740" height="380">
  <timer time="60"/>
  <creator id="2889595"/>
  <bg id="1"/>
  <staticblueskin x="385.5" y="123.5" cx="279" cy="120" a="0" width="213" height="7"/>
  <littlemouse x="653" y="56" a="0" width="37.35" height="34.3"/>
  <cheeseskin x="216" y="76" a="0" width="27.05" height="22"/>
  <minkskin x="550" y="143" a="0" width="36" height="27"/>
  <staticblueskin x="219" y="222.5" cx="179" cy="108" a="0" width="80" height="229"/>
  <staticblueskin x="661" y="219.5" cx="617" cy="102" a="0" width="88" height="235"/>
  <staticredskin x="285" y="231.5" cx="240" cy="129" a="0" width="90" height="205"/>
  <rpointer x="485" y="104" a="0" width="40" height="33.7"/>
  <lpointer x="622" y="80" a="0" width="40" height="33.7"/>
</scene>