<scene width="740" height="380">
  <timer time="60"/>
  <creator id="2931562"/>
  <bg id="7"/>
  <ballskin x="237" y="47" a="0" width="23.8" height="26.05"/>
  <rpointer x="169" y="123" a="0" width="40" height="33.7"/>
  <rpointer x="243" y="408" a="0" width="40" height="33.7"/>
  <stone x="481" y="130" a="0" width="31.25" height="22.9"/>
  <tree2 x="508" y="92" a="0" width="84.85" height="100"/>
  <minkskin x="725" y="341" a="0" width="36" height="27"/>
  <staticskin x="38" y="345.5" cx="12" cy="342" a="0" width="52" height="7"/>
  <littlemouse x="29" y="326" a="0" width="37.35" height="34.3"/>
  <staticblueskin x="161.5" y="319" cx="108" cy="315" a="0" width="107" height="8"/>
  <staticskin x="385" y="273.5" cx="165" cy="142" a="0" width="440" height="263"/>
  <staticblueskin x="52" y="279.5" cx="11" cy="276" a="0" width="82" height="7"/>
  <staticblueskin x="131" y="238" cx="100" cy="233" a="0" width="62" height="10"/>
  <staticblueskin x="49.5" y="190.5" cx="10" cy="186" a="0" width="79" height="9"/>
  <staticblueskin x="126" y="147" cx="90" cy="142" a="0" width="72" height="10"/>
  <staticredskin x="86" y="364" cx="11" cy="348" a="0" width="150" height="32"/>
  <staticskin x="668.5" y="374.5" cx="599" cy="367" a="0" width="139" height="15"/>
  <staticblueskin x="288" y="77" cx="193" cy="62" a="0" width="190" height="30"/>
  <staticredskin x="215.5" y="139" cx="212" cy="136" a="0" width="7" height="6"/>
  <staticredskin x="299" y="139" cx="219" cy="135" a="0" width="160" height="8"/>
  <ballskin x="103" y="337" a="0" width="23.8" height="26.05"/>
  <heavyboxskin x="272" y="213" a="0" width="41" height="22"/>
  <ballskin x="254" y="270" a="0" width="23.8" height="26.05"/>
  <ballskin x="267" y="286" a="0" width="23.8" height="26.05"/>
  <ballskin x="283" y="297" a="0" width="23.8" height="26.05"/>
  <staticblueskin x="693" y="324.5" cx="651" cy="322" a="0" width="84" height="5"/>
  <ballskin x="308" y="304" a="0" width="23.8" height="26.05"/>
  <ballskin x="339" y="304" a="0" width="23.8" height="26.05"/>
  <ballskin x="364" y="299" a="0" width="23.8" height="26.05"/>
  <ballskin x="392" y="278" a="0" width="23.8" height="26.05"/>
  <ballskin x="402" y="241" a="0" width="23.8" height="26.05"/>
  <heavyboxskin x="337" y="197" a="0" width="41" height="22"/>
  <staticredskin x="201.5" y="118" cx="187" cy="91" a="0" width="29" height="54"/>
  <staticredskin x="8" y="116" cx="-2" cy="96" a="0" width="20" height="40"/>
  <staticblueskin x="446" y="113" cx="426" cy="85" a="0" width="40" height="56"/>
  <staticredskin x="419" y="124" cx="412" cy="106" a="0" width="14" height="36"/>
  <ballskin x="74" y="327" a="0" width="23.8" height="26.05"/>
  <ballskin x="135" y="335" a="0" width="23.8" height="26.05"/>
  <ballskin x="121" y="357" a="0" width="23.8" height="26.05"/>
  <springboardskin x="618" y="364" a="0" width="51" height="10.95"/>
  <springboardskin x="669" y="363" a="0" width="51" height="10.95"/>
  <springboardskin x="722" y="363" a="0" width="51" height="10.95"/>
  <cheeseskin x="232" y="117" a="0" width="27.05" height="22"/>
  <staticredskin x="332.5" y="96.5" cx="282" cy="94" a="0" width="101" height="5"/>
  <springboardskin x="662" y="322" a="0" width="51" height="10.95"/>
  <staticredskin x="253" y="95.5" cx="222" cy="92" a="0" width="62" height="7"/>
  <ballskin x="288" y="49" a="0" width="23.8" height="26.05"/>
  <ballskin x="326" y="48" a="0" width="23.8" height="26.05"/>
</scene>