<scene width="740" height="380">
  <timer time="80"/>
  <creator id="1130679"/>
  <bg id="3"/>
  <staticblueskin x="394.5" y="379.5" cx="49" cy="330" a="0" width="691" height="99"/>
  <staticskin x="18.5" y="345" cx="-14" cy="310" a="0" width="65" height="70"/>
  <springboardskin x="524" y="318" a="0" width="51" height="10.95"/>
  <springboardskin x="646" y="252" a="0" width="51" height="10.95"/>
  <springboardskin x="524" y="182" a="0" width="51" height="10.95"/>
  <staticskin x="250.5" y="89.5" cx="2" cy="79" a="0" width="497" height="21"/>
  <ground x="680.5" y="267.55" cx="624" cy="260" a="0" width="113" height="15.1"/>
  <minkskin x="712" y="308" a="0" width="36" height="27"/>
  <cheeseskin x="17" y="65" a="0" width="27.05" height="22"/>
  <groundblue x="50.5" y="58.5" cx="38" cy="39" a="0" width="25" height="39"/>
  <boxskin x="281" y="305" a="0" width="50" height="50"/>
  <ballskin x="348" y="70" a="4" width="25" height="25"/>
  <ballskin x="178" y="316" a="0" width="25" height="25"/>
  <ballskin x="442" y="317" a="0" width="25" height="25"/>
  <littlemouse x="718" y="244" a="0" width="37.35" height="34.3"/>
</scene>