<scene width="740" height="380">
  <timer time="80"/>
  <creator id="2435688"/>
  <bg id="2"/>
  <staticredskin x="373.5" y="368.5" cx="0" cy="356" a="0" width="747" height="25"/>
  <staticredskin x="375" y="67" cx="44" cy="59" a="0" width="662" height="16"/>
  <staticskin x="374.5" y="51" cx="69" cy="45" a="0" width="611" height="12"/>
  <heavyboxskin x="62" y="50" a="0" width="41" height="22"/>
  <heavyboxskin x="692" y="48" a="0" width="41" height="22"/>
  <minkskin x="375" y="7" a="0" width="36" height="27"/>
  <littlemouse x="375" y="29" a="0" width="37.35" height="34.3"/>
  <rpointer x="497" y="26" a="0" width="40" height="33.7"/>
  <lpointer x="247" y="27" a="0" width="40" height="33.7"/>
  <bush x="298" y="28" a="0" width="59.4" height="32.3"/>
  <bush x="454" y="29" a="0" width="59.4" height="32.3"/>
  <stone x="408" y="34" a="0" width="31.25" height="22.9"/>
  <stone x="337" y="33" a="0" width="31.25" height="22.9"/>
  <flowers2 x="145" y="24" a="0" width="60" height="33.45"/>
  <flowers2 x="616" y="30" a="0" width="60" height="33.45"/>
  <ballskin x="28" y="338" a="0" width="23.8" height="26.05"/>
  <ballskin x="182" y="102" a="0" width="23.8" height="26.05"/>
  <ballskin x="140" y="100" a="0" width="23.8" height="26.05"/>
  <ballskin x="641" y="341" a="0" width="23.8" height="26.05"/>
  <ballskin x="709" y="343" a="0" width="23.8" height="26.05"/>
  <ballskin x="101" y="343" a="0" width="23.8" height="26.05"/>
  <ballskin x="548" y="335" a="0" width="23.8" height="26.05"/>
  <ballskin x="422" y="339" a="0" width="23.8" height="26.05"/>
  <ballskin x="160" y="102" a="0" width="23.8" height="26.05"/>
  <ballskin x="475" y="340" a="0" width="23.8" height="26.05"/>
  <ballskin x="275" y="338" a="0" width="23.8" height="26.05"/>
  <ballskin x="175" y="342" a="0" width="23.8" height="26.05"/>
  <ballskin x="57" y="98" a="0" width="23.8" height="26.05"/>
  <ballskin x="363" y="335" a="0" width="23.8" height="26.05"/>
  <ballskin x="116" y="103" a="0" width="23.8" height="26.05"/>
  <ballskin x="83" y="102" a="0" width="23.8" height="26.05"/>
  <tree x="139" y="304" a="0" width="78.35" height="100"/>
  <tree x="584" y="304" a="0" width="78.35" height="100"/>
  <ballskin x="232" y="103" a="0" width="23.8" height="26.05"/>
  <ballskin x="207" y="100" a="0" width="23.8" height="26.05"/>
  <ballskin x="257" y="105" a="0" width="23.8" height="26.05"/>
  <ballskin x="426" y="107" a="0" width="23.8" height="26.05"/>
  <ballskin x="451" y="103" a="0" width="23.8" height="26.05"/>
  <ballskin x="498" y="110" a="0" width="23.8" height="26.05"/>
  <ballskin x="476" y="102" a="0" width="23.8" height="26.05"/>
  <ballskin x="524" y="115" a="0" width="23.8" height="26.05"/>
  <ballskin x="547" y="115" a="0" width="23.8" height="26.05"/>
  <ballskin x="571" y="114" a="0" width="23.8" height="26.05"/>
  <ballskin x="593" y="109" a="0" width="23.8" height="26.05"/>
  <ballskin x="615" y="111" a="0" width="23.8" height="26.05"/>
  <ballskin x="641" y="112" a="0" width="23.8" height="26.05"/>
  <ballskin x="666" y="105" a="0" width="23.8" height="26.05"/>
  <ballskin x="693" y="108" a="0" width="23.8" height="26.05"/>
  <cheeseskin x="388" y="161" a="0" width="27.05" height="22"/>
  <ballskin x="118" y="210" a="0" width="23.8" height="26.05"/>
  <ballskin x="285" y="205" a="0" width="23.8" height="26.05"/>
  <ballskin x="454" y="210" a="0" width="23.8" height="26.05"/>
  <ballskin x="634" y="214" a="0" width="23.8" height="26.05"/>
  <ballskin x="212" y="157" a="0" width="23.8" height="26.05"/>
  <ballskin x="213" y="274" a="0" width="23.8" height="26.05"/>
  <ballskin x="554" y="152" a="0" width="23.8" height="26.05"/>
  <ballskin x="537" y="271" a="0" width="23.8" height="26.05"/>
  <ballskin x="375" y="207" a="0" width="23.8" height="26.05"/>
  <heavyboxskin x="536" y="215" a="0" width="41" height="22"/>
  <heavyboxskin x="200" y="217" a="0" width="41" height="22"/>
</scene>