<scene width="740" height="380">
  <timer time="40"/>
  <creator id="2936245"/>
  <bg id="3"/>
  <staticblueskin x="12.5" y="370.5" cx="3" cy="363" a="0" width="19" height="15"/>
  <springboardskin x="712" y="356" a="0" width="51" height="10.95"/>
  <staticblueskin x="331" y="293.5" cx="1" cy="287" a="0" width="660" height="13"/>
  <staticblueskin x="213.5" y="194" cx="112" cy="188" a="0" width="203" height="12"/>
  <staticblueskin x="405" y="164" cx="321" cy="157" a="0" width="168" height="14"/>
  <staticblueskin x="608" y="128.5" cx="503" cy="124" a="0" width="210" height="9"/>
  <minkskin x="16" y="355" a="0" width="36" height="27"/>
  <littlemouse x="115" y="347" a="0" width="37.35" height="34.3"/>
  <cheeseskin x="680" y="109" a="0" width="27.05" height="22"/>
  <springboardskin x="25" y="281" a="0" width="51" height="10.95"/>
  <heavyboxskin x="234" y="352" a="0" width="41" height="22"/>
  <staticblueskin x="380.5" y="371.5" cx="23" cy="363" a="0" width="715" height="17"/>
</scene>