<scene width="740" height="380">
  <timer time="60"/>
  <creator id="2940893"/>
  <bg id="7"/>
  <staticskin x="713" y="81" cx="694" cy="75" a="0" width="38" height="12"/>
  <lpointer x="708" y="59" a="0" width="40" height="33.7"/>
  <rpointer x="460" y="233" a="0" width="40" height="33.7"/>
  <boxskin x="462" y="344" a="0" width="50" height="50"/>
  <boxskin x="512" y="344" a="0" width="50" height="50"/>
  <boxskin x="512" y="291" a="0" width="50" height="50"/>
  <boxskin x="464" y="291" a="0" width="50" height="50"/>
  <boxskin x="413" y="292" a="0" width="50" height="50"/>
  <boxskin x="561" y="347" a="0" width="50" height="50"/>
  <boxskin x="613" y="347" a="0" width="50" height="50"/>
  <boxskin x="665" y="345" a="0" width="50" height="50"/>
  <boxskin x="719" y="344" a="0" width="50" height="50"/>
  <staticskin x="20" y="377" cx="1" cy="370" a="0" width="38" height="14"/>
  <boxskin x="563" y="295" a="0" width="50" height="50"/>
  <cheeseskin x="721" y="305" a="0" width="27.05" height="22"/>
  <boxskin x="412" y="344" a="0" width="50" height="50"/>
  <littlemouse x="711" y="61" a="0" width="37.35" height="34.3"/>
  <minkskin x="328" y="33" a="0" width="36" height="27"/>
  <cheeseskin x="90" y="91" a="0" width="27.05" height="22"/>
  <staticskin x="391" y="374.5" cx="41" cy="371" a="0" width="700" height="7"/>
  <staticskin x="385" y="311.5" cx="380" cy="252" a="0" width="10" height="119"/>
  <staticskin x="300.5" y="186" cx="297" cy="46" a="0" width="7" height="280"/>
  <staticskin x="181.5" y="321" cx="64" cy="317" a="0" width="235" height="8"/>
  <staticskin x="9" y="299.5" cx="4" cy="276" a="0" width="10" height="47"/>
  <staticskin x="135.5" y="280.5" cx="15" cy="277" a="0" width="241" height="7"/>
  <staticskin x="176" y="217" cx="54" cy="212" a="0" width="244" height="10"/>
  <staticskin x="108" y="192.5" cx="91" cy="188" a="0" width="34" height="9"/>
  <staticskin x="96.5" y="104" cx="12" cy="101" a="0" width="169" height="6"/>
  <staticskin x="155" y="158.5" cx="132" cy="153" a="0" width="46" height="11"/>
  <staticskin x="232" y="142.5" cx="201" cy="139" a="0" width="62" height="7"/>
  <staticskin x="286" y="112" cx="272" cy="106" a="0" width="28" height="12"/>
  <staticskin x="227" y="63.5" cx="208" cy="59" a="0" width="38" height="9"/>
  <cactus x="278" y="191" a="0" width="20" height="42.55"/>
  <cactus x="250" y="192" a="0" width="20" height="42.55"/>
  <bush x="36" y="85" a="0" width="59.4" height="32.3"/>
  <bush x="146" y="85" a="0" width="59.4" height="32.3"/>
  <staticskin x="367.5" y="320.5" cx="355" cy="317" a="0" width="25" height="7"/>
  <staticskin x="313" y="263.5" cx="302" cy="260" a="0" width="22" height="7"/>
  <staticskin x="609" y="258" cx="445" cy="251" a="0" width="328" height="14"/>
  <staticskin x="730.5" y="191" cx="718" cy="127" a="0" width="25" height="128"/>
  <staticskin x="481.5" y="188" cx="305" cy="181" a="0" width="353" height="14"/>
  <staticskin x="567.5" y="126" cx="387" cy="116" a="0" width="361" height="20"/>
  <staticskin x="314.5" y="132" cx="304" cy="126" a="0" width="21" height="12"/>
  <staticskin x="468" y="54.5" cx="303" cy="46" a="0" width="330" height="17"/>
  <staticskin x="301" y="26.5" cx="298" cy="8" a="0" width="6" height="37"/>
  <staticskin x="303.5" y="-28" cx="297" cy="-104" a="0" width="13" height="152"/>
  <staticskin x="734" y="58.5" cx="729" cy="1" a="0" width="10" height="115"/>
</scene>