<scene width="740" height="380">
  <timer time="60"/>
  <creator id="2993408"/>
  <bg id="10"/>
  <staticblueskin x="145.5" y="123" cx="112" cy="117" a="0" width="67" height="12"/>
  <staticblueskin x="71" y="35" cx="63" cy="1" a="0" width="16" height="68"/>
  <staticblueskin x="190.5" y="41.5" cx="184" cy="-13" a="0" width="13" height="109"/>
  <staticredskin x="40.5" y="42.5" cx="18" cy="38" a="0" width="45" height="9"/>
  <flowers2 x="112" y="107" a="0" width="60" height="33.45"/>
  <cactus x="224" y="78" a="0" width="20" height="42.55"/>
  <tree2 x="467" y="163" a="0" width="84.85" height="100"/>
  <staticredskin x="648.5" y="178.5" cx="618" cy="173" a="0" width="61" height="11"/>
  <staticredskin x="647.5" y="346" cx="619" cy="343" a="0" width="57" height="6"/>
  <cheeseskin x="144" y="399" a="0" width="27.05" height="22"/>
  <cheeseskin x="113" y="34" a="0" width="27.05" height="22"/>
  <heavyboxskin x="584" y="164" a="0" width="41.05" height="22"/>
  <heavyboxskin x="587" y="177" a="0" width="41.05" height="22"/>
  <heavyboxskin x="585" y="147" a="0" width="41.05" height="22"/>
  <springboardskin x="548" y="177" a="0" width="51" height="10.95"/>
  <staticblueskin x="468.5" y="52" cx="262" cy="46" a="0" width="413" height="12"/>
  <minkskin x="706" y="42" a="0" width="36" height="27"/>
  <staticredskin x="24.150000000000002" y="131.375" cx="44" cy="148" a="140" width="9" height="51"/>
  <cheeseskin x="478" y="366" a="0" width="27.05" height="22"/>
  <cheeseskin x="182" y="365" a="0" width="27.05" height="22"/>
  <cheeseskin x="559" y="265" a="0" width="27.05" height="22"/>
  <flowers1 x="128" y="166" a="0" width="60" height="58.2"/>
  <flowers1 x="164" y="167" a="0" width="60" height="58.2"/>
  <cheeseskin x="15" y="273" a="0" width="27.05" height="22"/>
  <littlemouse x="115" y="337" a="0" width="37.35" height="34.3"/>
  <staticblueskin x="77" y="358" cx="11" cy="353" a="0" width="132" height="10"/>
  <staticskin x="166" y="341.5" cx="158" cy="336" a="0" width="16" height="11"/>
  <staticskin x="188" y="326" cx="179" cy="320" a="0" width="18" height="12"/>
  <staticblueskin x="340" y="332.5" cx="214" cy="312" a="0" width="252" height="41"/>
  <staticskin x="480" y="328.5" cx="474" cy="323" a="0" width="12" height="11"/>
  <staticskin x="506" y="349" cx="497" cy="342" a="0" width="18" height="14"/>
  <staticblueskin x="642.5" y="358.5" cx="527" cy="350" a="0" width="231" height="17"/>
  <carriervertical x="706" y="150" linewidth="50" lineheight="200" boxwidth="50" boxheight="20"/>
  <tree x="71" y="315" a="0" width="78.35" height="100"/>
  <stone x="300" y="296" a="0" width="31.25" height="22.9"/>
  <ballskin x="334" y="300" a="0" width="25" height="25"/>
  <ballskin x="357" y="301" a="0" width="25" height="25"/>
  <ballskin x="375" y="298" a="0" width="25" height="25"/>
  <heavyboxskin x="450" y="302" a="0" width="41.05" height="22"/>
  <staticredskin x="321" y="180.5" cx="247" cy="177" a="0" width="148" height="7"/>
  <staticredskin x="459" y="180" cx="451" cy="176" a="0" width="16" height="8"/>
  <staticredskin x="162.5" y="180" cx="107" cy="176" a="0" width="111" height="8"/>
  <ground x="525.5" y="282.125" cx="522" cy="279" a="0" width="7" height="6.25"/>
  <flowers1 x="576" y="270" a="0" width="60" height="58.2"/>
  <flowers2 x="541" y="270" a="0" width="60" height="33.45"/>
  <flowers1 x="552" y="257" a="0" width="60" height="58.2"/>
  <cheeseskin x="172" y="67" a="0" width="27.05" height="22"/>
  <bush x="368" y="361" a="0" width="59.4" height="32.3"/>
  <staticredskin x="523" y="274.5" cx="513" cy="264" a="0" width="20" height="21"/>
  <staticredskin x="571.5" y="285.5" cx="532" cy="280" a="0" width="79" height="11"/>
  <staticredskin x="28" y="293" cx="23" cy="263" a="0" width="10" height="60"/>
  <ballskin x="403" y="296" a="0" width="25" height="25"/>
  <ballskin x="425" y="292" a="0" width="25" height="25"/>
  <groundblue x="307.25" y="222.25" cx="-7" cy="184" a="0" width="629.5" height="77.5"/>
  <groundred x="333.25" y="106.75" cx="131" cy="98" a="0" width="405.5" height="18.5"/>
  <springboardskin x="80" y="179" a="0" width="51" height="10.95"/>
  <springboardskin x="31" y="179" a="0" width="51" height="10.95"/>
  <staticredskin x="134" y="17.5" cx="87" cy="13" a="0" width="94" height="9"/>
</scene>