<scene width="740" height="380">
  <timer time="40"/>
  <creator id="2476745"/>
  <bg id="7"/>
  <flowers2 x="497" y="414" a="0" width="60" height="33.45"/>
  <flowers1 x="161" y="328" a="0" width="60" height="58.2"/>
  <cheeseskin x="63" y="250" a="0" width="27.05" height="22"/>
  <flowers2 x="46" y="245" a="0" width="60" height="33.45"/>
  <cactus x="67" y="241" a="0" width="20" height="42.55"/>
  <springboardskin x="190" y="325" a="0" width="51" height="10.95"/>
  <carriervertical x="85" y="45" linewidth="50" lineheight="200" boxwidth="50" boxheight="20"/>
  <staticskin x="216.5" y="52" cx="141" cy="43" a="0" width="151" height="18"/>
  <staticskin x="284.5" y="98.5" cx="277" cy="61" a="0" width="15" height="75"/>
  <staticskin x="349.5" y="146" cx="276" cy="136" a="0" width="147" height="20"/>
  <minkskin x="306" y="122" a="0" width="36" height="27"/>
  <tree x="405" y="86" a="0" width="78.35" height="100"/>
  <lpointer x="394" y="118" a="0" width="40" height="33.7"/>
  <staticskin x="649.5" y="351" cx="581" cy="342" a="0" width="137" height="18"/>
  <littlemouse x="638" y="323" a="0" width="37.35" height="34.3"/>
  <tree2 x="697" y="291" a="0" width="84.85" height="100"/>
  <bush x="688" y="325" a="0" width="59.4" height="32.3"/>
  <lpointer x="668" y="325" a="0" width="40" height="33.7"/>
  <carrierhorizontal x="266" y="333" linewidth="300" lineheight="20" boxwidth="50" boxheight="20"/>
  <staticskin x="207" y="341" cx="159" cy="332" a="0" width="96" height="18"/>
  <staticskin x="89.5" y="276" cx="24" cy="262" a="0" width="131" height="28"/>
  <staticskin x="141.5" y="315.5" cx="127" cy="290" a="0" width="29" height="51"/>
</scene>