<scene width="740" height="380">
  <timer time="60"/>
  <creator id="2795834"/>
  <bg id="6"/>
  <ballskin x="146" y="325" a="0" width="23.8" height="26.05"/>
  <minkskin x="373" y="95" a="0" width="36" height="27"/>
  <springboardskin x="281" y="235" a="0" width="51" height="10.95"/>
  <springboardskin x="331" y="160" a="0" width="51" height="10.95"/>
  <littlemouse x="694" y="329" a="0" width="37.35" height="34.3"/>
  <staticblueskin x="21.5" y="337.5" cx="0" cy="317" a="0" width="43" height="41"/>
  <staticblueskin x="226.5" y="348.5" cx="47" cy="338" a="0" width="359" height="21"/>
  <flowers1 x="383" y="330" a="0" width="60" height="58.2"/>
  <staticredskin x="542.5" y="355.5" cx="409" cy="350" a="0" width="267" height="11"/>
  <cheeseskin x="380" y="258" a="0" width="27.05" height="22"/>
  <staticskin x="711.5" y="354" cx="681" cy="350" a="0" width="61" height="8"/>
  <springboardskin x="318" y="334" a="0" width="51" height="10.95"/>
  <springboardskin x="198" y="330" a="0" width="51" height="10.95"/>
  <staticredskin x="60.5" y="326.5" cx="27" cy="316" a="0" width="67" height="21"/>
  <stone x="259" y="330" a="0" width="31.25" height="22.9"/>
  <cheeseskin x="16" y="40" a="0" width="27.05" height="22"/>
  <cheeseskin x="674" y="72" a="0" width="27.05" height="22"/>
</scene>