<scene width="740" height="380">
  <timer time="60"/>
  <creator id="723174"/>
  <bg id="9"/>
  <springboardskin x="594" y="374" a="0" width="51" height="10.95"/>
  <springboardskin x="543" y="375" a="0" width="51" height="10.95"/>
  <springboardskin x="491" y="375" a="0" width="51" height="10.95"/>
  <cheeseskin x="410" y="81" a="0" width="27.05" height="22"/>
  <littlemouse x="188" y="355" a="0" width="37.35" height="34.3"/>
  <staticskin x="367.5" y="0" cx="-12" cy="-3" a="0" width="759" height="6"/>
  <staticskin x="740.5" y="218" cx="737" cy="2" a="0" width="7" height="432"/>
  <staticskin x="105.5" y="376.5" cx="-1" cy="371" a="0" width="213" height="11"/>
  <staticskin x="215" y="242" cx="212" cy="72" a="0" width="6" height="340"/>
  <staticskin x="-2.5" y="242.5" cx="-7" cy="-2" a="0" width="9" height="489"/>
  <staticskin x="130.5" y="334" cx="49" cy="330" a="0" width="163" height="8"/>
  <staticskin x="79" y="286.5" cx="-1" cy="283" a="0" width="160" height="7"/>
  <staticskin x="130" y="244.5" cx="43" cy="242" a="0" width="174" height="5"/>
  <staticskin x="79.5" y="208" cx="1" cy="205" a="0" width="157" height="6"/>
  <staticskin x="128.5" y="167" cx="42" cy="164" a="0" width="173" height="6"/>
  <staticskin x="76" y="127" cx="-2" cy="124" a="0" width="156" height="6"/>
  <staticskin x="127" y="86" cx="40" cy="82" a="0" width="174" height="8"/>
  <staticskin x="365.5" y="87.5" cx="362" cy="-131" a="0" width="7" height="437"/>
  <springboardskin x="242" y="98" a="0" width="51" height="10.95"/>
  <springboardskin x="336" y="171" a="0" width="51" height="10.95"/>
  <springboardskin x="240" y="250" a="0" width="51" height="10.95"/>
  <springboardskin x="337" y="303" a="0" width="51" height="10.95"/>
  <staticskin x="487.5" y="380" cx="213" cy="377" a="0" width="549" height="6"/>
  <staticskin x="445.5" y="208" cx="441" cy="39" a="0" width="9" height="338"/>
  <staticredskin x="409" y="376.5" cx="375" cy="374" a="0" width="68" height="5"/>
  <staticskin x="557.375" y="107.475" cx="452" cy="42" a="30" width="248" height="8"/>
  <staticskin x="632.125" y="219.475" cx="525" cy="153" a="30" width="252" height="8"/>
  <staticskin x="556.375" y="245.775" cx="450" cy="178" a="30" width="252" height="11"/>
  <minkskin x="486" y="261" a="0" width="36" height="27"/>
  <springboardskin x="644" y="374" a="0" width="51" height="10.95"/>
</scene>