<scene width="740" height="380">
  <timer time="40"/>
  <creator id="3011480"/>
  <bg id="1"/>
  <staticblueskin x="182.5" y="64.5" cx="178" cy="50" a="0" width="9" height="29"/>
  <staticblueskin x="93.5" y="65" cx="85" cy="49" a="0" width="17" height="32"/>
  <cheeseskin x="53" y="52" a="0" width="27.05" height="22"/>
  <springboardskin x="460" y="67" a="0" width="51" height="10.95"/>
  <springboardskin x="543" y="33" a="0" width="51" height="10.95"/>
  <springboardskin x="613" y="71" a="0" width="51" height="10.95"/>
  <minkskin x="673" y="55" a="0" width="36" height="27"/>
  <ballskin x="399" y="291" a="0" width="25" height="25"/>
  <ground x="367.5" y="343.5" cx="13" cy="305" a="0" width="709" height="77"/>
  <staticblueskin x="43" y="248" cx="39" cy="224" a="0" width="8" height="48"/>
  <staticblueskin x="26.099999999999998" y="270.15" cx="51" cy="241" a="123" width="76" height="10"/>
  <staticblueskin x="652.5" y="230.5" cx="647" cy="209" a="0" width="11" height="43"/>
  <staticblueskin x="681.65" y="272.8" cx="657" cy="238" a="50" width="85" height="7"/>
  <carriervertical x="601" y="401" linewidth="50" lineheight="200" boxwidth="50" boxheight="20"/>
  <carriervertical x="339" y="80" linewidth="50" lineheight="200" boxwidth="50" boxheight="20"/>
  <littlemouse x="69" y="281" a="0" width="37.35" height="34.3"/>
  <staticblueskin x="149.5" y="81.5" cx="10" cy="76" a="0" width="279" height="11"/>
  <staticblueskin x="581.5" y="84" cx="430" cy="79" a="0" width="303" height="10"/>
</scene>