<scene width="740" height="380">
  <timer time="120"/>
  <creator id="1124002"/>
  <bg id="6"/>
  <staticredskin x="539" y="266" cx="381" cy="247" a="0" width="316" height="38"/>
  <staticblueskin x="364" y="339.5" cx="23" cy="308" a="0" width="682" height="63"/>
  <staticblueskin x="583.5" y="168" cx="448" cy="144" a="0" width="271" height="48"/>
  <springboardskin x="539" y="137" a="0" width="51" height="10.95"/>
  <springboardskin x="409" y="240" a="0" width="51" height="10.95"/>
  <rpointer x="170" y="287" a="0" width="40" height="33.7"/>
  <lpointer x="598" y="55" a="0" width="40" height="33.7"/>
  <bush x="113" y="291" a="0" width="59.4" height="32.3"/>
  <tree x="257" y="256" a="0" width="78.35" height="100"/>
  <staticredskin x="274" y="7" cx="4" cy="0" a="0" width="540" height="14"/>
  <staticredskin x="9" y="229.5" cx="1" cy="84" a="0" width="16" height="291"/>
  <staticredskin x="10.5" y="45" cx="0" cy="4" a="0" width="21" height="82"/>
  <minkskin x="51" y="47" a="0" width="36" height="27"/>
  <cheeseskin x="688" y="35" a="0" width="27.05" height="22"/>
  <staticredskin x="591" y="4" cx="433" cy="-5" a="0" width="316" height="18"/>
  <staticredskin x="727" y="164.5" cx="712" cy="12" a="0" width="30" height="305"/>
  <staticredskin x="721.5" y="326.5" cx="712" cy="301" a="0" width="19" height="51"/>
  <staticredskin x="744" y="291.5" cx="711" cy="212" a="0" width="66" height="159"/>
  <littlemouse x="56" y="92" a="0" width="37.35" height="34.3"/>
  <staticredskin x="647.5" y="85.5" cx="581" cy="72" a="0" width="133" height="27"/>
</scene>