<scene width="740" height="380">
  <timer time="40"/>
  <creator id="2969192"/>
  <bg id="4"/>
  <ground x="358" y="358.125" cx="55" cy="355" a="0" width="606" height="6.25"/>
  <ground x="549.5" y="319.5" cx="545" cy="289" a="0" width="9" height="61"/>
  <ground x="377" y="275.5" cx="205" cy="269" a="0" width="344" height="13"/>
  <ground x="376" y="227.125" cx="323" cy="217" a="0" width="106" height="20.25"/>
  <ground x="474" y="188.625" cx="378" cy="182" a="0" width="192" height="13.25"/>
  <ground x="211" y="180.025" cx="103" cy="169" a="0" width="216" height="22.05"/>
  <springboardskin x="587" y="162" a="0" width="51" height="10.95"/>
  <springboardskin x="579" y="343" a="0" width="51" height="10.95"/>
  <ground x="708" y="52" cx="681" cy="47" a="0" width="54" height="10"/>
  <cheeseskin x="719" y="34" a="0" width="27.05" height="22"/>
  <springboardskin x="93" y="145" a="0" width="51" height="10.95"/>
  <springboardskin x="35" y="100" a="0" width="51" height="10.95"/>
  <springboardskin x="107" y="80" a="0" width="51" height="10.95"/>
  <springboardskin x="645" y="98" a="0" width="51" height="10.95"/>
  <staticredskin x="315.5" y="78" cx="148" cy="74" a="0" width="335" height="8"/>
  <ballskin x="205" y="52" a="0" width="23.8" height="26.05"/>
  <ballskin x="252" y="48" a="0" width="23.8" height="26.05"/>
  <ballskin x="306" y="47" a="0" width="23.8" height="26.05"/>
  <ballskin x="353" y="34" a="0" width="23.8" height="26.05"/>
  <ballskin x="405" y="33" a="0" width="23.8" height="26.05"/>
  <minkskin x="464" y="57" a="0" width="36" height="27"/>
  <groundblue x="148" y="255" cx="107" cy="250" a="0" width="82" height="10"/>
  <groundblue x="56" y="313" cx="48" cy="270" a="0" width="16" height="86"/>
  <groundblue x="58" y="227" cx="50" cy="189" a="0" width="16" height="76"/>
  <littlemouse x="642" y="332" a="0" width="37.35" height="34.3"/>
  <cheeseskin x="519" y="320" a="0" width="27.05" height="22"/>
  <staticredskin x="82" y="348.5" cx="65" cy="345" a="0" width="34" height="7"/>
</scene>