<scene width="740" height="380">
  <timer time="60"/>
  <creator id="649511"/>
  <bg id="3"/>
  <staticskin x="584" y="244" cx="579" cy="158" a="0" width="10" height="172"/>
  <minkskin x="15" y="26" a="0" width="36" height="27"/>
  <littlemouse x="55" y="108" a="0" width="37.35" height="34.3"/>
  <staticskin x="378.5" y="159" cx="361" cy="-5" a="0" width="35" height="328"/>
  <staticskin x="377" y="375.5" cx="343" cy="367" a="0" width="68" height="17"/>
  <staticskin x="592.5" y="336.5" cx="445" cy="330" a="0" width="295" height="13"/>
  <staticskin x="726" y="196" cx="712" cy="60" a="0" width="28" height="272"/>
  <staticskin x="671" y="214" cx="659" cy="97" a="0" width="24" height="234"/>
  <staticskin x="619" y="236.5" cx="606" cy="142" a="0" width="26" height="189"/>
  <staticskin x="560" y="252" cx="556" cy="175" a="0" width="8" height="154"/>
  <staticskin x="530" y="270.5" cx="524" cy="212" a="0" width="12" height="117"/>
  <staticskin x="494.5" y="283" cx="489" cy="237" a="0" width="11" height="92"/>
  <staticskin x="462" y="306" cx="456" cy="284" a="0" width="12" height="44"/>
  <cheeseskin x="725" y="14" a="0" width="27.05" height="22"/>
  <staticblueskin x="147" y="345" cx="-9" cy="338" a="0" width="312" height="14"/>
  <staticblueskin x="277" y="320" cx="272" cy="304" a="0" width="10" height="32"/>
  <staticblueskin x="236" y="306" cx="232" cy="278" a="0" width="8" height="56"/>
  <staticblueskin x="198" y="296" cx="192" cy="257" a="0" width="12" height="78"/>
  <staticblueskin x="158.5" y="285" cx="154" cy="235" a="0" width="9" height="100"/>
  <staticblueskin x="13" y="209.5" cx="1" cy="82" a="0" width="24" height="255"/>
  <staticblueskin x="55.5" y="231.5" cx="42" cy="125" a="0" width="27" height="213"/>
  <staticblueskin x="102" y="252" cx="90" cy="168" a="0" width="24" height="168"/>
  <staticblueskin x="129" y="267.5" cx="124" cy="196" a="0" width="10" height="143"/>
</scene>