<scene width="740" height="380">
  <timer time="80"/>
  <creator id="1985659"/>
  <bg id="5"/>
  <staticredskin x="663.5" y="200" cx="655" cy="40" a="0" width="17" height="320"/>
  <boxskin x="154" y="178" a="0" width="50" height="50"/>
  <ballskin x="328" y="298" a="0" width="23.8" height="26.05"/>
  <ballskin x="413" y="168" a="0" width="23.8" height="26.05"/>
  <boxskin x="321" y="102" a="0" width="50" height="50"/>
  <boxskin x="551" y="186" a="0" width="50" height="50"/>
  <boxskin x="142" y="295" a="0" width="50" height="50"/>
  <staticredskin x="359" y="365.5" cx="78" cy="360" a="0" width="562" height="11"/>
  <littlemouse x="169" y="332" a="0" width="37.35" height="34.3"/>
  <cheeseskin x="337" y="216" a="0" width="27.05" height="22"/>
  <minkskin x="602" y="341" a="0" width="36" height="27"/>
  <staticredskin x="344.5" y="34.5" cx="86" cy="31" a="0" width="517" height="7"/>
  <ballskin x="196" y="274" a="0" width="23.8" height="26.05"/>
  <heavyboxskin x="487" y="199" a="0" width="41" height="22"/>
  <heavyboxskin x="540" y="104" a="0" width="41" height="22"/>
  <heavyboxskin x="516" y="316" a="0" width="41" height="22"/>
  <ballskin x="229" y="154" a="0" width="23.8" height="26.05"/>
  <ballskin x="388" y="172" a="0" width="23.8" height="26.05"/>
  <ballskin x="285" y="265" a="0" width="23.8" height="26.05"/>
  <ballskin x="494" y="227" a="0" width="23.8" height="26.05"/>
  <ballskin x="571" y="243" a="0" width="23.8" height="26.05"/>
  <heavyboxskin x="406" y="281" a="0" width="41" height="22"/>
  <heavyboxskin x="438" y="90" a="0" width="41" height="22"/>
  <heavyboxskin x="222" y="64" a="0" width="41" height="22"/>
  <heavyboxskin x="122" y="229" a="0" width="41" height="22"/>
  <ballskin x="341" y="243" a="0" width="23.8" height="26.05"/>
  <ballskin x="292" y="151" a="0" width="23.8" height="26.05"/>
  <staticredskin x="77" y="192.5" cx="74" cy="49" a="0" width="6" height="287"/>
</scene>