<scene width="740" height="380">
  <timer time="60"/>
  <creator id="736217"/>
  <bg id="6"/>
  <groundblue x="386.75" y="88.3" cx="313" cy="83" a="0" width="148.5" height="11.6"/>
  <littlemouse x="20" y="214" a="0" width="37.35" height="34.3"/>
  <minkskin x="350" y="240" a="0" width="36" height="27"/>
  <cheeseskin x="40" y="43" a="0" width="27.05" height="22"/>
  <groundblue x="98.30000000000001" y="288.55" cx="-46" cy="202" a="30" width="337.5" height="6.6"/>
  <cheeseskin x="76" y="339" a="0" width="27.05" height="22"/>
  <springboardskin x="598" y="408" a="0" width="51" height="10.95"/>
  <carrierhorizontal x="9" y="83" linewidth="250" lineheight="20" boxwidth="50" boxheight="20"/>
  <groundblue x="261.475" y="181.25" cx="255" cy="108" a="0" width="13.95" height="147.5"/>
  <groundblue x="469.425" y="185.25" cx="462" cy="106" a="0" width="15.85" height="159.5"/>
  <groundblue x="314.25" y="261.8" cx="253" cy="257" a="0" width="123.5" height="10.6"/>
  <groundblue x="683.775" y="312.3" cx="640" cy="305" a="0" width="88.55" height="15.6"/>
  <groundblue x="347.775" y="373.25" cx="244" cy="369" a="0" width="208.55" height="9.5"/>
  <groundblue x="508.85" y="349.25" cx="498" cy="341" a="0" width="22.7" height="17.5"/>
  <groundblue x="585.4" y="325.875" cx="577" cy="323" a="0" width="17.8" height="6.75"/>
  <carriervertical x="713" y="125" linewidth="50" lineheight="150" boxwidth="50" boxheight="20"/>
  <groundblue x="670.25" y="300.875" cx="667" cy="295" a="0" width="7.5" height="12.75"/>
  <groundblue x="636.75" y="120.3" cx="606" cy="116" a="0" width="62.5" height="9.6"/>
  <groundblue x="542.75" y="111.25" cx="502" cy="108" a="0" width="82.5" height="7.5"/>
</scene>