<scene width="740" height="380">
  <timer time="60"/>
  <creator id="2962016"/>
  <bg id="6"/>
  <staticblueskin x="334.5" y="124" cx="292" cy="118" a="0" width="85" height="12"/>
  <staticblueskin x="261.5" y="103.5" cx="226" cy="97" a="0" width="71" height="13"/>
  <staticblueskin x="196" y="80" cx="162" cy="75" a="0" width="68" height="10"/>
  <staticblueskin x="129.5" y="95" cx="105" cy="89" a="0" width="49" height="12"/>
  <staticblueskin x="94" y="123.5" cx="86" cy="115" a="0" width="16" height="17"/>
  <staticblueskin x="76" y="160" cx="68" cy="151" a="0" width="16" height="18"/>
  <staticblueskin x="58" y="197.5" cx="50" cy="189" a="0" width="16" height="17"/>
  <minkskin x="32" y="288" a="0" width="36" height="27"/>
  <staticblueskin x="317.5" y="313.5" cx="293" cy="307" a="0" width="49" height="13"/>
  <staticblueskin x="263.5" y="292.5" cx="238" cy="287" a="0" width="51" height="11"/>
  <staticblueskin x="193.5" y="272.5" cx="160" cy="267" a="0" width="67" height="11"/>
  <staticblueskin x="114" y="256" cx="78" cy="251" a="0" width="72" height="10"/>
  <staticblueskin x="74" y="280.5" cx="69" cy="251" a="0" width="10" height="59"/>
  <tree x="126" y="320" a="0" width="78.35" height="100"/>
  <cactus x="194" y="348" a="0" width="20" height="42.55"/>
  <flowers1 x="262" y="354" a="0" width="60" height="58.2"/>
  <rpointer x="291" y="408" a="0" width="40" height="33.7"/>
  <ballskin x="413" y="131" a="0" width="23.8" height="26.05"/>
  <ballskin x="122" y="76" a="0" width="23.8" height="26.05"/>
  <littlemouse x="709" y="349" a="0" width="37.35" height="34.3"/>
  <staticredskin x="694.5" y="99.5" cx="670" cy="95" a="0" width="49" height="9"/>
  <staticredskin x="617" y="73" cx="589" cy="68" a="0" width="56" height="10"/>
  <staticredskin x="523.5" y="53" cx="492" cy="48" a="0" width="63" height="10"/>
  <bush x="617" y="52" a="0" width="59.4" height="32.3"/>
  <bush x="551" y="414" a="0" width="59.4" height="32.3"/>
  <flowers2 x="693" y="78" a="0" width="60" height="33.45"/>
  <flowers1 x="522" y="32" a="0" width="60" height="58.2"/>
  <carriervertical x="624" y="265" linewidth="50" lineheight="200" boxwidth="50" boxheight="20"/>
  <ballskin x="388" y="353" a="0" width="23.8" height="26.05"/>
  <staticblueskin x="32.5" y="309.5" cx="-3" cy="302" a="0" width="71" height="15"/>
  <staticblueskin x="74" y="325.5" cx="68" cy="302" a="0" width="12" height="47"/>
  <cheeseskin x="35" y="345" a="0" width="27.05" height="22"/>
  <staticblueskin x="370" y="375" cx="0" cy="370" a="0" width="740" height="10"/>
  <staticblueskin x="735.5" y="189" cx="730" cy="7" a="0" width="11" height="364"/>
  <staticblueskin x="693.5" y="320" cx="658" cy="314" a="0" width="71" height="12"/>
  <staticblueskin x="629.5" y="292.5" cx="592" cy="286" a="0" width="75" height="13"/>
  <staticblueskin x="559.5" y="267.5" cx="526" cy="263" a="0" width="67" height="9"/>
  <staticblueskin x="458" y="322.5" cx="432" cy="317" a="0" width="52" height="11"/>
  <staticblueskin x="505.5" y="291" cx="490" cy="286" a="0" width="31" height="10"/>
  <cheeseskin x="701" y="292" a="0" width="27.05" height="22"/>
  <staticblueskin x="548.5" y="214.5" cx="517" cy="209" a="0" width="63" height="11"/>
  <staticblueskin x="488" y="182" cx="454" cy="176" a="0" width="68" height="12"/>
  <staticblueskin x="413" y="152.5" cx="377" cy="146" a="0" width="72" height="13"/>
</scene>