<scene width="740" height="380">
  <timer time="60"/>
  <creator id="2867372"/>
  <bg id="0"/>
  <staticblueskin x="978.5" y="180" cx="631" cy="175" a="0" width="695" height="10"/>
  <staticblueskin x="218" y="259" cx="-125" cy="254" a="0" width="686" height="10"/>
  <staticredskin x="-335.5" y="217.5" cx="-701" cy="215" a="0" width="731" height="5"/>
  <staticblueskin x="404" y="65" cx="62" cy="61" a="0" width="684" height="8"/>
  <staticblueskin x="340.5" y="104" cx="-21" cy="100" a="0" width="723" height="8"/>
  <minkskin x="14" y="44" a="178" width="36" height="27"/>
  <cheeseskin x="723" y="334" a="0" width="27.05" height="22"/>
  <littlemouse x="156" y="51" a="0" width="37.35" height="34.3"/>
  <staticskin x="446.5" y="143" cx="146" cy="140" a="0" width="601" height="6"/>
  <staticskin x="-262.5" y="142.5" cx="-631" cy="139" a="0" width="737" height="7"/>
  <staticskin x="-327" y="302" cx="-666" cy="297" a="0" width="678" height="10"/>
  <staticskin x="1093.5" y="104" cx="737" cy="101" a="0" width="713" height="6"/>
  <staticskin x="299" y="349" cx="-48" cy="346" a="0" width="694" height="6"/>
  <staticskin x="188" y="355.5" cx="-163" cy="353" a="0" width="702" height="5"/>
  <staticskin x="402.5" y="301.5" cx="48" cy="297" a="0" width="709" height="9"/>
  <staticredskin x="955" y="259" cx="605" cy="256" a="0" width="700" height="6"/>
  <staticblueskin x="439" y="376.5" cx="91" cy="373" a="0" width="696" height="7"/>
  <staticblueskin x="428.5" y="216.5" cx="69" cy="214" a="0" width="719" height="5"/>
  <staticblueskin x="-310" y="65" cx="-647" cy="61" a="0" width="674" height="8"/>
  <staticblueskin x="326" y="25.5" cx="-1" cy="22" a="0" width="654" height="7"/>
  <staticblueskin x="261.5" y="179.5" cx="-73" cy="177" a="0" width="669" height="5"/>
  <staticredskin x="1048.5" y="349" cx="696" cy="346" a="0" width="705" height="6"/>
  <rpointer x="279" y="47" a="178" width="40" height="33.7"/>
  <lpointer x="133" y="237" a="180" width="40" height="33.7"/>
  <lpointer x="405" y="322" a="178" width="40" height="33.7"/>
  <rpointer x="344" y="281" a="180" width="40" height="33.7"/>
  <lpointer x="76" y="87" a="180" width="40" height="33.7"/>
  <rpointer x="454" y="126" a="178" width="40" height="33.7"/>
  <rpointer x="225" y="326" a="180" width="40" height="33.7"/>
  <lpointer x="170" y="163" a="178" width="40" height="33.7"/>
  <rpointer x="535" y="198" a="178" width="40" height="33.7"/>
</scene>