<scene width="740" height="380">
  <timer time="80"/>
  <creator id="2884291"/>
  <bg id="2"/>
  <staticskin x="665" y="255" cx="662" cy="237" a="0" width="6" height="36"/>
  <staticskin x="707.5" y="221.5" cx="684" cy="219" a="0" width="47" height="5"/>
  <staticskin x="376" y="246.5" cx="324" cy="242" a="0" width="104" height="9"/>
  <rpointer x="356" y="219" a="0" width="40" height="33.7"/>
  <staticskin x="247" y="225.5" cx="197" cy="223" a="0" width="100" height="5"/>
  <staticblueskin x="490.5" y="187.5" cx="429" cy="185" a="0" width="123" height="5"/>
  <staticblueskin x="654.5" y="177" cx="586" cy="174" a="0" width="137" height="6"/>
  <cheeseskin x="701" y="153" a="0" width="27.05" height="22"/>
  <staticblueskin x="666" y="152" cx="662" cy="134" a="0" width="8" height="36"/>
  <staticblueskin x="467.5" y="182" cx="447" cy="176" a="0" width="41" height="12"/>
  <bush x="320" y="408" a="0" width="59.4" height="32.3"/>
  <bush x="246" y="207" a="0" width="59.4" height="32.3"/>
  <stone x="361" y="338" a="0" width="31.25" height="22.9"/>
  <flowers1 x="643" y="265" a="0" width="60" height="58.2"/>
  <ballskin x="388" y="321" a="0" width="23.8" height="26.05"/>
  <ballskin x="348" y="336" a="0" width="23.8" height="26.05"/>
  <ballskin x="188" y="317" a="0" width="23.8" height="26.05"/>
  <ballskin x="370" y="333" a="0" width="23.8" height="26.05"/>
  <staticblueskin x="496" y="260" cx="486" cy="255" a="0" width="20" height="10"/>
  <carrierhorizontal x="602" y="411" linewidth="300" lineheight="20" boxwidth="50" boxheight="20"/>
  <carriervertical x="156" y="58" linewidth="50" lineheight="200" boxwidth="50" boxheight="20"/>
  <staticblueskin x="702" y="130.5" cx="672" cy="124" a="0" width="60" height="13"/>
  <staticblueskin x="396" y="105.5" cx="208" cy="101" a="0" width="376" height="9"/>
  <cheeseskin x="556" y="85" a="0" width="27.05" height="22"/>
  <cheeseskin x="377" y="78" a="0" width="27.05" height="22"/>
  <staticskin x="351" y="77" cx="348" cy="59" a="0" width="6" height="36"/>
  <staticskin x="371" y="46" cx="353" cy="40" a="0" width="36" height="12"/>
  <staticskin x="398" y="76.5" cx="394" cy="58" a="0" width="8" height="37"/>
  <staticblueskin x="91" y="164.5" cx="64" cy="162" a="0" width="54" height="5"/>
  <minkskin x="22" y="108" a="0" width="36" height="27"/>
  <littlemouse x="21" y="337" a="0" width="37.35" height="34.3"/>
  <heavyboxskin x="513" y="312" a="0" width="41" height="22"/>
  <staticredskin x="84.5" y="373" cx="71" cy="367" a="0" width="27" height="12"/>
  <staticblueskin x="33" y="351" cx="0" cy="347" a="0" width="66" height="8"/>
  <staticblueskin x="183" y="333.5" cx="127" cy="330" a="0" width="112" height="7"/>
  <staticblueskin x="355" y="351.5" cx="287" cy="347" a="0" width="136" height="9"/>
  <staticblueskin x="535.5" y="324.5" cx="459" cy="321" a="0" width="153" height="7"/>
  <staticredskin x="691.5" y="312" cx="651" cy="278" a="0" width="81" height="68"/>
  <staticskin x="640.5" y="313.5" cx="635" cy="280" a="0" width="11" height="67"/>
  <staticblueskin x="502" y="272" cx="449" cy="269" a="0" width="106" height="6"/>
  <cheeseskin x="697" y="250" a="0" width="27.05" height="22"/>
</scene>