<scene width="740" height="380">
  <timer time="120"/>
  <creator id="2630293"/>
  <bg id="2"/>
  <staticskin x="133.5" y="60" cx="130" cy="55" a="0" width="7" height="10"/>
  <staticskin x="131.5" y="96" cx="127" cy="75" a="0" width="9" height="42"/>
  <staticskin x="70.5" y="276" cx="58" cy="264" a="0" width="25" height="24"/>
  <staticskin x="59.5" y="103" cx="47" cy="100" a="0" width="25" height="6"/>
  <littlemouse x="71" y="242" a="0" width="37.35" height="34.3"/>
  <cheeseskin x="556" y="224" a="0" width="27.05" height="22"/>
  <bush x="558" y="235" a="0" width="59.4" height="32.3"/>
  <bush x="551" y="222" a="0" width="59.4" height="32.3"/>
  <tree2 x="579" y="103" a="0" width="84.85" height="100"/>
  <minkskin x="60" y="82" a="0" width="36" height="27"/>
  <staticblueskin x="250" y="341" cx="85" cy="337" a="0" width="330" height="8"/>
  <staticskin x="487" y="293.5" cx="484" cy="256" a="0" width="6" height="75"/>
  <staticskin x="559.5" y="298.5" cx="555" cy="248" a="0" width="9" height="101"/>
  <staticskin x="635" y="298" cx="630" cy="244" a="0" width="10" height="108"/>
  <staticskin x="682.5" y="301" cx="677" cy="244" a="0" width="11" height="114"/>
  <staticskin x="607.5" y="116.5" cx="603" cy="78" a="0" width="9" height="77"/>
  <staticskin x="579.5" y="154.5" cx="558" cy="151" a="0" width="43" height="7"/>
  <staticskin x="555" y="119.5" cx="549" cy="83" a="0" width="12" height="73"/>
  <staticskin x="271.5" y="161" cx="1" cy="148" a="0" width="541" height="26"/>
  <staticskin x="36.5" y="99.5" cx="31" cy="60" a="0" width="11" height="79"/>
  <staticskin x="84" y="64.5" cx="33" cy="60" a="0" width="102" height="9"/>
</scene>