<scene width="740" height="380">
  <timer time="60"/>
  <creator id="2293207"/>
  <bg id="6"/>
  <groundblue x="603.5" y="96" cx="591" cy="-34" a="0" width="26" height="261"/>
  <groundblue x="684" y="291.5" cx="652" cy="285" a="0" width="65" height="14"/>
  <groundblue x="637.5" y="318.05" cx="598" cy="313" a="0" width="80" height="11.1"/>
  <groundblue x="583" y="342.05" cx="551" cy="335" a="0" width="65" height="15.1"/>
  <groundblue x="554" y="371.575" cx="514" cy="367" a="0" width="81" height="10.15"/>
  <groundblue x="327.5" y="372.5" cx="142" cy="368" a="0" width="372" height="10"/>
  <groundblue x="334" y="370.55" cx="329" cy="363" a="0" width="11" height="16.1"/>
  <groundblue x="111" y="343" cx="83" cy="339" a="0" width="57" height="9"/>
  <groundblue x="61.5" y="320.5" cx="28" cy="315" a="0" width="68" height="12"/>
  <groundblue x="34.5" y="294.5" cx="-3" cy="289" a="0" width="76" height="12"/>
  <heavyboxskin x="322" y="59" a="0" width="41" height="22"/>
  <heavyboxskin x="414" y="59" a="0" width="41" height="22"/>
  <groundred x="445.5" y="367.6" cx="339" cy="364" a="0" width="214" height="8.2"/>
  <heavyboxskin x="437" y="342" a="0" width="41" height="22"/>
  <heavyboxskin x="473" y="341" a="0" width="41" height="22"/>
  <heavyboxskin x="535" y="341" a="0" width="41" height="22"/>
  <cheeseskin x="54" y="168" a="0" width="27.05" height="22"/>
  <groundblue x="1.5" y="265.5" cx="-45" cy="263" a="0" width="94" height="6"/>
  <groundblue x="-6" y="234.6" cx="-42" cy="231" a="0" width="73" height="8.2"/>
  <groundblue x="133" y="65.5" cx="123" cy="-94" a="0" width="21" height="320"/>
  <groundblue x="314.5" y="255.5" cx="310" cy="185" a="0" width="10" height="142"/>
  <groundred x="437" y="295.675" cx="318" cy="293" a="0" width="239" height="6.35"/>
  <littlemouse x="365" y="61" a="0" width="37.35" height="34.3"/>
  <flowers2 x="473" y="180" a="0" width="60" height="33.45"/>
  <flowers2 x="314" y="181" a="0" width="60" height="33.45"/>
  <flowers2 x="440" y="415" a="0" width="60" height="33.45"/>
  <tree x="688" y="235" a="0" width="78.35" height="100"/>
  <groundblue x="370" y="78.5" cx="303" cy="72" a="0" width="135" height="14"/>
  <groundblue x="274" y="105.6" cx="242" cy="102" a="0" width="65" height="8.2"/>
  <groundblue x="461.5" y="104.05" cx="425" cy="99" a="0" width="74" height="11.1"/>
  <groundblue x="522" y="125.05" cx="486" cy="120" a="0" width="73" height="11.1"/>
  <groundblue x="221.5" y="120.55" cx="187" cy="117" a="0" width="70" height="8.1"/>
  <groundblue x="184" y="160.05" cx="146" cy="156" a="0" width="77" height="9.1"/>
  <groundblue x="244.5" y="179.025" cx="208" cy="173" a="0" width="74" height="13.05"/>
  <groundblue x="302" y="199.55" cx="267" cy="195" a="0" width="71" height="10.1"/>
  <groundblue x="547" y="166" cx="507" cy="161" a="0" width="81" height="11"/>
  <groundblue x="512" y="187" cx="480" cy="182" a="0" width="65" height="11"/>
  <groundblue x="473" y="198.5" cx="440" cy="195" a="0" width="67" height="8"/>
  <carrierhorizontal x="326" y="280" linewidth="300" lineheight="20" boxwidth="50" boxheight="20"/>
  <minkskin x="369" y="56" a="0" width="36" height="27"/>
</scene>