<scene width="740" height="380">
  <timer time="60"/>
  <creator id="2446506"/>
  <bg id="5"/>
  <rpointer x="60" y="45" a="0" width="40" height="33.7"/>
  <littlemouse x="107" y="60" a="0" width="37.35" height="34.3"/>
  <staticblueskin x="102" y="98.5" cx="32" cy="87" a="0" width="140" height="23"/>
  <staticblueskin x="254.5" y="129.5" cx="218" cy="119" a="0" width="73" height="21"/>
  <staticblueskin x="366.5" y="176" cx="330" cy="166" a="0" width="73" height="20"/>
  <staticblueskin x="430.5" y="261.5" cx="413" cy="248" a="0" width="35" height="27"/>
  <staticblueskin x="316.5" y="309" cx="268" cy="296" a="0" width="97" height="26"/>
  <staticblueskin x="92.5" y="294.5" cx="16" cy="276" a="0" width="153" height="37"/>
  <cheeseskin x="84" y="138" a="0" width="27.05" height="22"/>
  <springboardskin x="81" y="263" a="0" width="51" height="10.95"/>
  <bush x="631" y="406" a="0" width="59.4" height="32.3"/>
  <carrierhorizontal x="496" y="297" linewidth="300" lineheight="20" boxwidth="50" boxheight="20"/>
  <carriervertical x="579" y="291" linewidth="50" lineheight="200" boxwidth="50" boxheight="20"/>
  <carriervertical x="635" y="289" linewidth="50" lineheight="200" boxwidth="50" boxheight="20"/>
  <springboardskin x="693" y="232" a="0" width="51" height="10.95"/>
  <springboardskin x="577" y="141" a="0" width="51" height="10.95"/>
  <springboardskin x="703" y="41" a="0" width="51" height="10.95"/>
  <cheeseskin x="572" y="64" a="0" width="27.05" height="22"/>
  <minkskin x="253" y="78" a="0" width="36" height="27"/>
  <ballskin x="344" y="142" a="0" width="23.8" height="26.05"/>
  <ballskin x="233" y="101" a="0" width="23.8" height="26.05"/>
  <ballskin x="273" y="97" a="0" width="23.8" height="26.05"/>
  <stone x="319" y="276" a="0" width="31.25" height="22.9"/>
  <bush x="571" y="120" a="0" width="59.4" height="32.3"/>
  <bush x="77" y="131" a="0" width="59.4" height="32.3"/>
  <bush x="569" y="59" a="0" width="59.4" height="32.3"/>
</scene>