<scene width="740" height="380">
  <timer time="80"/>
  <creator id="2967798"/>
  <bg id="11"/>
  <staticblueskin x="9.5" y="114.5" cx="3" cy="0" a="0" width="13" height="229"/>
  <staticblueskin x="8.5" y="322.5" cx="0" cy="229" a="0" width="17" height="187"/>
  <staticskin x="212" y="266.5" cx="207" cy="152" a="0" width="10" height="229"/>
  <carriervertical x="611" y="160" linewidth="50" lineheight="200" boxwidth="50" boxheight="20"/>
  <carrierhorizontal x="605" y="402" linewidth="300" lineheight="20" boxwidth="50" boxheight="20"/>
  <carriervertical x="630" y="392" linewidth="50" lineheight="200" boxwidth="50" boxheight="20"/>
  <carriervertical x="630" y="392" linewidth="50" lineheight="200" boxwidth="50" boxheight="20"/>
  <carriervertical x="251" y="159" linewidth="50" lineheight="200" boxwidth="50" boxheight="20"/>
  <carrierhorizontal x="618" y="410" linewidth="300" lineheight="20" boxwidth="50" boxheight="20"/>
  <carriervertical x="643" y="400" linewidth="50" lineheight="200" boxwidth="50" boxheight="20"/>
  <carriervertical x="302" y="175" linewidth="50" lineheight="200" boxwidth="50" boxheight="20"/>
  <carriervertical x="634" y="392" linewidth="50" lineheight="200" boxwidth="50" boxheight="20"/>
  <carriervertical x="354" y="189" linewidth="50" lineheight="200" boxwidth="50" boxheight="20"/>
  <carriervertical x="643" y="392" linewidth="50" lineheight="200" boxwidth="50" boxheight="20"/>
  <carriervertical x="406" y="170" linewidth="50" lineheight="200" boxwidth="50" boxheight="20"/>
  <carriervertical x="669" y="180" linewidth="50" lineheight="200" boxwidth="50" boxheight="20"/>
  <carriervertical x="721" y="146" linewidth="50" lineheight="200" boxwidth="50" boxheight="20"/>
  <carriervertical x="631" y="391" linewidth="50" lineheight="200" boxwidth="50" boxheight="20"/>
  <carriervertical x="457" y="151" linewidth="50" lineheight="200" boxwidth="50" boxheight="20"/>
  <carrierhorizontal x="599" y="411" linewidth="300" lineheight="20" boxwidth="50" boxheight="20"/>
  <carriervertical x="624" y="401" linewidth="50" lineheight="200" boxwidth="50" boxheight="20"/>
  <carriervertical x="595" y="392" linewidth="50" lineheight="200" boxwidth="50" boxheight="20"/>
  <carrierhorizontal x="569" y="402" linewidth="300" lineheight="20" boxwidth="50" boxheight="20"/>
  <cheeseskin x="724" y="134" a="0" width="27.05" height="22"/>
  <minkskin x="47" y="346" a="0" width="36" height="27"/>
  <littlemouse x="125" y="345" a="0" width="37.35" height="34.3"/>
  <carriervertical x="508" y="163" linewidth="50" lineheight="200" boxwidth="50" boxheight="20"/>
  <carriervertical x="558" y="186" linewidth="50" lineheight="200" boxwidth="50" boxheight="20"/>
  <groundred x="641.3499999999999" y="19.65" cx="761" cy="52" a="110" width="22.05" height="248"/>
  <groundred x="108.5" y="377" cx="3" cy="370" a="0" width="212" height="15"/>
  <staticblueskin x="146.29999999999998" y="29.225" cx="286" cy="-2" a="80" width="13" height="286"/>
</scene>