<scene width="740" height="380">
  <timer time="80"/>
  <creator id="2494336"/>
  <bg id="5"/>
  <staticblueskin x="199.5" y="263.5" cx="167" cy="257" a="0" width="65" height="13"/>
  <staticredskin x="290" y="217.5" cx="233" cy="213" a="0" width="114" height="9"/>
  <staticskin x="285.5" y="126.5" cx="227" cy="122" a="0" width="117" height="9"/>
  <staticblueskin x="371.5" y="184.5" cx="363" cy="178" a="0" width="17" height="13"/>
  <staticblueskin x="410" y="184.5" cx="401" cy="179" a="0" width="18" height="11"/>
  <staticblueskin x="434.5" y="220.5" cx="423" cy="210" a="0" width="23" height="21"/>
  <staticblueskin x="485.5" y="240" cx="443" cy="236" a="0" width="85" height="8"/>
  <staticblueskin x="528" y="202" cx="517" cy="194" a="0" width="22" height="16"/>
  <staticblueskin x="557.5" y="250" cx="540" cy="240" a="0" width="35" height="20"/>
  <staticblueskin x="555.5" y="152" cx="538" cy="140" a="0" width="35" height="24"/>
  <staticredskin x="490.5" y="219" cx="472" cy="202" a="0" width="37" height="34"/>
  <staticskin x="613.5" y="120.5" cx="586" cy="115" a="0" width="55" height="11"/>
  <minkskin x="609" y="99" a="0" width="36" height="27"/>
  <staticblueskin x="612.5" y="265.5" cx="597" cy="254" a="0" width="31" height="23"/>
  <staticblueskin x="652" y="270" cx="644" cy="267" a="0" width="16" height="6"/>
  <staticblueskin x="653.5" y="229" cx="647" cy="224" a="0" width="13" height="10"/>
  <staticblueskin x="640" y="243.5" cx="631" cy="237" a="0" width="18" height="13"/>
  <lpointer x="276" y="104" a="0" width="40" height="33.7"/>
  <rpointer x="53" y="317" a="0" width="40" height="33.7"/>
  <cheeseskin x="649" y="215" a="0" width="27.05" height="22"/>
  <littlemouse x="94" y="206" a="0" width="37.35" height="34.3"/>
  <staticblueskin x="75" y="333" cx="10" cy="328" a="0" width="130" height="10"/>
  <staticblueskin x="162" y="301" cx="123" cy="298" a="0" width="78" height="6"/>
</scene>