<scene width="740" height="380">
  <timer time="80"/>
  <creator id="2741227"/>
  <bg id="5"/>
  <staticskin x="427" y="100" cx="371" cy="96" a="0" width="112" height="8"/>
  <staticblueskin x="579.5" y="153" cx="575" cy="118" a="0" width="9" height="70"/>
  <staticblueskin x="628.5" y="112.5" cx="623" cy="78" a="0" width="11" height="69"/>
  <staticblueskin x="676" y="72.5" cx="670" cy="43" a="0" width="12" height="59"/>
  <minkskin x="716" y="325" a="0" width="36" height="27"/>
  <staticblueskin x="736.5" y="203.5" cx="734" cy="37" a="0" width="5" height="333"/>
  <staticskin x="511" y="165.5" cx="470" cy="161" a="0" width="82" height="9"/>
  <staticblueskin x="435" y="223.5" cx="399" cy="220" a="0" width="72" height="7"/>
  <staticblueskin x="564" y="262" cx="559" cy="155" a="0" width="10" height="214"/>
  <staticblueskin x="505" y="281" cx="461" cy="275" a="0" width="88" height="12"/>
  <staticredskin x="465" y="355" cx="391" cy="351" a="0" width="148" height="8"/>
  <cheeseskin x="545" y="324" a="0" width="27.05" height="22"/>
  <littlemouse x="64" y="354" a="0" width="37.35" height="34.3"/>
  <staticblueskin x="233" y="150" cx="229" cy="9" a="0" width="8" height="282"/>
  <staticblueskin x="85" y="221.5" cx="81" cy="63" a="0" width="8" height="317"/>
  <springboardskin x="11" y="283" a="0" width="51" height="10.95"/>
  <springboardskin x="63" y="192" a="0" width="51" height="10.95"/>
  <springboardskin x="17" y="118" a="0" width="51" height="10.95"/>
  <groundred x="692.325" y="219.25" cx="689" cy="112" a="0" width="7.65" height="215.5"/>
  <staticredskin x="37" y="377" cx="-2" cy="374" a="0" width="78" height="6"/>
  <staticblueskin x="115" y="82.5" cx="81" cy="77" a="0" width="68" height="11"/>
  <staticblueskin x="192.5" y="138" cx="156" cy="133" a="0" width="73" height="10"/>
  <staticblueskin x="114" y="191.5" cx="83" cy="186" a="0" width="62" height="11"/>
  <staticblueskin x="202.5" y="238" cx="168" cy="233" a="0" width="69" height="10"/>
  <staticblueskin x="116.5" y="294" cx="90" cy="283" a="0" width="53" height="22"/>
  <staticblueskin x="176" y="359.5" cx="150" cy="352" a="0" width="52" height="15"/>
  <staticblueskin x="256" y="349.5" cx="217" cy="345" a="0" width="78" height="9"/>
  <staticblueskin x="301.5" y="145.5" cx="298" cy="31" a="0" width="7" height="229"/>
  <staticredskin x="343" y="330" cx="311" cy="325" a="0" width="64" height="10"/>
  <staticblueskin x="398.5" y="221.5" cx="394" cy="120" a="0" width="9" height="203"/>
  <staticblueskin x="364" y="3" cx="26" cy="-1" a="0" width="676" height="8"/>
</scene>