<scene width="740" height="380">
  <timer time="80"/>
  <creator id="2881222"/>
  <bg id="2"/>
  <staticskin x="3.5" y="300.5" cx="-15" cy="285" a="0" width="37" height="31"/>
  <springboardskin x="652" y="179" a="0" width="51" height="10.95"/>
  <ballskin x="380" y="350" a="0" width="25" height="25"/>
  <minkskin x="713" y="220" a="0" width="36" height="27"/>
  <staticredskin x="48" y="371" cx="1" cy="364" a="0" width="94" height="14"/>
  <staticblueskin x="138.5" y="280" cx="128" cy="159" a="0" width="21" height="242"/>
  <staticblueskin x="184" y="312" cx="176" cy="205" a="0" width="16" height="214"/>
  <staticblueskin x="232" y="321" cx="223" cy="237" a="0" width="18" height="168"/>
  <staticblueskin x="279.5" y="343" cx="271" cy="282" a="0" width="17" height="122"/>
  <staticblueskin x="324.5" y="353.5" cx="316" cy="323" a="0" width="17" height="61"/>
  <staticskin x="380.5" y="372.5" cx="349" cy="361" a="0" width="63" height="23"/>
  <staticblueskin x="439" y="359" cx="431" cy="328" a="0" width="16" height="62"/>
  <staticblueskin x="473.5" y="339.5" cx="466" cy="298" a="0" width="15" height="83"/>
  <staticblueskin x="512" y="323" cx="504" cy="253" a="0" width="16" height="140"/>
  <staticblueskin x="552" y="303" cx="544" cy="214" a="0" width="16" height="178"/>
  <staticblueskin x="593.5" y="277.5" cx="584" cy="165" a="0" width="19" height="225"/>
  <cheeseskin x="379" y="298" a="0" width="27.05" height="22"/>
  <littlemouse x="12" y="269" a="0" width="37.35" height="34.3"/>
</scene>