<scene width="740" height="380">
  <timer time="40"/>
  <creator id="2941007"/>
  <bg id="4"/>
  <springboardskin x="256" y="357" a="0" width="51" height="10.95"/>
  <springboardskin x="493" y="344" a="0" width="51" height="10.95"/>
  <springboardskin x="647" y="334" a="0" width="51" height="10.95"/>
  <springboardskin x="553" y="211" a="0" width="51" height="10.95"/>
  <springboardskin x="359" y="249" a="0" width="51" height="10.95"/>
  <springboardskin x="663" y="168" a="0" width="51" height="10.95"/>
  <minkskin x="705" y="51" a="0" width="36" height="27"/>
  <springboardskin x="174" y="164" a="0" width="51" height="10.95"/>
  <littlemouse x="120" y="284" a="0" width="37.35" height="34.3"/>
  <springboardskin x="117" y="348" a="0" width="51" height="10.95"/>
  <cheeseskin x="49" y="36" a="0" width="27.05" height="22"/>
</scene>