<scene width="740" height="380">
  <timer time="60"/>
  <creator id="2647080"/>
  <bg id="3"/>
  <minkskin x="643" y="46" a="0" width="36" height="27"/>
  <springboardskin x="80" y="360" a="0" width="51" height="10.95"/>
  <springboardskin x="138" y="362" a="0" width="51" height="10.95"/>
  <springboardskin x="248" y="362" a="0" width="51" height="10.95"/>
  <springboardskin x="304" y="362" a="0" width="51" height="10.95"/>
  <springboardskin x="422" y="359" a="0" width="51" height="10.95"/>
  <springboardskin x="487" y="361" a="0" width="51" height="10.95"/>
  <springboardskin x="626" y="356" a="0" width="51" height="10.95"/>
  <springboardskin x="672" y="298" a="0" width="51" height="10.95"/>
  <springboardskin x="620" y="242" a="0" width="51" height="10.95"/>
  <springboardskin x="689" y="185" a="0" width="51" height="10.95"/>
  <springboardskin x="450" y="417" a="0" width="51" height="10.95"/>
  <springboardskin x="605" y="159" a="0" width="51" height="10.95"/>
  <cheeseskin x="89" y="332" a="0" width="27.05" height="22"/>
  <littlemouse x="77" y="338" a="0" width="37.35" height="34.3"/>
</scene>