<scene width="740" height="380">
  <timer time="80"/>
  <creator id="2364760"/>
  <bg id="2"/>
  <staticblueskin x="477" y="367" cx="211" cy="352" a="0" width="532" height="30"/>
  <staticskin x="91.5" y="233.5" cx="-2" cy="86" a="0" width="187" height="295"/>
  <boxskin x="539" y="325" a="0" width="50" height="50"/>
  <staticblueskin x="358.5" y="103.5" cx="184" cy="88" a="0" width="349" height="31"/>
  <staticredskin x="641.5" y="210.5" cx="541" cy="201" a="0" width="201" height="19"/>
  <staticblueskin x="598" y="103" cx="534" cy="89" a="0" width="128" height="28"/>
  <cheeseskin x="667" y="342" a="0" width="27.05" height="22"/>
  <boxskin x="590" y="324" a="0" width="50" height="50"/>
  <ballskin x="325" y="240" a="0" width="23.8" height="26.05"/>
  <ballskin x="355" y="248" a="0" width="23.8" height="26.05"/>
  <ballskin x="376" y="178" a="0" width="23.8" height="26.05"/>
  <ballskin x="407" y="198" a="0" width="23.8" height="26.05"/>
  <ballskin x="403" y="303" a="0" width="23.8" height="26.05"/>
  <ballskin x="451" y="249" a="0" width="23.8" height="26.05"/>
  <ballskin x="492" y="233" a="0" width="23.8" height="26.05"/>
  <ballskin x="465" y="213" a="0" width="23.8" height="26.05"/>
  <ballskin x="412" y="238" a="0" width="23.8" height="26.05"/>
  <ballskin x="389" y="265" a="0" width="23.8" height="26.05"/>
  <springboardskin x="119" y="79" a="0" width="51" height="10.95"/>
  <springboardskin x="479" y="348" a="0" width="51" height="10.95"/>
  <tree x="50" y="36" a="0" width="78.35" height="100"/>
  <minkskin x="245" y="339" a="0" width="36" height="27"/>
  <littlemouse x="43" y="72" a="0" width="37.35" height="34.3"/>
  <staticredskin x="562.5" y="195.5" cx="559" cy="190" a="0" width="7" height="11"/>
  <staticredskin x="613.5" y="195.5" cx="610" cy="189" a="0" width="7" height="13"/>
  <staticredskin x="663" y="195.5" cx="659" cy="190" a="0" width="8" height="11"/>
</scene>