<scene width="740" height="380">
  <timer time="80"/>
  <creator id="1283215"/>
  <bg id="12"/>
  <staticredskin x="5.5" y="364" cx="3" cy="352" a="0" width="5" height="24"/>
  <groundblue x="41" y="58.65" cx="15" cy="54" a="0" width="53" height="10.3"/>
  <staticskin x="335.5" y="367.5" cx="282" cy="361" a="0" width="107" height="13"/>
  <littlemouse x="333" y="343" a="0" width="37.35" height="34.3"/>
  <cheeseskin x="32" y="24" a="0" width="27.05" height="22"/>
  <staticskin x="361.5" y="327.5" cx="351" cy="324" a="0" width="21" height="7"/>
  <staticblueskin x="383.5" y="316.5" cx="372" cy="313" a="0" width="23" height="7"/>
  <staticskin x="297" y="328.5" cx="287" cy="326" a="0" width="20" height="5"/>
  <staticblueskin x="280.5" y="316" cx="270" cy="311" a="0" width="21" height="10"/>
  <staticskin x="408" y="304" cx="392" cy="300" a="0" width="32" height="8"/>
  <staticblueskin x="431.5" y="291" cx="414" cy="286" a="0" width="35" height="10"/>
  <staticskin x="258" y="302.5" cx="246" cy="298" a="0" width="24" height="9"/>
  <staticblueskin x="234.5" y="288" cx="223" cy="284" a="0" width="23" height="8"/>
  <staticblueskin x="458.5" y="278" cx="443" cy="273" a="0" width="31" height="10"/>
  <staticblueskin x="206" y="273" cx="190" cy="267" a="0" width="32" height="12"/>
  <staticskin x="238" y="233" cx="223" cy="229" a="0" width="30" height="8"/>
  <staticskin x="433.5" y="236" cx="417" cy="231" a="0" width="33" height="10"/>
  <staticblueskin x="265" y="219" cx="248" cy="214" a="0" width="34" height="10"/>
  <staticblueskin x="407.5" y="218.5" cx="392" cy="212" a="0" width="31" height="13"/>
  <staticskin x="289" y="203" cx="276" cy="198" a="0" width="26" height="10"/>
  <staticskin x="384" y="204.5" cx="369" cy="198" a="0" width="30" height="13"/>
  <staticblueskin x="335.5" y="207" cx="303" cy="202" a="0" width="65" height="10"/>
  <rpointer x="281" y="411" a="0" width="40" height="33.7"/>
  <rpointer x="330" y="415" a="0" width="40" height="33.7"/>
  <bush x="330" y="415" a="0" width="59.4" height="32.3"/>
  <staticblueskin x="53.5" y="220" cx="49" cy="139" a="0" width="9" height="162"/>
  <staticblueskin x="165.55" y="335.55" cx="51" cy="305" a="13" width="237" height="8"/>
  <lpointer x="289" y="341" a="0" width="40" height="33.7"/>
  <tree2 x="336" y="105" a="0" width="84.85" height="100"/>
  <stone x="77" y="294" a="0" width="31.25" height="22.9"/>
  <groundblue x="638" y="369.85" cx="601" cy="366" a="0" width="75" height="8.7"/>
  <ground x="594.55" y="344.025" cx="590" cy="315" a="0" width="9.1" height="58.05"/>
  <cheeseskin x="617" y="354" a="0" width="27.05" height="22"/>
  <carrierhorizontal x="15" y="87" linewidth="300" lineheight="20" boxwidth="50" boxheight="20"/>
  <carrierhorizontal x="380" y="85" linewidth="300" lineheight="20" boxwidth="50" boxheight="20"/>
  <cactus x="655" y="342" a="0" width="20" height="42.55"/>
  <staticredskin x="30.5" y="305.5" cx="11" cy="302" a="0" width="39" height="7"/>
  <staticredskin x="31" y="140" cx="14" cy="136" a="0" width="34" height="8"/>
  <cheeseskin x="30" y="162" a="0" width="27.05" height="22"/>
  <cheeseskin x="31" y="215" a="0" width="27.05" height="22"/>
  <cheeseskin x="33" y="277" a="0" width="27.05" height="22"/>
  <staticskin x="336" y="191" cx="301" cy="181" a="0" width="70" height="20"/>
  <staticblueskin x="335" y="170.5" cx="315" cy="164" a="0" width="40" height="13"/>
  <staticskin x="505" y="360" cx="493" cy="350" a="0" width="24" height="20"/>
  <springboardskin x="335" y="154" a="0" width="51" height="10.95"/>
  <boxskin x="516" y="323" a="0" width="50" height="50"/>
  <heavyboxskin x="370" y="348" a="0" width="41" height="22"/>
  <heavyboxskin x="33" y="342" a="0" width="41" height="22"/>
  <heavyboxskin x="79" y="358" a="0" width="41" height="22"/>
  <heavyboxskin x="132" y="346" a="0" width="41" height="22"/>
  <staticblueskin x="144.5" y="380" cx="12" cy="372" a="0" width="265" height="16"/>
  <flowers1 x="513" y="280" a="0" width="60" height="58.2"/>
  <minkskin x="714" y="364" a="-160" width="36" height="27"/>
  <staticblueskin x="686" y="214" cx="681" cy="52" a="0" width="10" height="324"/>
  <staticredskin x="6.5" y="181.5" cx="2" cy="8" a="0" width="9" height="347"/>
</scene>