<scene width="740" height="380">
  <timer time="40"/>
  <creator id="2922082"/>
  <bg id="4"/>
  <ballskin x="520" y="85" a="0" width="25" height="25"/>
  <ballskin x="521" y="103" a="0" width="25" height="25"/>
  <ballskin x="402" y="248" a="0" width="25" height="25"/>
  <ballskin x="468" y="175" a="0" width="25" height="25"/>
  <ballskin x="274" y="60" a="0" width="25" height="25"/>
  <ballskin x="492" y="79" a="0" width="25" height="25"/>
  <ballskin x="513" y="196" a="0" width="25" height="25"/>
  <ballskin x="602" y="124" a="0" width="25" height="25"/>
  <staticskin x="361" y="345" cx="21" cy="337" a="0" width="680" height="16"/>
  <littlemouse x="668" y="302" a="0" width="37.35" height="34.3"/>
  <minkskin x="659" y="319" a="0" width="36" height="27"/>
  <cheeseskin x="42" y="319" a="0" width="27.05" height="22"/>
  <ballskin x="24" y="125" a="0" width="25" height="25"/>
  <ballskin x="44" y="127" a="0" width="25" height="25"/>
  <ballskin x="219" y="164" a="0" width="25" height="25"/>
  <ballskin x="385" y="147" a="0" width="25" height="25"/>
  <ballskin x="314" y="133" a="0" width="25" height="25"/>
  <ballskin x="349" y="128" a="0" width="25" height="25"/>
  <ballskin x="391" y="104" a="0" width="25" height="25"/>
  <ballskin x="292" y="75" a="0" width="25" height="25"/>
  <ballskin x="94" y="108" a="0" width="25" height="25"/>
  <ballskin x="71" y="124" a="0" width="25" height="25"/>
  <ballskin x="476" y="112" a="0" width="25" height="25"/>
  <ballskin x="121" y="127" a="0" width="25" height="25"/>
  <ballskin x="645" y="286" a="0" width="25" height="25"/>
  <ballskin x="635" y="131" a="0" width="25" height="25"/>
  <springboardskin x="579" y="145" a="0" width="51" height="10.95"/>
  <heavyboxskin x="461" y="204" a="0" width="41.05" height="22"/>
  <ballskin x="260" y="90" a="0" width="25" height="25"/>
  <ballskin x="248" y="141" a="0" width="25" height="25"/>
  <ballskin x="269" y="142" a="0" width="25" height="25"/>
  <ballskin x="165" y="87" a="0" width="25" height="25"/>
  <ballskin x="210" y="88" a="0" width="25" height="25"/>
  <ballskin x="220" y="87" a="0" width="25" height="25"/>
  <ballskin x="360" y="142" a="0" width="25" height="25"/>
  <ballskin x="542" y="219" a="0" width="25" height="25"/>
  <ballskin x="631" y="203" a="0" width="25" height="25"/>
  <ballskin x="449" y="63" a="0" width="25" height="25"/>
  <ballskin x="443" y="203" a="0" width="25" height="25"/>
  <ballskin x="420" y="154" a="0" width="25" height="25"/>
  <ballskin x="562" y="195" a="0" width="25" height="25"/>
  <ballskin x="678" y="189" a="0" width="25" height="25"/>
  <ballskin x="605" y="191" a="0" width="25" height="25"/>
  <ballskin x="644" y="171" a="0" width="25" height="25"/>
  <ballskin x="559" y="135" a="0" width="25" height="25"/>
  <ballskin x="538" y="176" a="0" width="25" height="25"/>
  <ballskin x="184" y="111" a="0" width="25" height="25"/>
  <ballskin x="27" y="288" a="0" width="25" height="25"/>
  <ballskin x="348" y="239" a="0" width="25" height="25"/>
  <ballskin x="374" y="254" a="0" width="25" height="25"/>
  <ballskin x="379" y="277" a="0" width="25" height="25"/>
  <ballskin x="231" y="226" a="0" width="25" height="25"/>
  <ballskin x="111" y="107" a="0" width="25" height="25"/>
  <heavyboxskin x="329" y="136" a="0" width="41.05" height="22"/>
  <heavyboxskin x="670" y="269" a="0" width="41.05" height="22"/>
  <heavyboxskin x="483" y="265" a="0" width="41.05" height="22"/>
  <ballskin x="353" y="156" a="0" width="25" height="25"/>
  <ballskin x="563" y="125" a="0" width="25" height="25"/>
  <ballskin x="455" y="100" a="0" width="25" height="25"/>
</scene>