<scene width="740" height="380">
  <timer time="60"/>
  <creator id="2841355"/>
  <bg id="7"/>
  <boxskin x="40" y="287" a="0" width="50" height="50"/>
  <staticskin x="62" y="318.5" cx="32" cy="313" a="0" width="60" height="11"/>
  <staticblueskin x="198.5" y="320.5" cx="94" cy="312" a="0" width="209" height="17"/>
  <staticredskin x="306" y="281" cx="294" cy="277" a="0" width="24" height="8"/>
  <staticblueskin x="283.5" y="281" cx="274" cy="277" a="0" width="19" height="8"/>
  <boxskin x="328" y="205" a="0" width="50" height="50"/>
  <staticskin x="311" y="256" cx="304" cy="230" a="0" width="14" height="52"/>
  <staticredskin x="329.5" y="248.5" cx="311" cy="220" a="0" width="37" height="57"/>
  <littlemouse x="51" y="254" a="0" width="37.35" height="34.3"/>
  <minkskin x="464" y="308" a="0" width="36" height="27"/>
  <cheeseskin x="465" y="269" a="0" width="27.05" height="22"/>
  <carrierhorizontal x="220" y="138" linewidth="300" lineheight="20" boxwidth="50" boxheight="20"/>
  <carriervertical x="319" y="74" linewidth="50" lineheight="200" boxwidth="50" boxheight="20"/>
  <springboardskin x="309" y="178" a="0" width="51" height="10.95"/>
  <staticredskin x="283.5" y="280.5" cx="271" cy="274" a="0" width="25" height="13"/>
  <rpointer x="181" y="313" a="0" width="40" height="33.7"/>
  <lpointer x="339" y="184" a="0" width="40" height="33.7"/>
  <groundblue x="359.925" y="139.5" cx="346" cy="98" a="0" width="27.85" height="83"/>
  <groundred x="360.025" y="90" cx="345" cy="73" a="0" width="30.05" height="34"/>
  <cheeseskin x="465" y="345" a="0" width="27.05" height="22"/>
  <cheeseskin x="430" y="309" a="0" width="27.05" height="22"/>
  <cheeseskin x="501" y="317" a="0" width="27.05" height="22"/>
  <staticredskin x="503" y="327" cx="370" cy="320" a="0" width="266" height="14"/>
  <springboardskin x="463" y="289" a="0" width="51" height="10.95"/>
  <lpointer x="530" y="325" a="0" width="40" height="33.7"/>
  <rpointer x="400" y="319" a="0" width="40" height="33.7"/>
  <heavyboxskin x="258" y="118" a="0" width="41.05" height="22"/>
  <heavyboxskin x="318" y="70" a="0" width="41.05" height="22"/>
  <ballskin x="353" y="69" a="0" width="25" height="25"/>
  <ballskin x="393" y="308" a="0" width="25" height="25"/>
  <ballskin x="416" y="304" a="0" width="25" height="25"/>
  <ballskin x="450" y="304" a="0" width="25" height="25"/>
</scene>