<scene width="740" height="380">
  <timer time="120"/>
  <creator id="2984320"/>
  <bg id="1"/>
  <ground x="425.5" y="62.05" cx="64" cy="56" a="0" width="723" height="12.1"/>
  <staticskin x="295.5" y="160" cx="-30" cy="152" a="0" width="651" height="16"/>
  <ground x="445.5" y="244.55" cx="73" cy="239" a="0" width="745" height="11.1"/>
  <springboardskin x="33" y="337" a="0" width="51" height="10.95"/>
  <littlemouse x="704" y="41" a="0" width="37.35" height="34.3"/>
  <lpointer x="409" y="39" a="0" width="40" height="33.7"/>
  <staticskin x="369.5" y="347.5" cx="-8" cy="342" a="0" width="755" height="11"/>
  <cheeseskin x="709" y="281" a="0" width="27.05" height="22"/>
  <minkskin x="430" y="225" a="0" width="36" height="27"/>
  <bush x="675" y="40" a="0" width="59.4" height="32.3"/>
  <cactus x="447" y="35" a="0" width="20" height="42.55"/>
  <ballskin x="57" y="138" a="0" width="25" height="25"/>
  <ballskin x="124" y="138" a="0" width="25" height="25"/>
  <ballskin x="308" y="138" a="0" width="25" height="25"/>
  <ballskin x="373" y="140" a="0" width="25" height="25"/>
  <ballskin x="192" y="140" a="0" width="25" height="25"/>
  <ballskin x="425" y="139" a="0" width="25" height="25"/>
  <ballskin x="247" y="141" a="0" width="25" height="25"/>
  <ballskin x="482" y="139" a="0" width="25" height="25"/>
  <ballskin x="530" y="138" a="0" width="25" height="25"/>
  <stone x="467" y="229" a="0" width="31.25" height="22.9"/>
  <stone x="393" y="229" a="0" width="31.25" height="22.9"/>
  <flowers2 x="543" y="224" a="0" width="60" height="33.45"/>
  <tree2 x="658" y="292" a="0" width="84.85" height="100"/>
  <flowers1 x="633" y="328" a="0" width="60" height="58.2"/>
  <flowers1 x="591" y="329" a="0" width="60" height="58.2"/>
  <flowers1 x="551" y="329" a="0" width="60" height="58.2"/>
  <flowers1 x="486" y="329" a="0" width="60" height="58.2"/>
  <tree x="508" y="292" a="0" width="78.35" height="100"/>
  <tree2 x="353" y="293" a="0" width="84.85" height="100"/>
  <tree x="155" y="293" a="0" width="78.35" height="100"/>
  <flowers1 x="442" y="331" a="0" width="60" height="58.2"/>
  <flowers1 x="397" y="328" a="0" width="60" height="58.2"/>
  <flowers2 x="322" y="328" a="0" width="60" height="33.45"/>
  <flowers2 x="264" y="328" a="0" width="60" height="33.45"/>
  <flowers2 x="207" y="327" a="0" width="60" height="33.45"/>
  <boxskin x="708" y="318" a="0" width="50" height="50"/>
  <rpointer x="114" y="323" a="0" width="40" height="33.7"/>
  <bush x="132" y="329" a="0" width="59.4" height="32.3"/>
  <bush x="85" y="328" a="0" width="59.4" height="32.3"/>
  <ballskin x="334" y="223" a="0" width="25" height="25"/>
  <ballskin x="592" y="225" a="0" width="25" height="25"/>
  <ballskin x="656" y="224" a="0" width="25" height="25"/>
  <ballskin x="697" y="225" a="0" width="25" height="25"/>
  <tree x="704" y="188" a="0" width="78.35" height="100"/>
  <heavyboxskin x="277" y="226" a="0" width="41.05" height="22"/>
  <heavyboxskin x="241" y="227" a="0" width="41.05" height="22"/>
  <heavyboxskin x="200" y="227" a="0" width="41.05" height="22"/>
  <ballskin x="158" y="224" a="0" width="25" height="25"/>
  <ballskin x="110" y="224" a="0" width="25" height="25"/>
  <flowers2 x="593" y="135" a="0" width="60" height="33.45"/>
</scene>