<scene width="740" height="380">
  <timer time="60"/>
  <creator id="2529593"/>
  <bg id="4"/>
  <cheeseskin x="168" y="77" a="0" width="27.05" height="22"/>
  <cheeseskin x="670" y="305" a="0" width="27.05" height="22"/>
  <staticskin x="105.5" y="365" cx="25" cy="356" a="0" width="161" height="18"/>
  <staticblueskin x="179.5" y="336.5" cx="175" cy="316" a="0" width="9" height="41"/>
  <littlemouse x="97" y="342" a="0" width="37.35" height="34.3"/>
  <springboardskin x="260" y="319" a="0" width="51" height="10.95"/>
  <staticskin x="356.5" y="262.5" cx="334" cy="254" a="0" width="45" height="17"/>
  <staticblueskin x="435.5" y="225" cx="409" cy="215" a="0" width="53" height="20"/>
  <staticskin x="524" y="184.5" cx="492" cy="175" a="0" width="64" height="19"/>
  <carrierhorizontal x="232" y="102" linewidth="320" lineheight="20" boxwidth="50" boxheight="20"/>
  <staticblueskin x="130.5" y="65.5" cx="127" cy="38" a="0" width="7" height="55"/>
  <staticskin x="27.5" y="327" cx="23" cy="281" a="0" width="9" height="92"/>
  <staticblueskin x="592.5" y="136.5" cx="560" cy="126" a="0" width="65" height="21"/>
  <minkskin x="684" y="48" a="0" width="36" height="27"/>
  <staticredskin x="649" y="121.5" cx="646" cy="119" a="0" width="6" height="5"/>
  <staticskin x="688.5" y="66" cx="660" cy="63" a="0" width="57" height="6"/>
  <staticskin x="164.5" y="99.5" cx="128" cy="95" a="0" width="73" height="9"/>
</scene>