<scene width="740" height="380">
  <timer time="60"/>
  <creator id="2888484"/>
  <bg id="3"/>
  <ballskin x="426" y="165" a="0" width="23.8" height="26.05"/>
  <ballskin x="352" y="168" a="0" width="23.8" height="26.05"/>
  <ballskin x="353" y="133" a="0" width="23.8" height="26.05"/>
  <ballskin x="381" y="135" a="0" width="23.8" height="26.05"/>
  <groundred x="559.25" y="235.25" cx="555" cy="198" a="0" width="9.5" height="75.5"/>
  <staticblueskin x="617.1500000000001" y="305.275" cx="573" cy="263" a="40" width="122" height="8"/>
  <staticskin x="57" y="70.5" cx="1" cy="63" a="0" width="112" height="15"/>
  <staticskin x="107.5" y="152.5" cx="102" cy="77" a="0" width="11" height="151"/>
  <staticredskin x="46" y="282" cx="23" cy="275" a="0" width="46" height="14"/>
  <staticskin x="82.5" y="282.5" cx="70" cy="277" a="0" width="25" height="11"/>
  <staticskin x="11" y="281" cx="-2" cy="275" a="0" width="26" height="12"/>
  <cheeseskin x="51" y="106" a="0" width="27.05" height="22"/>
  <littlemouse x="49" y="46" a="0" width="37.35" height="34.3"/>
  <staticskin x="139.5" y="95" cx="130" cy="91" a="0" width="19" height="8"/>
  <staticskin x="173" y="113.5" cx="163" cy="109" a="0" width="20" height="9"/>
  <staticskin x="206.5" y="131.5" cx="195" cy="127" a="0" width="23" height="9"/>
  <staticskin x="237.5" y="149" cx="226" cy="145" a="0" width="23" height="8"/>
  <staticskin x="270" y="166" cx="257" cy="161" a="0" width="26" height="10"/>
  <staticblueskin x="412.5" y="198" cx="334" cy="192" a="0" width="157" height="12"/>
  <staticskin x="527.5" y="225" cx="515" cy="221" a="0" width="25" height="8"/>
  <staticskin x="604" y="138.5" cx="591" cy="134" a="0" width="26" height="9"/>
  <staticskin x="643" y="121.5" cx="631" cy="116" a="0" width="24" height="11"/>
  <staticskin x="702.5" y="114.5" cx="671" cy="106" a="0" width="63" height="17"/>
  <minkskin x="686" y="326" a="0" width="36" height="27"/>
  <staticredskin x="225.775" y="268.45" cx="108" cy="306" a="-20" width="247" height="10"/>
  <cheeseskin x="724" y="22" a="0" width="27.05" height="22"/>
  <ballskin x="382" y="148" a="0" width="23.8" height="26.05"/>
  <ballskin x="408" y="143" a="0" width="23.8" height="26.05"/>
  <ballskin x="401" y="169" a="0" width="23.8" height="26.05"/>
</scene>