<scene width="740" height="380">
  <timer time="60"/>
  <creator id="2472080"/>
  <bg id="4"/>
  <staticblueskin x="617" y="36.5" cx="526" cy="34" a="0" width="182" height="5"/>
  <staticskin x="478" y="378.5" cx="-17" cy="376" a="0" width="990" height="5"/>
  <littlemouse x="692" y="274" a="0" width="37.35" height="34.3"/>
  <staticskin x="508" y="299" cx="505" cy="296" a="0" width="6" height="6"/>
  <staticskin x="5" y="304" cx="-7" cy="299" a="0" width="24" height="10"/>
  <staticskin x="56" y="330" cx="44" cy="327" a="0" width="24" height="6"/>
  <staticskin x="148.5" y="333.5" cx="140" cy="330" a="0" width="17" height="7"/>
  <staticskin x="103.5" y="361" cx="94" cy="356" a="0" width="19" height="10"/>
  <staticskin x="32.5" y="361.5" cx="25" cy="357" a="0" width="15" height="9"/>
  <staticskin x="257" y="297" cx="249" cy="294" a="0" width="16" height="6"/>
  <staticskin x="225" y="356" cx="218" cy="352" a="0" width="14" height="8"/>
  <staticskin x="290.5" y="369.5" cx="275" cy="366" a="0" width="31" height="7"/>
  <staticskin x="273.5" y="336" cx="262" cy="332" a="0" width="23" height="8"/>
  <staticskin x="394.5" y="352.5" cx="388" cy="349" a="0" width="13" height="7"/>
  <staticskin x="467.5" y="373" cx="460" cy="368" a="0" width="15" height="10"/>
  <staticskin x="505.5" y="359.5" cx="498" cy="356" a="0" width="15" height="7"/>
  <staticskin x="419" y="316.5" cx="411" cy="314" a="0" width="16" height="5"/>
  <staticblueskin x="110" y="102" cx="107" cy="69" a="0" width="6" height="66"/>
  <staticblueskin x="388.5" y="138.5" cx="87" cy="136" a="0" width="603" height="5"/>
  <staticredskin x="115" y="52" cx="112" cy="13" a="0" width="6" height="78"/>
  <staticredskin x="707.5" y="-5.5" cx="705" cy="-44" a="0" width="5" height="77"/>
  <staticskin x="564" y="336.5" cx="557" cy="330" a="0" width="14" height="13"/>
  <staticskin x="692.5" y="289.5" cx="686" cy="286" a="0" width="13" height="7"/>
  <staticskin x="656" y="339.5" cx="639" cy="334" a="0" width="34" height="11"/>
  <staticskin x="714.5" y="327.5" cx="707" cy="323" a="0" width="15" height="9"/>
  <staticskin x="612.875" y="180.175" cx="534" cy="217" a="-27" width="174" height="6"/>
  <staticskin x="656.6" y="224.77499999999998" cx="559" cy="270" a="-27" width="215" height="8"/>
  <staticskin x="604.5" y="365.5" cx="599" cy="363" a="0" width="11" height="5"/>
  <staticskin x="606" y="298" cx="600" cy="295" a="0" width="12" height="6"/>
  <staticskin x="182.175" y="259.425" cx="23" cy="243" a="5" width="320" height="5"/>
  <cheeseskin x="625" y="17" a="0" width="27.05" height="22"/>
  <minkskin x="702" y="356" a="0" width="36" height="27"/>
  <staticredskin x="177.5" y="-3" cx="29" cy="-8" a="0" width="297" height="10"/>
  <staticredskin x="406.5" y="125" cx="404" cy="113" a="0" width="5" height="24"/>
  <stone x="351" y="364" a="0" width="31.25" height="22.9"/>
  <staticredskin x="739.5" y="313" cx="736" cy="1" a="0" width="7" height="624"/>
  <staticskin x="447" y="273" cx="329" cy="270" a="0" width="236" height="6"/>
  <tree2 x="199" y="209" a="3" width="84.85" height="100"/>
  <flowers1 x="553" y="407" a="0" width="60" height="58.2"/>
  <staticblueskin x="177" y="93.5" cx="114" cy="91" a="0" width="126" height="5"/>
  <staticblueskin x="357" y="113.5" cx="304" cy="111" a="0" width="106" height="5"/>
</scene>