<scene width="740" height="380">
  <timer time="80"/>
  <creator id="2419441"/>
  <bg id="12"/>
  <flowers1 x="695" y="338" a="0" width="60" height="58.2"/>
  <carrierhorizontal x="504" y="226" linewidth="300" lineheight="20" boxwidth="50" boxheight="20"/>
  <springboardskin x="178" y="353" a="0" width="51" height="10.95"/>
  <springboardskin x="119" y="258" a="0" width="51" height="10.95"/>
  <staticredskin x="83.5" y="121.5" cx="75" cy="-19" a="0" width="17" height="281"/>
  <cheeseskin x="160" y="168" a="0" width="27.05" height="22"/>
  <ground x="13" y="217" cx="2" cy="56" a="0" width="22" height="322"/>
  <littlemouse x="14" y="38" a="0" width="37.35" height="34.3"/>
  <minkskin x="641" y="180" a="0" width="36" height="27"/>
  <groundblue x="340" y="257.5" cx="206" cy="178" a="0" width="269" height="160"/>
  <rpointer x="328" y="158" a="0" width="40" height="33.7"/>
  <heavyboxskin x="266" y="167" a="0" width="41" height="22"/>
  <heavyboxskin x="383" y="165" a="0" width="41" height="22"/>
  <tree x="431" y="127" a="0" width="78.35" height="100"/>
  <staticredskin x="600.5" y="370" cx="583" cy="363" a="0" width="35" height="14"/>
  <springboardskin x="84" y="372" a="0" width="51" height="10.95"/>
  <ground x="510.525" y="359.5" cx="497" cy="351" a="0" width="27.05" height="17"/>
  <ground x="697.025" y="358.5" cx="682" cy="349" a="0" width="30.05" height="19"/>
  <flowers1 x="509" y="343" a="0" width="60" height="58.2"/>
</scene>