<scene width="740" height="380">
  <timer time="80"/>
  <creator id="2092602"/>
  <bg id="8"/>
  <staticblueskin x="403" y="265" cx="399" cy="237" a="0" width="8" height="56"/>
  <staticblueskin x="394" y="275" cx="390" cy="270" a="0" width="8" height="10"/>
  <staticskin x="437.5" y="243.5" cx="414" cy="235" a="0" width="47" height="17"/>
  <springboardskin x="434" y="215" a="0" width="51" height="10.95"/>
  <heavyboxskin x="281" y="32" a="0" width="41.05" height="22"/>
  <carriervertical x="641" y="68" linewidth="50" lineheight="200" boxwidth="50" boxheight="20"/>
  <staticredskin x="44" y="23" cx="30" cy="-5" a="0" width="28" height="56"/>
  <staticblueskin x="326" y="63" cx="50" cy="47" a="0" width="552" height="32"/>
  <staticblueskin x="469.5" y="45" cx="466" cy="40" a="0" width="7" height="10"/>
  <stone x="67" y="31" a="0" width="31.25" height="22.9"/>
  <staticskin x="689" y="195" cx="685" cy="54" a="0" width="8" height="282"/>
  <staticskin x="362.5" y="340.5" cx="39" cy="338" a="0" width="647" height="5"/>
  <flowers1 x="435" y="34" a="0" width="60" height="58.2"/>
  <littlemouse x="69" y="33" a="0" width="37.35" height="34.3"/>
  <cheeseskin x="547" y="93" a="0" width="27.05" height="22"/>
  <staticskin x="513.5" y="124.5" cx="501" cy="83" a="0" width="25" height="83"/>
  <staticskin x="564.5" y="161" cx="535" cy="158" a="0" width="59" height="6"/>
  <minkskin x="437" y="111" a="0" width="36" height="27"/>
  <staticskin x="343.5" y="219" cx="341" cy="102" a="0" width="5" height="234"/>
  <staticskin x="352.5" y="310.5" cx="347" cy="305" a="0" width="11" height="11"/>
</scene>