<scene width="740" height="380">
  <timer time="120"/>
  <creator id="3006333"/>
  <bg id="2"/>
  <staticskin x="682.5" y="194" cx="624" cy="190" a="0" width="117" height="8"/>
  <staticblueskin x="577.5" y="353.5" cx="573" cy="327" a="0" width="9" height="53"/>
  <minkskin x="723" y="226" a="0" width="36" height="27"/>
  <ballskin x="610" y="229" a="0" width="25" height="25"/>
  <staticskin x="545.5" y="3" cx="350" cy="-1" a="0" width="391" height="8"/>
  <littlemouse x="725" y="350" a="0" width="37.35" height="34.3"/>
  <staticredskin x="352.5" y="339.5" cx="350" cy="293" a="0" width="5" height="93"/>
  <bush x="690" y="289" a="0" width="59.4" height="32.3"/>
  <staticblueskin x="320" y="320" cx="317" cy="254" a="0" width="6" height="132"/>
  <staticblueskin x="283.5" y="312.5" cx="280" cy="229" a="0" width="7" height="167"/>
  <staticblueskin x="244.5" y="291" cx="240" cy="199" a="0" width="9" height="184"/>
  <staticblueskin x="203" y="279.5" cx="197" cy="165" a="0" width="12" height="229"/>
  <staticblueskin x="153.5" y="260.5" cx="148" cy="144" a="0" width="11" height="233"/>
  <staticskin x="110" y="287.5" cx="105" cy="186" a="0" width="10" height="203"/>
  <staticblueskin x="65" y="306.5" cx="60" cy="209" a="0" width="10" height="195"/>
  <staticredskin x="690" y="308.5" cx="665" cy="305" a="0" width="50" height="7"/>
  <springboardskin x="30" y="377" a="0" width="51" height="10.95"/>
  <cheeseskin x="26" y="343" a="0" width="27.05" height="22"/>
  <staticredskin x="13.5" y="309" cx="-6" cy="305" a="0" width="39" height="8"/>
  <staticredskin x="1" y="343.5" cx="-3" cy="314" a="0" width="8" height="59"/>
  <staticredskin x="563.5" y="247.5" cx="375" cy="243" a="0" width="377" height="9"/>
  <staticskin x="725.5" y="368.5" cx="719" cy="364" a="0" width="13" height="9"/>
  <staticskin x="654" y="378" cx="640" cy="373" a="0" width="28" height="10"/>
  <staticskin x="523" y="362" cx="514" cy="358" a="0" width="18" height="8"/>
  <staticblueskin x="458.5" y="370" cx="445" cy="366" a="0" width="27" height="8"/>
  <staticskin x="391.5" y="351.5" cx="374" cy="345" a="0" width="35" height="13"/>
  <staticblueskin x="502" y="211.5" cx="499" cy="179" a="0" width="6" height="65"/>
  <staticredskin x="446" y="145" cx="440" cy="47" a="0" width="12" height="196"/>
  <staticblueskin x="518" y="206" cx="515" cy="169" a="0" width="6" height="74"/>
  <heavyboxskin x="453" y="353" a="0" width="41.05" height="22"/>
  <ballskin x="477" y="228" a="0" width="25" height="25"/>
  <staticblueskin x="533.5" y="183.5" cx="530" cy="123" a="0" width="7" height="121"/>
  <staticblueskin x="548" y="173.5" cx="544" cy="104" a="0" width="8" height="139"/>
  <staticredskin x="583.5" y="153" cx="579" cy="64" a="0" width="9" height="178"/>
  <staticredskin x="645" y="68" cx="588" cy="64" a="0" width="114" height="8"/>
  <staticskin x="689" y="111" cx="636" cy="108" a="0" width="106" height="6"/>
  <ballskin x="722" y="93" a="0" width="25" height="25"/>
  <staticskin x="645.5" y="151.5" cx="589" cy="148" a="0" width="113" height="7"/>
</scene>