<scene width="740" height="380">
  <timer time="60"/>
  <creator id="2402327"/>
  <bg id="1"/>
  <staticredskin x="333" y="261.5" cx="325" cy="257" a="0" width="16" height="9"/>
  <cheeseskin x="583" y="30" a="0" width="27.05" height="22"/>
  <springboardskin x="204" y="327" a="0" width="51" height="10.95"/>
  <springboardskin x="253" y="327" a="0" width="51" height="10.95"/>
  <staticredskin x="289" y="342.5" cx="286" cy="306" a="0" width="6" height="73"/>
  <littlemouse x="106" y="43" a="0" width="37.35" height="34.3"/>
  <cheeseskin x="359" y="58" a="0" width="27.05" height="22"/>
  <staticskin x="104.5" y="205.5" cx="98" cy="74" a="0" width="13" height="263"/>
  <staticskin x="359" y="196.5" cx="354" cy="69" a="0" width="10" height="255"/>
  <staticblueskin x="339" y="369.5" cx="291" cy="360" a="0" width="96" height="19"/>
  <minkskin x="693" y="358" a="0" width="36" height="27"/>
  <springboardskin x="158" y="327" a="0" width="51" height="10.95"/>
  <cheeseskin x="544" y="31" a="0" width="27.05" height="22"/>
</scene>