<scene width="740" height="380">
  <timer time="80"/>
  <creator id="1777479"/>
  <bg id="2"/>
  <minkskin x="13" y="263" a="0" width="36" height="27"/>
  <staticskin x="164.5" y="204.5" cx="-54" cy="200" a="0" width="437" height="9"/>
  <staticskin x="227" y="236.5" cx="113" cy="232" a="0" width="228" height="9"/>
  <staticskin x="252.5" y="278.5" cx="200" cy="275" a="0" width="105" height="7"/>
  <littlemouse x="81" y="109" a="0" width="37.35" height="34.3"/>
  <staticblueskin x="52.5" y="85.5" cx="47" cy="35" a="0" width="11" height="101"/>
  <staticblueskin x="83" y="134.5" cx="47" cy="128" a="0" width="72" height="13"/>
  <staticblueskin x="206" y="91" cx="201" cy="52" a="0" width="10" height="78"/>
  <staticblueskin x="238.5" y="92" cx="234" cy="52" a="0" width="9" height="80"/>
  <staticblueskin x="222.825" y="91.525" cx="202" cy="57" a="-24" width="10" height="80"/>
  <staticblueskin x="139.5" y="126.5" cx="135" cy="89" a="0" width="9" height="75"/>
  <staticblueskin x="154.5" y="119" cx="136" cy="114" a="0" width="37" height="10"/>
  <staticblueskin x="154.5" y="92" cx="135" cy="88" a="0" width="39" height="8"/>
  <staticblueskin x="154.5" y="165.5" cx="135" cy="162" a="0" width="39" height="7"/>
  <staticblueskin x="172.5" y="106.5" cx="168" cy="89" a="0" width="9" height="35"/>
  <staticblueskin x="268.5" y="147.5" cx="264" cy="107" a="0" width="9" height="81"/>
  <staticblueskin x="306" y="146.5" cx="301" cy="106" a="0" width="10" height="81"/>
  <staticblueskin x="289.5" y="185.5" cx="267" cy="183" a="0" width="45" height="5"/>
  <staticblueskin x="287.5" y="106.5" cx="262" cy="104" a="0" width="51" height="5"/>
  <staticblueskin x="337" y="105" cx="334" cy="63" a="0" width="6" height="84"/>
  <staticblueskin x="352.825" y="81.95" cx="366" cy="57" a="35" width="7" height="56"/>
  <staticblueskin x="353.775" y="122.825" cx="335" cy="103" a="-35" width="8" height="54"/>
  <staticblueskin x="226" y="373" cx="199" cy="363" a="0" width="54" height="20"/>
  <carrierhorizontal x="396" y="377" linewidth="300" lineheight="20" boxwidth="50" boxheight="20"/>
  <staticblueskin x="156" y="346" cx="128" cy="340" a="0" width="56" height="12"/>
  <staticblueskin x="92.5" y="316" cx="71" cy="311" a="0" width="43" height="10"/>
  <lpointer x="721" y="349" a="0" width="40" height="33.7"/>
  <rpointer x="155" y="71" a="0" width="40" height="33.7"/>
  <staticredskin x="418.5" y="108.5" cx="397" cy="105" a="0" width="43" height="7"/>
  <staticredskin x="418.5" y="109.5" cx="415" cy="89" a="0" width="7" height="41"/>
  <staticblueskin x="470" y="78.5" cx="465" cy="32" a="0" width="10" height="93"/>
  <staticblueskin x="496.5" y="81.5" cx="491" cy="35" a="0" width="11" height="93"/>
  <staticblueskin x="483" y="34.5" cx="465" cy="32" a="0" width="36" height="5"/>
  <staticblueskin x="485" y="125.5" cx="466" cy="123" a="0" width="38" height="5"/>
  <staticblueskin x="656.5" y="164" cx="653" cy="124" a="0" width="7" height="80"/>
  <staticblueskin x="516.5" y="101.5" cx="512" cy="61" a="0" width="9" height="81"/>
  <staticblueskin x="530.925" y="82.675" cx="537" cy="58" a="24" width="9" height="50"/>
  <staticblueskin x="665.5" y="189.35" cx="654" cy="168" a="-20" width="7" height="48"/>
  <staticblueskin x="669.875" y="145.825" cx="677" cy="120" a="24" width="8" height="53"/>
  <staticblueskin x="532.175" y="130.3" cx="515" cy="104" a="-24" width="10" height="62"/>
  <staticblueskin x="578" y="131.5" cx="559" cy="127" a="0" width="38" height="9"/>
  <staticblueskin x="579" y="171.5" cx="560" cy="168" a="0" width="38" height="7"/>
  <staticblueskin x="578.5" y="212" cx="558" cy="209" a="0" width="41" height="6"/>
  <staticblueskin x="622.5" y="128" cx="615" cy="100" a="0" width="15" height="56"/>
  <staticblueskin x="622" y="77" cx="612" cy="72" a="0" width="20" height="10"/>
  <staticblueskin x="564" y="148.5" cx="559" cy="127" a="0" width="10" height="43"/>
  <staticblueskin x="592" y="192" cx="586" cy="171" a="0" width="12" height="42"/>
  <cheeseskin x="573" y="198" a="0" width="27.05" height="22"/>
  <staticblueskin x="17.5" y="283.5" cx="-31" cy="277" a="0" width="97" height="13"/>
  <staticblueskin x="345.5" y="353.5" cx="282" cy="347" a="0" width="127" height="13"/>
  <springboardskin x="513" y="277" a="0" width="51" height="10.95"/>
  <springboardskin x="632" y="331" a="0" width="51" height="10.95"/>
  <flowers1 x="224" y="346" a="0" width="60" height="58.2"/>
  <flowers2 x="520" y="403" a="0" width="60" height="33.45"/>
  <flowers1 x="155" y="326" a="0" width="60" height="58.2"/>
  <flowers1 x="89" y="295" a="0" width="60" height="58.2"/>
  <stone x="250" y="266" a="0" width="31.25" height="22.9"/>
  <stone x="25" y="190" a="0" width="31.25" height="22.9"/>
  <staticblueskin x="733" y="386" cx="699" cy="366" a="0" width="68" height="40"/>
</scene>