<scene width="740" height="380">
  <timer time="60"/>
  <creator id="2010232"/>
  <bg id="2"/>
  <flowers1 x="324" y="406" a="0" width="60" height="58.2"/>
  <bush x="332" y="144" a="0" width="59.4" height="32.3"/>
  <flowers2 x="519" y="400" a="0" width="60" height="33.45"/>
  <flowers1 x="27" y="34" a="0" width="60" height="58.2"/>
  <littlemouse x="331" y="72" a="0" width="37.35" height="34.3"/>
  <cheeseskin x="695" y="339" a="0" width="27.05" height="22"/>
  <minkskin x="31" y="30" a="0" width="36" height="27"/>
  <groundblue x="335" y="165.55" cx="276" cy="161" a="0" width="119" height="10.1"/>
  <groundblue x="403" y="183.025" cx="399" cy="162" a="0" width="9" height="43.05"/>
  <groundblue x="271.625" y="180.5" cx="267" cy="157" a="0" width="10.25" height="48"/>
  <cheeseskin x="334" y="202" a="0" width="27.05" height="22"/>
  <groundblue x="424.075" y="258" cx="418" cy="245" a="0" width="13.15" height="27"/>
  <groundblue x="466.5" y="241.075" cx="454" cy="235" a="0" width="26" height="13.15"/>
  <groundblue x="505.075" y="280.5" cx="499" cy="270" a="0" width="13.15" height="22"/>
  <groundblue x="692.5" y="362.625" cx="675" cy="358" a="0" width="36" height="10.25"/>
  <groundblue x="538.5" y="259.525" cx="532" cy="251" a="0" width="14" height="18.05"/>
  <groundblue x="568.05" y="260.5" cx="560" cy="252" a="0" width="17.1" height="18"/>
  <groundblue x="632.5250000000001" y="320.25" cx="676" cy="364" a="-139" width="124" height="10"/>
  <staticredskin x="427.5" y="404" cx="424" cy="373" a="0" width="7" height="62"/>
  <springboardskin x="335" y="283" a="0" width="51" height="10.95"/>
  <staticblueskin x="399.5" y="300.5" cx="394" cy="288" a="0" width="11" height="25"/>
  <carriervertical x="221" y="134" linewidth="50" lineheight="200" boxwidth="50" boxheight="20"/>
  <carriervertical x="625" y="397" linewidth="50" lineheight="200" boxwidth="50" boxheight="20"/>
  <carriervertical x="88" y="71" linewidth="50" lineheight="200" boxwidth="50" boxheight="20"/>
  <carrierhorizontal x="615" y="408" linewidth="300" lineheight="20" boxwidth="50" boxheight="20"/>
  <carriervertical x="153" y="100" linewidth="50" lineheight="200" boxwidth="50" boxheight="20"/>
  <carriervertical x="28" y="51" linewidth="50" lineheight="200" boxwidth="50" boxheight="20"/>
  <tree x="478" y="405" a="0" width="78.35" height="100"/>
  <tree2 x="331" y="227" a="0" width="84.85" height="100"/>
</scene>