<scene width="740" height="380">
  <timer time="80"/>
  <creator id="2010232"/>
  <bg id="6"/>
  <staticblueskin x="104.5" y="209" cx="76" cy="205" a="0" width="57" height="8"/>
  <staticblueskin x="47" y="152" cx="37" cy="144" a="0" width="20" height="16"/>
  <cheeseskin x="46" y="50" a="0" width="27.05" height="22"/>
  <groundblue x="363" y="263.55" cx="283" cy="257" a="0" width="161" height="14.1"/>
  <ground x="440.5" y="204.525" cx="428" cy="192" a="0" width="25" height="25.05"/>
  <ground x="478" y="165.025" cx="465" cy="154" a="0" width="26" height="22.05"/>
  <ground x="516.525" y="135.5" cx="503" cy="123" a="0" width="27.05" height="25"/>
  <springboardskin x="638" y="407" a="0" width="51" height="10.95"/>
  <minkskin x="513" y="101" a="0" width="36" height="27"/>
  <littlemouse x="53" y="294" a="0" width="37.35" height="34.3"/>
  <groundred x="371" y="370.05" cx="14" cy="366" a="0" width="715" height="9.1"/>
  <groundred x="373.5" y="17.525" cx="13" cy="4" a="0" width="722" height="28.05"/>
  <staticblueskin x="17.5" y="198.5" cx="15" cy="58" a="0" width="5" height="281"/>
  <groundblue x="52.025" y="337" cx="39" cy="323" a="0" width="27.05" height="29"/>
  <groundblue x="262.5" y="307.5" cx="78" cy="305" a="0" width="370" height="6"/>
  <cheeseskin x="102" y="339" a="0" width="27.05" height="22"/>
  <groundblue x="178" y="145" cx="175" cy="31" a="0" width="7" height="229"/>
  <heavyboxskin x="180" y="290" a="0" width="41" height="22"/>
  <groundred x="159" y="248.025" cx="152" cy="242" a="0" width="15" height="13.05"/>
  <groundblue x="543.35" y="83.25" cx="540" cy="37" a="0" width="7.7" height="93.5"/>
  <rpointer x="343" y="238" a="0" width="40" height="33.7"/>
  <rpointer x="51" y="304" a="0" width="40" height="33.7"/>
  <lpointer x="495" y="346" a="0" width="40" height="33.7"/>
</scene>