<scene width="740" height="380">
  <timer time="80"/>
  <creator id="2010232"/>
  <bg id="2"/>
  <staticblueskin x="567.2249999999999" y="355.5" cx="530" cy="343" a="12" width="78" height="9"/>
  <groundred x="369.25" y="86.25" cx="12" cy="83" a="0" width="715.5" height="7.5"/>
  <minkskin x="397" y="339" a="0" width="36" height="27"/>
  <staticblueskin x="664" y="386.5" cx="645" cy="368" a="0" width="38" height="37"/>
  <cheeseskin x="666" y="353" a="0" width="27.05" height="22"/>
  <springboardskin x="41" y="355" a="0" width="51" height="10.95"/>
  <springboardskin x="132" y="301" a="0" width="51" height="10.95"/>
  <springboardskin x="221" y="234" a="0" width="51" height="10.95"/>
  <rpointer x="223" y="210" a="0" width="40" height="33.7"/>
  <littlemouse x="40" y="200" a="0" width="37.35" height="34.3"/>
  <bush x="662" y="352" a="0" width="59.4" height="32.3"/>
  <staticblueskin x="278" y="206.5" cx="273" cy="201" a="0" width="10" height="11"/>
  <staticblueskin x="306.5" y="177" cx="295" cy="166" a="0" width="23" height="22"/>
  <staticblueskin x="415" y="363.5" cx="347" cy="357" a="0" width="136" height="13"/>
  <staticblueskin x="331" y="231" cx="321" cy="221" a="0" width="20" height="20"/>
  <staticblueskin x="403.5" y="193" cx="389" cy="179" a="0" width="29" height="28"/>
  <staticblueskin x="354" y="193" cx="347" cy="185" a="0" width="14" height="16"/>
  <staticredskin x="693" y="325.5" cx="688" cy="282" a="0" width="10" height="87"/>
  <tree x="322" y="171" a="0" width="78.35" height="100"/>
  <tree2 x="459" y="305" a="0" width="84.85" height="100"/>
</scene>