<scene width="740" height="380">
  <timer time="60"/>
  <creator id="2681964"/>
  <bg id="1"/>
  <staticblueskin x="347" y="353" cx="330" cy="324" a="0" width="34" height="58"/>
  <staticredskin x="36" y="286" cx="16" cy="188" a="0" width="40" height="196"/>
  <staticskin x="619" y="367.5" cx="570" cy="351" a="0" width="98" height="33"/>
  <carriervertical x="696" y="169" linewidth="50" lineheight="200" boxwidth="50" boxheight="20"/>
  <carrierhorizontal x="140" y="296" linewidth="300" lineheight="20" boxwidth="50" boxheight="20"/>
  <carrierhorizontal x="178" y="238" linewidth="300" lineheight="20" boxwidth="50" boxheight="20"/>
  <carrierhorizontal x="212" y="182" linewidth="300" lineheight="20" boxwidth="50" boxheight="20"/>
  <cheeseskin x="165" y="130" a="0" width="27.05" height="22"/>
  <minkskin x="696" y="121" a="0" width="36" height="27"/>
  <bush x="49" y="55" a="0" width="59.4" height="32.3"/>
  <tree x="92" y="77" a="0" width="78.35" height="100"/>
  <tree x="57" y="74" a="0" width="78.35" height="100"/>
  <flowers1 x="129" y="61" a="0" width="60" height="58.2"/>
  <flowers1 x="152" y="57" a="0" width="60" height="58.2"/>
  <flowers2 x="173" y="55" a="0" width="60" height="33.45"/>
  <bush x="205" y="61" a="0" width="59.4" height="32.3"/>
  <cactus x="238" y="65" a="0" width="20" height="42.55"/>
  <bush x="259" y="62" a="0" width="59.4" height="32.3"/>
  <cactus x="299" y="69" a="0" width="20" height="42.55"/>
  <bush x="291" y="65" a="0" width="59.4" height="32.3"/>
  <flowers1 x="229" y="68" a="0" width="60" height="58.2"/>
  <littlemouse x="63" y="44" a="0" width="37.35" height="34.3"/>
  <staticblueskin x="434" y="371.5" cx="410" cy="353" a="0" width="48" height="37"/>
  <staticblueskin x="519" y="375" cx="497" cy="361" a="0" width="44" height="28"/>
  <staticskin x="180" y="86.5" cx="37" cy="72" a="0" width="286" height="29"/>
  <staticskin x="146" y="373" cx="56" cy="352" a="0" width="180" height="42"/>
</scene>