<scene width="740" height="380">
  <timer time="40"/>
  <creator id="2987073"/>
  <bg id="3"/>
  <cheeseskin x="466" y="63" a="0" width="27.05" height="22"/>
  <staticskin x="499.5" y="180" cx="495" cy="49" a="0" width="9" height="262"/>
  <stone x="132" y="362" a="0" width="31.25" height="22.9"/>
  <ballskin x="465" y="272" a="0" width="25" height="25"/>
  <ballskin x="213" y="192" a="0" width="25" height="25"/>
  <stone x="720" y="346" a="0" width="31.25" height="22.9"/>
  <flowers2 x="465" y="73" a="0" width="60" height="33.45"/>
  <rpointer x="167" y="34" a="0" width="40" height="33.7"/>
  <staticredskin x="234.5" y="244.5" cx="230" cy="61" a="0" width="9" height="367"/>
  <staticskin x="184.5" y="224.5" cx="180" cy="48" a="0" width="9" height="353"/>
  <staticredskin x="327" y="236.5" cx="322" cy="62" a="0" width="10" height="349"/>
  <staticskin x="595.5" y="186.5" cx="591" cy="46" a="0" width="9" height="281"/>
  <staticskin x="281.5" y="221" cx="278" cy="54" a="0" width="7" height="334"/>
  <staticredskin x="429" y="234" cx="426" cy="63" a="0" width="6" height="342"/>
  <staticskin x="381" y="231.5" cx="377" cy="53" a="0" width="8" height="357"/>
  <staticblueskin x="749" y="362" cx="590" cy="358" a="0" width="318" height="8"/>
  <minkskin x="463" y="343" a="0" width="36" height="27"/>
  <springboardskin x="27" y="354" a="0" width="51" height="10.95"/>
  <springboardskin x="147" y="401" a="0" width="51" height="10.95"/>
  <springboardskin x="115" y="201" a="0" width="51" height="10.95"/>
  <littlemouse x="151" y="356" a="0" width="37.35" height="34.3"/>
  <ballskin x="567" y="116" a="0" width="25" height="25"/>
  <staticskin x="406.5" y="3.5" cx="72" cy="1" a="0" width="669" height="5"/>
  <staticskin x="738.5" y="191" cx="733" cy="25" a="0" width="11" height="332"/>
  <springboardskin x="718" y="123" a="0" width="51" height="10.95"/>
  <springboardskin x="645" y="242" a="0" width="51" height="10.95"/>
  <staticblueskin x="565" y="60" cx="494" cy="57" a="0" width="142" height="6"/>
  <staticblueskin x="290.5" y="59" cx="154" cy="55" a="0" width="273" height="8"/>
  <cheeseskin x="470" y="154" a="0" width="27.05" height="22"/>
  <cheeseskin x="210" y="304" a="0" width="27.05" height="22"/>
  <cheeseskin x="260" y="190" a="0" width="27.05" height="22"/>
  <cheeseskin x="352" y="114" a="0" width="27.05" height="22"/>
  <cheeseskin x="356" y="356" a="0" width="27.05" height="22"/>
  <cheeseskin x="565" y="233" a="0" width="27.05" height="22"/>
  <cheeseskin x="214" y="78" a="0" width="27.05" height="22"/>
  <staticblueskin x="389" y="170.5" cx="131" cy="167" a="0" width="516" height="7"/>
  <staticblueskin x="384" y="251.5" cx="65" cy="248" a="0" width="638" height="7"/>
  <staticblueskin x="376.5" y="320.5" cx="79" cy="318" a="0" width="595" height="5"/>
  <staticblueskin x="378" y="213.5" cx="88" cy="209" a="0" width="580" height="9"/>
  <springboardskin x="44" y="94" a="0" width="51" height="10.95"/>
  <staticblueskin x="542.5" y="327.5" cx="539" cy="318" a="0" width="7" height="19"/>
  <staticblueskin x="378" y="94" cx="137" cy="90" a="0" width="482" height="8"/>
  <staticblueskin x="368.5" y="289.5" cx="70" cy="287" a="0" width="597" height="5"/>
  <staticredskin x="543" y="191.5" cx="540" cy="61" a="0" width="6" height="261"/>
  <staticblueskin x="542" y="373" cx="537" cy="369" a="0" width="10" height="8"/>
  <staticblueskin x="396" y="137" cx="149" cy="134" a="0" width="494" height="6"/>
  <staticblueskin x="367" y="380" cx="5" cy="375" a="0" width="724" height="10"/>
</scene>