<scene width="740" height="380">
  <timer time="60"/>
  <creator id="1996387"/>
  <bg id="10"/>
  <staticblueskin x="-9" y="198" cx="-29" cy="16" a="0" width="40" height="364"/>
  <minkskin x="35" y="187" a="0" width="36" height="27"/>
  <littlemouse x="715" y="354" a="0" width="37.35" height="34.3"/>
  <staticblueskin x="549" y="318.5" cx="541" cy="250" a="0" width="16" height="137"/>
  <staticredskin x="518.5" y="369.5" cx="496" cy="366" a="0" width="45" height="7"/>
  <staticblueskin x="451" y="285.5" cx="396" cy="281" a="0" width="110" height="9"/>
  <staticblueskin x="299.5" y="251.5" cx="247" cy="245" a="0" width="105" height="13"/>
  <staticblueskin x="340.5" y="329.5" cx="286" cy="323" a="0" width="109" height="13"/>
  <staticblueskin x="181" y="306" cx="120" cy="297" a="0" width="122" height="18"/>
  <staticblueskin x="180" y="343" cx="174" cy="315" a="0" width="12" height="56"/>
  <staticredskin x="63.5" y="373.5" cx="25" cy="369" a="0" width="77" height="9"/>
  <staticredskin x="636.5" y="374" cx="577" cy="367" a="0" width="119" height="14"/>
  <staticblueskin x="780" y="184.5" cx="732" cy="-10" a="0" width="96" height="389"/>
  <staticblueskin x="526.5" y="135.5" cx="521" cy="69" a="0" width="11" height="133"/>
  <ballskin x="51" y="353" a="0" width="25" height="25"/>
  <ballskin x="408" y="99" a="0" width="25" height="25"/>
  <ballskin x="439" y="102" a="0" width="25" height="25"/>
  <ballskin x="473" y="102" a="0" width="25" height="25"/>
  <staticblueskin x="71.5" y="96" cx="8" cy="91" a="0" width="127" height="10"/>
  <staticblueskin x="376" y="376" cx="11" cy="372" a="0" width="730" height="8"/>
  <staticblueskin x="269" y="204" cx="3" cy="201" a="0" width="532" height="6"/>
  <staticblueskin x="382" y="0.5" cx="-28" cy="-3" a="0" width="820" height="7"/>
  <ballskin x="22" y="114" a="0" width="25" height="25"/>
  <ballskin x="47" y="112" a="0" width="25" height="25"/>
  <ballskin x="77" y="112" a="0" width="25" height="25"/>
  <ballskin x="112" y="113" a="0" width="25" height="25"/>
  <ballskin x="142" y="113" a="0" width="25" height="25"/>
  <ballskin x="170" y="94" a="0" width="25" height="25"/>
  <ballskin x="198" y="93" a="0" width="25" height="25"/>
  <ballskin x="226" y="94" a="0" width="25" height="25"/>
  <ballskin x="28" y="355" a="0" width="25" height="25"/>
  <ballskin x="102" y="359" a="0" width="25" height="25"/>
  <ballskin x="131" y="358" a="0" width="25" height="25"/>
  <ballskin x="258" y="95" a="0" width="25" height="25"/>
  <ballskin x="287" y="97" a="0" width="25" height="25"/>
  <ballskin x="318" y="98" a="0" width="25" height="25"/>
  <ballskin x="347" y="99" a="0" width="25" height="25"/>
  <ballskin x="377" y="99" a="0" width="25" height="25"/>
  <cheeseskin x="67" y="355" a="0" width="27.05" height="22"/>
  <tree x="24" y="322" a="0" width="78.35" height="100"/>
</scene>