<scene width="740" height="380">
  <timer time="80"/>
  <creator id="1996387"/>
  <bg id="6"/>
  <staticblueskin x="347.5" y="350" cx="290" cy="345" a="0" width="115" height="10"/>
  <springboardskin x="366" y="131" a="0" width="51" height="10.95"/>
  <staticblueskin x="330.5" y="374" cx="1" cy="369" a="0" width="659" height="10"/>
  <ballskin x="24" y="354" a="0" width="25" height="25"/>
  <ballskin x="51" y="355" a="0" width="25" height="25"/>
  <ballskin x="84" y="354" a="0" width="25" height="25"/>
  <staticredskin x="295.5" y="259.5" cx="287" cy="257" a="0" width="17" height="5"/>
  <staticblueskin x="103" y="357" cx="98" cy="348" a="0" width="10" height="18"/>
  <flowers2 x="482" y="352" a="0" width="60" height="33.45"/>
  <flowers2 x="610" y="352" a="0" width="60" height="33.45"/>
  <rpointer x="33" y="66" a="0" width="40" height="33.7"/>
  <stone x="63" y="73" a="0" width="31.25" height="22.9"/>
  <heavyboxskin x="428" y="173" a="0" width="41.05" height="22"/>
  <staticblueskin x="145.5" y="340.5" cx="98" cy="336" a="0" width="95" height="9"/>
  <staticblueskin x="128" y="242.5" cx="63" cy="236" a="0" width="130" height="13"/>
  <staticblueskin x="73" y="189.5" cx="10" cy="184" a="0" width="126" height="11"/>
  <staticblueskin x="190" y="205" cx="185" cy="65" a="0" width="10" height="280"/>
  <staticblueskin x="139.5" y="140" cx="92" cy="134" a="0" width="95" height="12"/>
  <staticblueskin x="71" y="89.5" cx="11" cy="83" a="0" width="120" height="13"/>
  <staticblueskin x="232.45" y="139.175" cx="185" cy="69" a="-30" width="12" height="169"/>
  <staticblueskin x="358.625" y="144.525" cx="393" cy="72" a="30" width="13" height="160"/>
  <staticblueskin x="-14.5" y="206" cx="-41" cy="37" a="0" width="53" height="338"/>
  <staticblueskin x="399" y="209.5" cx="393" cy="73" a="0" width="12" height="273"/>
  <staticblueskin x="317.5" y="-1" cx="11" cy="-5" a="0" width="613" height="8"/>
  <minkskin x="701" y="88" a="0" width="36" height="27"/>
  <littlemouse x="32" y="320" a="0" width="37.35" height="34.3"/>
  <staticblueskin x="59" y="293.5" cx="13" cy="289" a="0" width="92" height="9"/>
  <cheeseskin x="250" y="350" a="0" width="27.05" height="22"/>
  <staticblueskin x="467.5" y="82" cx="405" cy="74" a="0" width="125" height="16"/>
  <staticblueskin x="501" y="188" cx="402" cy="184" a="0" width="198" height="8"/>
  <staticblueskin x="548.5" y="241.5" cx="449" cy="238" a="0" width="199" height="7"/>
  <staticblueskin x="502.5" y="298.5" cx="394" cy="294" a="0" width="217" height="9"/>
  <stone x="379" y="251" a="0" width="31.25" height="22.9"/>
  <stone x="635" y="116" a="0" width="31.25" height="22.9"/>
  <stone x="29" y="174" a="0" width="31.25" height="22.9"/>
  <staticblueskin x="654.5" y="173.5" cx="649" cy="18" a="0" width="11" height="311"/>
  <staticblueskin x="569" y="133" cx="489" cy="127" a="0" width="160" height="12"/>
  <staticblueskin x="702" y="30.5" cx="626" cy="2" a="0" width="152" height="57"/>
  <staticredskin x="712.5" y="386" cx="662" cy="369" a="0" width="101" height="34"/>
  <ballskin x="218" y="355" a="0" width="25" height="25"/>
  <ballskin x="427" y="353" a="0" width="25" height="25"/>
  <rpointer x="436" y="56" a="0" width="40" height="33.7"/>
  <rpointer x="100" y="317" a="0" width="40" height="33.7"/>
  <rpointer x="551" y="350" a="0" width="40" height="33.7"/>
  <staticblueskin x="333.5" y="266.5" cx="273" cy="262" a="0" width="121" height="9"/>
  <staticblueskin x="251.5" y="307" cx="192" cy="302" a="0" width="119" height="10"/>
</scene>