<scene width="740" height="380">
  <timer time="80"/>
  <creator id="1996387"/>
  <bg id="12"/>
  <staticblueskin x="410.85" y="337.67499999999995" cx="402" cy="324" a="-15" width="10" height="31"/>
  <staticblueskin x="421.575" y="365.325" cx="409" cy="354" a="-29" width="11" height="32"/>
  <staticblueskin x="749" y="380" cx="678" cy="373" a="0" width="142" height="14"/>
  <bush x="66" y="356" a="0" width="59.4" height="32.3"/>
  <staticblueskin x="318.5" y="6" cx="0" cy="1" a="0" width="637" height="10"/>
  <springboardskin x="312" y="199" a="0" width="51" height="10.95"/>
  <staticblueskin x="746.95" y="295.5" cx="801" cy="207" a="35" width="13" height="207"/>
  <ballskin x="140" y="170" a="0" width="25" height="25"/>
  <ballskin x="483" y="170" a="0" width="25" height="25"/>
  <groundred x="255.3" y="375.25" cx="234" cy="367" a="0" width="43.6" height="17.5"/>
  <groundred x="383.275" y="375.8" cx="363" cy="367" a="0" width="41.55" height="18.6"/>
  <cheeseskin x="321" y="331" a="0" width="27.05" height="22"/>
  <rpointer x="163" y="104" a="0" width="40" height="33.7"/>
  <rpointer x="517" y="108" a="0" width="40" height="33.7"/>
  <lpointer x="145" y="356" a="0" width="40" height="33.7"/>
  <tree2 x="284" y="326" a="0" width="84.85" height="100"/>
  <tree2 x="355" y="326" a="0" width="84.85" height="100"/>
  <flowers1 x="320" y="362" a="0" width="60" height="58.2"/>
  <staticblueskin x="633.55" y="357.8" cx="711" cy="235" a="35" width="14" height="290"/>
  <staticblueskin x="661" y="198.6" cx="730" cy="87" a="35" width="15" height="262"/>
  <staticblueskin x="583.6" y="197.725" cx="656" cy="83" a="35" width="13" height="271"/>
  <staticblueskin x="692.5" y="47.5" cx="638" cy="1" a="0" width="109" height="93"/>
  <staticblueskin x="55" y="258" cx="-36" cy="252" a="0" width="182" height="12"/>
  <staticredskin x="30.5" y="249.5" cx="-5" cy="246" a="0" width="71" height="7"/>
  <staticblueskin x="104.5" y="157.5" cx="89" cy="130" a="0" width="31" height="55"/>
  <staticblueskin x="223.55" y="255.825" cx="213" cy="240" a="-20" width="9" height="37"/>
  <staticblueskin x="329" y="377.5" cx="-20" cy="373" a="0" width="698" height="9"/>
  <staticblueskin x="42" y="309" cx="17" cy="303" a="0" width="50" height="12"/>
  <staticblueskin x="186.65" y="199.65" cx="167" cy="192" a="-55" width="10" height="41"/>
  <staticblueskin x="128.5" y="189.5" cx="86" cy="184" a="0" width="85" height="11"/>
  <littlemouse x="43" y="288" a="0" width="37.35" height="34.3"/>
  <staticredskin x="-13" y="337.5" cx="-36" cy="269" a="0" width="46" height="137"/>
  <staticblueskin x="2.5" y="137" cx="-5" cy="27" a="0" width="15" height="220"/>
  <staticblueskin x="153.5" y="124.5" cx="63" cy="119" a="0" width="181" height="11"/>
  <staticblueskin x="461.5" y="129.5" cx="366" cy="124" a="0" width="191" height="11"/>
  <staticredskin x="440.5" y="360" cx="436" cy="346" a="0" width="9" height="28"/>
  <minkskin x="664" y="359" a="0" width="36" height="27"/>
  <staticblueskin x="210.125" y="225.475" cx="196" cy="212" a="-33" width="9" height="38"/>
  <staticblueskin x="218.7" y="361.975" cx="225" cy="344" a="33" width="9" height="37"/>
  <staticblueskin x="232.675" y="324" cx="232" cy="299" a="10" width="10" height="49"/>
  <staticblueskin x="232.525" y="284.25" cx="224" cy="269" a="-16" width="8" height="34"/>
  <staticblueskin x="519" y="160.5" cx="505" cy="136" a="0" width="28" height="49"/>
  <staticblueskin x="493" y="188.5" cx="453" cy="183" a="0" width="80" height="11"/>
  <staticblueskin x="443.125" y="196.95" cx="454" cy="182" a="55" width="12" height="35"/>
  <staticblueskin x="414.875" y="227.825" cx="425" cy="204" a="33" width="9" height="51"/>
  <staticblueskin x="401" y="270" cx="396" cy="248" a="0" width="10" height="44"/>
  <staticblueskin x="403.55" y="307.775" cx="395" cy="291" a="-10" width="11" height="36"/>
</scene>