<scene width="740" height="380">
  <timer time="60"/>
  <creator id="2725257"/>
  <bg id="1"/>
  <flowers1 x="367" y="102" a="0" width="60" height="58.2"/>
  <flowers1 x="367" y="236" a="0" width="60" height="58.2"/>
  <flowers1 x="366" y="263" a="0" width="60" height="58.2"/>
  <staticredskin x="516" y="302.5" cx="510" cy="299" a="0" width="12" height="7"/>
  <flowers1 x="365" y="285" a="0" width="60" height="58.2"/>
  <staticskin x="12.5" y="167.5" cx="1" cy="165" a="0" width="23" height="5"/>
  <staticskin x="3.5" y="119.5" cx="1" cy="65" a="0" width="5" height="109"/>
  <staticskin x="57.5" y="128.5" cx="33" cy="126" a="0" width="49" height="5"/>
  <staticskin x="625.5" y="228.5" cx="619" cy="225" a="0" width="13" height="7"/>
  <staticskin x="461" y="340.5" cx="452" cy="337" a="0" width="18" height="7"/>
  <staticskin x="674.5" y="186" cx="666" cy="183" a="0" width="17" height="6"/>
  <staticskin x="146" y="265.5" cx="139" cy="262" a="0" width="14" height="7"/>
  <minkskin x="369" y="76" a="0" width="36" height="27"/>
  <cheeseskin x="37" y="36" a="0" width="27.05" height="22"/>
  <littlemouse x="353" y="362" a="0" width="37.35" height="34.3"/>
  <staticskin x="369.5" y="378.5" cx="331" cy="376" a="0" width="77" height="5"/>
  <staticskin x="517.5" y="301.5" cx="508" cy="299" a="0" width="19" height="5"/>
  <staticskin x="272" y="338" cx="263" cy="335" a="0" width="18" height="6"/>
  <staticskin x="210.5" y="299" cx="201" cy="295" a="0" width="19" height="8"/>
  <staticskin x="34.5" y="171.5" cx="26" cy="168" a="0" width="17" height="7"/>
  <staticskin x="579" y="265.5" cx="571" cy="262" a="0" width="16" height="7"/>
  <staticskin x="85" y="221.5" cx="79" cy="217" a="0" width="12" height="9"/>
  <staticskin x="121" y="105.5" cx="103" cy="103" a="0" width="36" height="5"/>
  <staticskin x="141.5" y="94" cx="139" cy="81" a="0" width="5" height="26"/>
  <staticskin x="156.5" y="83" cx="143" cy="80" a="0" width="27" height="6"/>
  <staticskin x="170.5" y="64" cx="168" cy="42" a="0" width="5" height="44"/>
  <staticskin x="145.5" y="41.5" cx="97" cy="39" a="0" width="97" height="5"/>
  <staticskin x="36" y="61" cx="2" cy="58" a="0" width="68" height="6"/>
  <staticskin x="435.5" y="132" cx="433" cy="66" a="0" width="5" height="132"/>
  <staticskin x="293" y="132.5" cx="290" cy="67" a="0" width="6" height="131"/>
  <rpointer x="375" y="357" a="0" width="40" height="33.7"/>
  <lpointer x="372" y="358" a="0" width="40" height="33.7"/>
  <flowers2 x="401" y="145" a="0" width="60" height="33.45"/>
  <tree2 x="366" y="327" a="0" width="84.85" height="100"/>
  <flowers1 x="296" y="57" a="0" width="60" height="58.2"/>
  <flowers1 x="329" y="55" a="0" width="60" height="58.2"/>
  <flowers1 x="366" y="56" a="0" width="60" height="58.2"/>
  <flowers1 x="394" y="57" a="0" width="60" height="58.2"/>
  <flowers1 x="430" y="56" a="0" width="60" height="58.2"/>
  <flowers1 x="291" y="81" a="0" width="60" height="58.2"/>
  <flowers1 x="292" y="109" a="0" width="60" height="58.2"/>
  <flowers1 x="290" y="135" a="0" width="60" height="58.2"/>
  <flowers1 x="433" y="103" a="0" width="60" height="58.2"/>
  <flowers1 x="436" y="158" a="0" width="60" height="58.2"/>
  <flowers1 x="434" y="131" a="0" width="60" height="58.2"/>
  <flowers1 x="436" y="185" a="0" width="60" height="58.2"/>
  <flowers1 x="431" y="75" a="0" width="60" height="58.2"/>
  <flowers1 x="291" y="164" a="0" width="60" height="58.2"/>
  <flowers1 x="291" y="187" a="0" width="60" height="58.2"/>
  <flowers2 x="328" y="142" a="0" width="60" height="33.45"/>
  <flowers1 x="331" y="188" a="0" width="60" height="58.2"/>
  <flowers1 x="366" y="182" a="0" width="60" height="58.2"/>
  <flowers1 x="367" y="210" a="0" width="60" height="58.2"/>
  <flowers1 x="403" y="187" a="0" width="60" height="58.2"/>
  <flowers1 x="368" y="130" a="0" width="60" height="58.2"/>
  <flowers1 x="367" y="157" a="0" width="60" height="58.2"/>
  <staticskin x="615" y="151" cx="605" cy="148" a="0" width="20" height="6"/>
  <staticskin x="562.5" y="124.5" cx="553" cy="122" a="0" width="19" height="5"/>
  <staticskin x="494.5" y="97" cx="485" cy="94" a="0" width="19" height="6"/>
  <cheeseskin x="480" y="195" a="0" width="27.05" height="22"/>
</scene>