<scene width="740" height="380">
  <timer time="60"/>
  <creator id="2445256"/>
  <bg id="5"/>
  <staticblueskin x="116" y="232" cx="106" cy="70" a="0" width="20" height="324"/>
  <staticblueskin x="187" y="245.5" cx="177" cy="105" a="0" width="20" height="281"/>
  <staticredskin x="153.5" y="374.5" cx="130" cy="359" a="0" width="47" height="31"/>
  <staticblueskin x="253.5" y="261.5" cx="243" cy="126" a="0" width="21" height="271"/>
  <staticredskin x="220.5" y="385" cx="199" cy="361" a="0" width="43" height="48"/>
  <staticblueskin x="313" y="267.5" cx="303" cy="144" a="0" width="20" height="247"/>
  <staticredskin x="283.5" y="380.5" cx="267" cy="363" a="0" width="33" height="35"/>
  <staticredskin x="346.5" y="376.5" cx="327" cy="364" a="0" width="39" height="25"/>
  <staticblueskin x="-3.5" y="23.5" cx="-11" cy="-1" a="0" width="15" height="49"/>
  <staticblueskin x="710" y="347.5" cx="664" cy="226" a="0" width="92" height="243"/>
  <cheeseskin x="702" y="216" a="0" width="27.05" height="22"/>
  <minkskin x="29" y="26" a="0" width="36" height="27"/>
  <staticblueskin x="364.5" y="279.5" cx="357" cy="167" a="0" width="15" height="225"/>
  <staticredskin x="395" y="375" cx="377" cy="367" a="0" width="36" height="16"/>
  <staticblueskin x="427.5" y="294" cx="418" cy="186" a="0" width="19" height="216"/>
  <staticredskin x="462.5" y="377.5" cx="445" cy="368" a="0" width="35" height="19"/>
  <staticblueskin x="486.5" y="303.5" cx="478" cy="196" a="0" width="17" height="215"/>
  <groundred x="581" y="387.5" cx="496" cy="366" a="0" width="171" height="44"/>
  <rpointer x="118" y="51" a="0" width="40" height="33.7"/>
  <lpointer x="730" y="209" a="0" width="40" height="33.7"/>
  <littlemouse x="16" y="28" a="0" width="37.35" height="34.3"/>
  <staticblueskin x="89.5" y="-2" cx="-2" cy="-10" a="0" width="183" height="16"/>
  <staticblueskin x="368.5" y="4" cx="183" cy="-6" a="0" width="371" height="20"/>
  <staticblueskin x="636.5" y="6" cx="553" cy="-2" a="0" width="167" height="16"/>
  <staticblueskin x="736.5" y="7" cx="710" cy="1" a="0" width="53" height="12"/>
  <staticblueskin x="740" y="149.5" cx="735" cy="-2" a="0" width="10" height="303"/>
  <staticblueskin x="10.5" y="233.5" cx="-2" cy="39" a="0" width="25" height="389"/>
  <staticredskin x="64.5" y="371.5" cx="24" cy="358" a="0" width="81" height="27"/>
</scene>