<scene width="740" height="380">
  <timer time="60"/>
  <creator id="1113190"/>
  <bg id="6"/>
  <stone x="174" y="297" a="0" width="31.25" height="22.9"/>
  <stone x="186" y="285" a="0" width="31.25" height="22.9"/>
  <stone x="194" y="304" a="0" width="31.25" height="22.9"/>
  <stone x="623" y="341" a="0" width="31.25" height="22.9"/>
  <cheeseskin x="313" y="356" a="0" width="27.05" height="22"/>
  <flowers1 x="618" y="359" a="0" width="60" height="58.2"/>
  <stone x="612" y="357" a="0" width="31.25" height="22.9"/>
  <flowers1 x="169" y="290" a="0" width="60" height="58.2"/>
  <flowers1 x="195" y="288" a="0" width="60" height="58.2"/>
  <flowers1 x="186" y="304" a="0" width="60" height="58.2"/>
  <flowers1 x="176" y="301" a="0" width="60" height="58.2"/>
  <flowers1 x="305" y="354" a="0" width="60" height="58.2"/>
  <flowers1 x="313" y="359" a="0" width="60" height="58.2"/>
  <stone x="314" y="355" a="0" width="31.25" height="22.9"/>
  <stone x="188" y="294" a="0" width="31.25" height="22.9"/>
  <minkskin x="621" y="354" a="0" width="36" height="27"/>
  <staticblueskin x="383" y="378" cx="28" cy="372" a="0" width="710" height="12"/>
  <flowers1 x="301" y="354" a="0" width="60" height="58.2"/>
  <flowers1 x="316" y="354" a="0" width="60" height="58.2"/>
  <flowers2 x="307" y="351" a="0" width="60" height="33.45"/>
  <flowers1 x="600" y="355" a="0" width="60" height="58.2"/>
  <staticblueskin x="362" y="191.5" cx="-2" cy="176" a="0" width="728" height="31"/>
  <flowers1 x="623" y="354" a="0" width="60" height="58.2"/>
  <flowers1 x="614" y="357" a="0" width="60" height="58.2"/>
  <flowers2 x="612" y="352" a="0" width="60" height="33.45"/>
  <staticblueskin x="730" y="247.5" cx="725" cy="178" a="0" width="10" height="139"/>
  <flowers1 x="621" y="352" a="0" width="60" height="58.2"/>
  <flowers2 x="620" y="353" a="0" width="60" height="33.45"/>
  <flowers1 x="608" y="354" a="0" width="60" height="58.2"/>
  <flowers1 x="310" y="355" a="0" width="60" height="58.2"/>
  <staticredskin x="71.5" y="287" cx="12" cy="274" a="0" width="119" height="26"/>
  <staticredskin x="142.5" y="292" cx="129" cy="250" a="0" width="27" height="84"/>
  <boxskin x="196" y="345" a="0" width="50" height="50"/>
  <littlemouse x="74" y="354" a="0" width="37.35" height="34.3"/>
  <staticblueskin x="6" y="296" cx="0" cy="209" a="0" width="12" height="174"/>
  <staticredskin x="20.5" y="340" cx="13" cy="299" a="0" width="15" height="82"/>
  <stone x="314" y="355" a="0" width="31.25" height="22.9"/>
  <stone x="296" y="352" a="0" width="31.25" height="22.9"/>
  <stone x="311" y="345" a="0" width="31.25" height="22.9"/>
  <stone x="315" y="361" a="0" width="31.25" height="22.9"/>
  <stone x="327" y="353" a="0" width="31.25" height="22.9"/>
  <stone x="603" y="354" a="0" width="31.25" height="22.9"/>
  <stone x="628" y="354" a="0" width="31.25" height="22.9"/>
  <stone x="606" y="346" a="0" width="31.25" height="22.9"/>
</scene>