<scene width="740" height="380">
  <timer time="80"/>
  <creator id="2988220"/>
  <bg id="9"/>
  <cheeseskin x="699" y="30" a="0" width="27.05" height="22"/>
  <groundblue x="258" y="359" cx="-131" cy="333" a="0" width="779" height="53"/>
  <carriervertical x="679" y="153" linewidth="50" lineheight="200" boxwidth="50" boxheight="20"/>
  <groundblue x="732.525" y="361.525" cx="713" cy="332" a="0" width="40.05" height="60.05"/>
  <rpointer x="113" y="317" a="0" width="40" height="33.7"/>
  <minkskin x="49" y="125" a="0" width="36" height="27"/>
  <groundblue x="295" y="148.025" cx="-62" cy="139" a="0" width="715" height="19.05"/>
  <groundblue x="532" y="82.55" cx="509" cy="78" a="0" width="47" height="10.1"/>
  <groundblue x="573" y="71" cx="552" cy="64" a="0" width="43" height="15"/>
  <groundblue x="612.5" y="51.5" cx="590" cy="43" a="0" width="46" height="18"/>
  <staticblueskin x="682" y="49.5" cx="636" cy="43" a="0" width="92" height="13"/>
  <cheeseskin x="688" y="32" a="0" width="27.05" height="22"/>
  <flowers1 x="178" y="320" a="0" width="60" height="58.2"/>
  <tree x="207" y="286" a="0" width="78.35" height="100"/>
  <tree2 x="392" y="286" a="0" width="84.85" height="100"/>
  <tree x="341" y="284" a="0" width="78.35" height="100"/>
  <tree2 x="434" y="283" a="0" width="84.85" height="100"/>
  <tree x="417" y="86" a="0" width="78.35" height="100"/>
  <flowers1 x="272" y="121" a="0" width="60" height="58.2"/>
  <flowers1 x="47" y="318" a="0" width="60" height="58.2"/>
  <flowers1 x="573" y="320" a="0" width="60" height="58.2"/>
  <flowers1 x="523" y="319" a="0" width="60" height="58.2"/>
  <flowers1 x="588" y="123" a="0" width="60" height="58.2"/>
  <flowers1 x="506" y="123" a="0" width="60" height="58.2"/>
  <flowers1 x="461" y="123" a="0" width="60" height="58.2"/>
  <tree x="468" y="284" a="0" width="78.35" height="100"/>
  <tree2 x="539" y="89" a="0" width="84.85" height="100"/>
  <tree x="612" y="87" a="0" width="78.35" height="100"/>
  <flowers1 x="257" y="321" a="0" width="60" height="58.2"/>
  <flowers1 x="308" y="319" a="0" width="60" height="58.2"/>
  <staticblueskin x="384" y="121" cx="363" cy="104" a="0" width="42" height="34"/>
  <staticblueskin x="306.5" y="77" cx="286" cy="67" a="0" width="41" height="20"/>
  <staticblueskin x="264" y="64" cx="240" cy="53" a="0" width="48" height="22"/>
  <staticblueskin x="348" y="90" cx="329" cy="77" a="0" width="38" height="26"/>
  <staticblueskin x="215.5" y="49.5" cx="193" cy="37" a="0" width="45" height="25"/>
  <groundblue x="93" y="69" cx="28" cy="66" a="0" width="131" height="7"/>
  <groundblue x="15.525" y="103.5" cx="6" cy="67" a="0" width="20.05" height="74"/>
  <lpointer x="249" y="121" a="0" width="40" height="33.7"/>
  <rpointer x="617" y="317" a="0" width="40" height="33.7"/>
  <littlemouse x="83" y="320" a="0" width="37.35" height="34.3"/>
  <bush x="26" y="51" a="0" width="59.4" height="32.3"/>
  <bush x="71" y="50" a="0" width="59.4" height="32.3"/>
  <bush x="112" y="48" a="0" width="59.4" height="32.3"/>
  <bush x="144" y="49" a="0" width="59.4" height="32.3"/>
  <cheeseskin x="691" y="30" a="0" width="27.05" height="22"/>
</scene>