<scene width="740" height="380">
  <timer time="80"/>
  <creator id="1305595"/>
  <bg id="3"/>
  <staticblueskin x="146.5" y="136.5" cx="118" cy="132" a="0" width="57" height="9"/>
  <staticblueskin x="360" y="334" cx="41" cy="330" a="0" width="638" height="8"/>
  <staticblueskin x="728" y="357" cx="714" cy="354" a="0" width="28" height="6"/>
  <staticblueskin x="284.5" y="133.5" cx="261" cy="131" a="0" width="47" height="5"/>
  <staticblueskin x="387" y="379.5" cx="70" cy="376" a="0" width="634" height="7"/>
  <rpointer x="295" y="359" a="0" width="40" height="33.7"/>
  <lpointer x="87" y="365" a="0" width="40" height="33.7"/>
  <minkskin x="706" y="27" a="0" width="36" height="27"/>
  <staticblueskin x="226.5" y="138" cx="216" cy="134" a="0" width="21" height="8"/>
  <staticblueskin x="591.5" y="96" cx="583" cy="91" a="0" width="17" height="10"/>
  <staticblueskin x="14" y="349.5" cx="2" cy="346" a="0" width="24" height="7"/>
  <staticblueskin x="135.5" y="284.5" cx="110" cy="282" a="0" width="51" height="5"/>
  <staticblueskin x="72.5" y="259.5" cx="54" cy="255" a="0" width="37" height="9"/>
  <staticblueskin x="28" y="219.5" cx="12" cy="214" a="0" width="32" height="11"/>
  <ballskin x="85" y="159" a="0" width="25" height="25"/>
  <staticblueskin x="632" y="78.5" cx="626" cy="76" a="0" width="12" height="5"/>
  <littlemouse x="125" y="362" a="0" width="37.35" height="34.3"/>
  <staticblueskin x="651.5" y="62" cx="643" cy="57" a="0" width="17" height="10"/>
  <staticblueskin x="280" y="134" cx="274" cy="126" a="0" width="12" height="16"/>
  <staticblueskin x="33" y="299" cx="21" cy="294" a="0" width="24" height="10"/>
  <ballskin x="378" y="100" a="0" width="25" height="25"/>
  <staticblueskin x="164.5" y="302" cx="160" cy="280" a="0" width="9" height="44"/>
  <cheeseskin x="143" y="300" a="0" width="27.05" height="22"/>
  <staticblueskin x="109" y="274" cx="103" cy="261" a="0" width="12" height="26"/>
  <staticblueskin x="45.5" y="312" cx="41" cy="295" a="0" width="9" height="34"/>
  <staticblueskin x="366.5" y="281" cx="347" cy="233" a="0" width="39" height="96"/>
  <staticblueskin x="366.5" y="227.5" cx="347" cy="222" a="0" width="39" height="11"/>
  <boxskin x="364" y="200" a="0" width="50" height="50"/>
  <staticblueskin x="705" y="282.5" cx="669" cy="276" a="0" width="72" height="13"/>
  <staticblueskin x="659.5" y="233" cx="631" cy="230" a="0" width="57" height="6"/>
  <staticblueskin x="601" y="203" cx="586" cy="197" a="0" width="30" height="12"/>
  <staticblueskin x="641.5" y="156" cx="615" cy="150" a="0" width="53" height="12"/>
  <staticblueskin x="699" y="121" cx="658" cy="116" a="0" width="82" height="10"/>
  <cheeseskin x="685" y="82" a="0" width="27.05" height="22"/>
  <staticblueskin x="662" y="85" cx="658" cy="52" a="0" width="8" height="66"/>
  <staticblueskin x="710" y="52" cx="681" cy="45" a="0" width="58" height="14"/>
  <lpointer x="241" y="403" a="0" width="40" height="33.7"/>
  <lpointer x="722" y="207" a="0" width="40" height="33.7"/>
  <tree x="247" y="280" a="0" width="78.35" height="100"/>
  <tree x="467" y="277" a="0" width="78.35" height="100"/>
  <cheeseskin x="366" y="158" a="0" width="27.05" height="22"/>
  <staticblueskin x="365" y="125" cx="326" cy="116" a="0" width="78" height="18"/>
  <staticblueskin x="315.5" y="145.5" cx="313" cy="117" a="0" width="5" height="57"/>
  <staticblueskin x="415" y="142.5" cx="410" cy="114" a="0" width="10" height="57"/>
  <staticskin x="543" y="129.5" cx="517" cy="124" a="0" width="52" height="11"/>
  <staticblueskin x="472.5" y="100" cx="463" cy="95" a="0" width="19" height="10"/>
  <staticskin x="447" y="119" cx="438" cy="115" a="0" width="18" height="8"/>
  <staticblueskin x="79.5" y="181" cx="50" cy="175" a="0" width="59" height="12"/>
</scene>