<scene width="740" height="380">
  <timer time="80"/>
  <creator id="1985659"/>
  <bg id="2"/>
  <ballskin x="168" y="303" a="0" width="23.8" height="26.05"/>
  <ballskin x="146" y="301" a="0" width="23.8" height="26.05"/>
  <ballskin x="124" y="302" a="0" width="23.8" height="26.05"/>
  <ballskin x="129" y="277" a="0" width="23.8" height="26.05"/>
  <ballskin x="130" y="256" a="0" width="23.8" height="26.05"/>
  <ballskin x="152" y="243" a="0" width="23.8" height="26.05"/>
  <ballskin x="176" y="234" a="0" width="23.8" height="26.05"/>
  <ballskin x="174" y="256" a="0" width="23.8" height="26.05"/>
  <ballskin x="147" y="272" a="0" width="23.8" height="26.05"/>
  <carriervertical x="702" y="93" linewidth="50" lineheight="200" boxwidth="50" boxheight="20"/>
  <minkskin x="692" y="42" a="0" width="36" height="27"/>
  <staticblueskin x="334" y="329.5" cx="330" cy="281" a="0" width="8" height="97"/>
  <staticblueskin x="391.5" y="279.5" cx="332" cy="277" a="0" width="119" height="5"/>
  <staticblueskin x="455.5" y="293" cx="452" cy="279" a="0" width="7" height="28"/>
  <cheeseskin x="357" y="298" a="0" width="27.05" height="22"/>
  <staticredskin x="361" y="373" cx="346" cy="370" a="0" width="30" height="6"/>
  <staticblueskin x="431.5" y="380.5" cx="399" cy="374" a="0" width="65" height="13"/>
  <littlemouse x="34" y="33" a="0" width="37.35" height="34.3"/>
  <ground x="503" y="340.025" cx="482" cy="329" a="0" width="42" height="22.05"/>
  <staticskin x="39" y="216" cx="30" cy="57" a="0" width="18" height="318"/>
  <staticblueskin x="96" y="181.5" cx="92" cy="57" a="0" width="8" height="249"/>
  <staticredskin x="482.525" y="228.975" cx="344" cy="60" a="50" width="437" height="5"/>
  <bush x="389" y="259" a="0" width="59.4" height="32.3"/>
  <staticredskin x="307.5" y="247.5" cx="299" cy="243" a="0" width="17" height="9"/>
  <groundred x="179" y="380.55" cx="31" cy="376" a="0" width="297" height="10.1"/>
  <staticredskin x="152" y="170.5" cx="92" cy="168" a="0" width="120" height="5"/>
  <staticredskin x="218.5" y="61" cx="215" cy="-23" a="0" width="7" height="168"/>
  <tree x="28" y="323" a="0" width="78.35" height="100"/>
  <staticblueskin x="323.5" y="1.5" cx="221" cy="-1" a="0" width="205" height="5"/>
  <staticblueskin x="262" y="287.5" cx="232" cy="281" a="0" width="60" height="13"/>
  <staticblueskin x="198.5" y="323" cx="194" cy="319" a="0" width="9" height="8"/>
  <groundblue x="662.2750000000001" y="310.475" cx="542" cy="296" a="4" width="243" height="13.1"/>
  <ballskin x="116" y="186" a="0" width="23.8" height="26.05"/>
  <ballskin x="135" y="183" a="0" width="23.8" height="26.05"/>
  <ballskin x="159" y="184" a="0" width="23.8" height="26.05"/>
  <ballskin x="178" y="181" a="0" width="23.8" height="26.05"/>
  <ballskin x="196" y="178" a="0" width="23.8" height="26.05"/>
  <ballskin x="113" y="203" a="0" width="23.8" height="26.05"/>
  <ballskin x="131" y="198" a="0" width="23.8" height="26.05"/>
  <ballskin x="150" y="198" a="0" width="23.8" height="26.05"/>
  <ballskin x="170" y="200" a="0" width="23.8" height="26.05"/>
  <ballskin x="191" y="198" a="0" width="23.8" height="26.05"/>
  <ballskin x="113" y="215" a="0" width="23.8" height="26.05"/>
  <ballskin x="133" y="212" a="0" width="23.8" height="26.05"/>
  <ballskin x="157" y="210" a="0" width="23.8" height="26.05"/>
  <ballskin x="178" y="212" a="0" width="23.8" height="26.05"/>
  <ballskin x="108" y="231" a="0" width="23.8" height="26.05"/>
  <ballskin x="107" y="248" a="0" width="23.8" height="26.05"/>
  <ballskin x="104" y="265" a="0" width="23.8" height="26.05"/>
  <ballskin x="106" y="285" a="0" width="23.8" height="26.05"/>
  <ballskin x="103" y="302" a="0" width="23.8" height="26.05"/>
  <ballskin x="196" y="218" a="0" width="23.8" height="26.05"/>
  <ballskin x="195" y="239" a="0" width="23.8" height="26.05"/>
  <ballskin x="196" y="259" a="0" width="23.8" height="26.05"/>
  <ballskin x="194" y="278" a="0" width="23.8" height="26.05"/>
  <ballskin x="192" y="300" a="0" width="23.8" height="26.05"/>
  <ballskin x="133" y="234" a="0" width="23.8" height="26.05"/>
  <ballskin x="152" y="224" a="0" width="23.8" height="26.05"/>
  <ballskin x="163" y="279" a="0" width="23.8" height="26.05"/>
</scene>