<scene width="740" height="380">
  <timer time="60"/>
  <creator id="2417627"/>
  <bg id="4"/>
  <springboardskin x="33" y="221" a="0" width="51" height="10.95"/>
  <ground x="238" y="203.05" cx="207" cy="200" a="0" width="62" height="6.1"/>
  <ground x="398" y="201.5" cx="359" cy="199" a="0" width="78" height="5"/>
  <littlemouse x="311" y="87" a="0" width="37.35" height="34.3"/>
  <cheeseskin x="425" y="68" a="0" width="27.05" height="22"/>
  <cheeseskin x="218" y="68" a="0" width="27.05" height="22"/>
  <ground x="360.5" y="0.5" cx="5" cy="-2" a="0" width="711" height="5"/>
  <ground x="309" y="380" cx="-31" cy="376" a="0" width="680" height="8"/>
  <groundred x="725.5" y="379" cx="648" cy="376" a="0" width="156" height="7"/>
  <ground x="3" y="211" cx="-1" cy="46" a="0" width="8" height="330"/>
  <groundred x="3" y="10.524999999999999" cx="-1" cy="-26" a="0" width="9" height="74.05"/>
  <groundblue x="328" y="53" cx="7" cy="49" a="0" width="643" height="9"/>
  <cheeseskin x="22" y="15" a="0" width="27.05" height="22"/>
  <minkskin x="722" y="14" a="0" width="36" height="27"/>
  <ground x="203.05" y="131" cx="200" cy="57" a="0" width="6.1" height="148"/>
  <ground x="440" y="129.5" cx="437" cy="54" a="0" width="6" height="151"/>
  <ground x="95" y="227.5" cx="7" cy="225" a="0" width="176" height="5"/>
  <cheeseskin x="29" y="95" a="0" width="27.05" height="22"/>
  <springboardskin x="208" y="279" a="0" width="51" height="10.95"/>
  <springboardskin x="261" y="333" a="0" width="51" height="10.95"/>
  <ground x="738.675" y="85.5" cx="736" cy="3" a="0" width="5.35" height="165"/>
  <ground x="769" y="-1.4500000000000002" cx="714" cy="-6" a="0" width="110" height="9.1"/>
</scene>