<scene width="740" height="380">
  <timer time="60"/>
  <creator id="2941008"/>
  <bg id="7"/>
  <cheeseskin x="449" y="194" a="0" width="27.05" height="22"/>
  <springboardskin x="588" y="124" a="0" width="51" height="10.95"/>
  <springboardskin x="178" y="311" a="0" width="51" height="10.95"/>
  <springboardskin x="265" y="278" a="0" width="51" height="10.95"/>
  <springboardskin x="366" y="247" a="0" width="51" height="10.95"/>
  <springboardskin x="450" y="209" a="0" width="51" height="10.95"/>
  <springboardskin x="534" y="170" a="0" width="51" height="10.95"/>
  <minkskin x="600" y="78" a="0" width="36" height="27"/>
  <littlemouse x="190" y="292" a="0" width="37.35" height="34.3"/>
</scene>