<scene width="740" height="380">
  <timer time="60"/>
  <creator id="2587315"/>
  <bg id="0"/>
  <cheeseskin x="132" y="141" a="0" width="27.05" height="22"/>
  <springboardskin x="83" y="353" a="0" width="51" height="10.95"/>
  <springboardskin x="276" y="352" a="0" width="51" height="10.95"/>
  <springboardskin x="438" y="355" a="0" width="51" height="10.95"/>
  <springboardskin x="592" y="364" a="0" width="51" height="10.95"/>
  <minkskin x="597" y="166" a="0" width="36" height="27"/>
  <springboardskin x="354" y="180" a="0" width="51" height="10.95"/>
  <littlemouse x="78" y="224" a="0" width="37.35" height="34.3"/>
</scene>