<scene width="740" height="380">
  <timer time="60"/>
  <creator id="2953605"/>
  <bg id="12"/>
  <ground x="524.5" y="276.025" cx="481" cy="267" a="0" width="87" height="18.05"/>
  <ground x="455.5" y="302.05" cx="414" cy="296" a="0" width="83" height="12.1"/>
  <ground x="370" y="318.5" cx="314" cy="313" a="0" width="112" height="11"/>
  <ground x="255.5" y="326.5" cx="199" cy="320" a="0" width="113" height="13"/>
  <ground x="71.5" y="299" cx="32" cy="295" a="0" width="79" height="8"/>
  <ground x="55" y="258.55" cx="32" cy="254" a="0" width="46" height="9.1"/>
  <ground x="122.5" y="211.075" cx="83" cy="207" a="0" width="79" height="8.15"/>
  <ground x="207.5" y="174.05" cx="154" cy="169" a="0" width="107" height="10.1"/>
  <ground x="325.5" y="149.575" cx="271" cy="145" a="0" width="109" height="9.15"/>
  <ground x="362" y="105.05" cx="333" cy="100" a="0" width="58" height="10.1"/>
  <minkskin x="362" y="82" a="0" width="36" height="27"/>
  <ground x="379" y="373.05" cx="23" cy="368" a="0" width="712" height="10.1"/>
  <springboardskin x="121" y="363" a="0" width="51" height="10.95"/>
  <tree x="481" y="219" a="0" width="78.35" height="100"/>
  <tree2 x="91" y="156" a="0" width="84.85" height="100"/>
  <ballskin x="326" y="406" a="0" width="23.8" height="26.05"/>
  <bush x="354" y="129" a="0" width="59.4" height="32.3"/>
  <cheeseskin x="700" y="275" a="0" width="27.05" height="22"/>
  <springboardskin x="643" y="363" a="0" width="51" height="10.95"/>
  <ground x="699.5" y="290.5" cx="671" cy="285" a="0" width="57" height="11"/>
  <ground x="654.5" y="64.05" cx="591" cy="57" a="0" width="127" height="14.1"/>
  <littlemouse x="650" y="39" a="0" width="37.35" height="34.3"/>
  <ground x="338" y="48.5" cx="272" cy="40" a="0" width="132" height="17"/>
  <ground x="225.5" y="86.525" cx="165" cy="76" a="0" width="121" height="21.05"/>
  <ground x="211" y="59.525" cx="197" cy="47" a="0" width="28" height="25.05"/>
  <ground x="99.5" y="62.5" cx="35" cy="52" a="0" width="129" height="21"/>
  <cheeseskin x="50" y="39" a="0" width="27.05" height="22"/>
  <ground x="211.525" y="25" cx="196" cy="5" a="0" width="31.05" height="40"/>
  <ground x="457" y="87.025" cx="387" cy="76" a="0" width="140" height="22.05"/>
  <ground x="549.5" y="125" cx="468" cy="117" a="0" width="163" height="16"/>
  <ground x="629.5" y="158.025" cx="577" cy="144" a="0" width="105" height="28.05"/>
  <ground x="688" y="215.55" cx="636" cy="212" a="0" width="104" height="7.1"/>
  <ground x="595.5" y="244" cx="541" cy="238" a="0" width="109" height="12"/>
</scene>