<scene width="740" height="380">
  <timer time="40"/>
  <creator id="2883265"/>
  <bg id="3"/>
  <staticblueskin x="465.92499999999995" y="349.175" cx="445" cy="339" a="11" width="45" height="12"/>
  <staticblueskin x="601.2" y="328.55" cx="631" cy="304" a="55" width="6" height="77"/>
  <staticblueskin x="106.275" y="129.55" cx="84" cy="89" a="55" width="92" height="10"/>
  <staticblueskin x="54.7" y="67.625" cx="33" cy="39" a="44" width="71" height="11"/>
  <staticblueskin x="738.7249999999999" y="82.9" cx="750" cy="47" a="22" width="6" height="75"/>
  <staticblueskin x="617.525" y="15.475000000000001" cx="632" cy="-31" a="22" width="8" height="97"/>
  <staticredskin x="393.5" y="64" cx="377" cy="59" a="0" width="33" height="10"/>
  <staticredskin x="415" y="82.5" cx="411" cy="63" a="0" width="8" height="39"/>
  <staticredskin x="395.5" y="107.5" cx="378" cy="103" a="0" width="35" height="9"/>
  <staticredskin x="418" y="122" cx="414" cy="105" a="0" width="8" height="34"/>
  <staticredskin x="396" y="142.5" cx="378" cy="138" a="0" width="36" height="9"/>
  <staticredskin x="702.825" y="186.7" cx="710" cy="175" a="111" width="27" height="5"/>
  <staticredskin x="295.5" y="82" cx="292" cy="66" a="0" width="7" height="32"/>
  <staticredskin x="312" y="66.5" cx="298" cy="63" a="0" width="28" height="7"/>
  <staticredskin x="329.82500000000005" y="85.875" cx="330" cy="64" a="11" width="8" height="43"/>
  <staticredskin x="319.825" y="120.05" cx="322" cy="108" a="22" width="5" height="24"/>
  <staticredskin x="330.5" y="136" cx="311" cy="133" a="0" width="39" height="6"/>
  <staticredskin x="467.375" y="82.55" cx="481" cy="61" a="111" width="50" height="10"/>
  <staticredskin x="482" y="102.5" cx="478" cy="61" a="0" width="8" height="83"/>
  <staticredskin x="530.5" y="66.5" cx="514" cy="63" a="0" width="33" height="7"/>
  <springboardskin x="612" y="154" a="0" width="51" height="10.95"/>
  <staticskin x="567.5" y="107.5" cx="564" cy="65" a="0" width="7" height="85"/>
  <staticblueskin x="233.5" y="55" cx="194" cy="51" a="0" width="79" height="8"/>
  <staticblueskin x="245.5" y="-1.5" cx="194" cy="-6" a="0" width="103" height="9"/>
  <staticblueskin x="172.27499999999998" y="37.224999999999994" cx="189" cy="59" a="-138" width="54" height="10"/>
  <staticredskin x="553.5" y="82.5" cx="549" cy="61" a="0" width="9" height="43"/>
  <staticredskin x="534.5" y="105" cx="515" cy="101" a="0" width="39" height="8"/>
  <staticredskin x="555" y="124" cx="551" cy="106" a="0" width="8" height="36"/>
  <staticredskin x="534" y="144.5" cx="516" cy="140" a="0" width="36" height="9"/>
  <cactus x="471" y="16" a="0" width="20" height="42.55"/>
  <bush x="513" y="342" a="0" width="59.4" height="32.3"/>
  <cactus x="363" y="406" a="0" width="20" height="42.55"/>
  <cactus x="700" y="178" a="0" width="20" height="42.55"/>
  <staticblueskin x="515.5" y="355" cx="488" cy="350" a="0" width="55" height="10"/>
  <staticblueskin x="160.325" y="182.1" cx="133" cy="159" a="33" width="71" height="9"/>
  <springboardskin x="508" y="353" a="0" width="51" height="10.95"/>
  <cheeseskin x="624" y="96" a="0" width="27.05" height="22"/>
  <minkskin x="720" y="19" a="0" width="36" height="27"/>
  <staticredskin x="729.8" y="4.475" cx="767" cy="15" a="111" width="7" height="77"/>
  <staticblueskin x="551.5" y="42" cx="510" cy="38" a="0" width="83" height="8"/>
  <staticblueskin x="599" y="3" cx="595" cy="-53" a="0" width="8" height="112"/>
  <staticskin x="396.5" y="43.5" cx="283" cy="39" a="0" width="227" height="9"/>
  <staticblueskin x="274.5" y="82" cx="269" cy="42" a="0" width="11" height="80"/>
  <littlemouse x="581" y="21" a="0" width="37.35" height="34.3"/>
  <staticblueskin x="314.3" y="289.2" cx="275" cy="269" a="22" width="88" height="8"/>
  <staticblueskin x="248.175" y="255.725" cx="227" cy="236" a="33" width="57" height="10"/>
  <staticblueskin x="206.52499999999998" y="220.675" cx="192" cy="199" a="44" width="51" height="11"/>
  <staticblueskin x="569.75" y="342.725" cx="543" cy="353" a="-27" width="57" height="6"/>
  <staticblueskin x="-4.300000000000004" y="9.875" cx="28" cy="45" a="-138" width="95" height="9"/>
  <staticblueskin x="638.15" y="301.175" cx="616" cy="324" a="-54" width="63" height="9"/>
  <staticblueskin x="676.35" y="251.05" cx="654" cy="275" a="-54" width="65" height="8"/>
  <staticblueskin x="688.325" y="232.675" cx="706" cy="195" a="111" width="83" height="6"/>
  <staticblueskin x="400.1" y="324.825" cx="447" cy="338" a="111" width="9" height="97"/>
</scene>