<scene width="740" height="380">
  <timer time="80"/>
  <creator id="560601"/>
  <bg id="9"/>
  <ground x="347" y="236.05" cx="261" cy="229" a="0" width="172" height="14.1"/>
  <ground x="427" y="192.1" cx="391" cy="181" a="0" width="72" height="22.2"/>
  <ground x="422" y="345.025" cx="236" cy="337" a="0" width="372" height="16.05"/>
  <groundred x="651" y="350.025" cx="610" cy="340" a="0" width="83" height="21.05"/>
  <carrierhorizontal x="603" y="413" linewidth="300" lineheight="20" boxwidth="50" boxheight="20"/>
  <carriervertical x="607" y="393" linewidth="50" lineheight="200" boxwidth="50" boxheight="20"/>
  <staticskin x="601" y="67" cx="570" cy="58" a="0" width="62" height="18"/>
  <staticskin x="706.5" y="100" cx="677" cy="92" a="0" width="59" height="16"/>
  <cheeseskin x="598" y="41" a="0" width="27.05" height="22"/>
  <staticskin x="574" y="28.5" cx="569" cy="13" a="0" width="10" height="31"/>
  <ground x="582.05" y="122" cx="575" cy="87" a="0" width="14.1" height="70"/>
  <rpointer x="148" y="53" a="0" width="40" height="33.7"/>
  <lpointer x="246" y="402" a="0" width="40" height="33.7"/>
  <lpointer x="532" y="148" a="0" width="40" height="33.7"/>
  <rpointer x="278" y="409" a="0" width="40" height="33.7"/>
  <rpointer x="261" y="318" a="0" width="40" height="33.7"/>
  <carriervertical x="583" y="387" linewidth="50" lineheight="200" boxwidth="50" boxheight="20"/>
  <carrierhorizontal x="14" y="312" linewidth="300" lineheight="20" boxwidth="50" boxheight="20"/>
  <ground x="281.05" y="139.5" cx="274" cy="111" a="0" width="14.1" height="57"/>
  <ground x="223.525" y="162.5" cx="186" cy="158" a="0" width="75.05" height="9"/>
  <minkskin x="239" y="133" a="0" width="36" height="27"/>
  <springboardskin x="146" y="239" a="0" width="51" height="10.95"/>
  <staticskin x="644.5" y="4" cx="611" cy="1" a="0" width="67" height="6"/>
  <staticskin x="598" y="4" cx="568" cy="-1" a="0" width="60" height="10"/>
  <ground x="159" y="85.55" cx="33" cy="70" a="0" width="252" height="31.1"/>
  <littlemouse x="58" y="41" a="0" width="37.35" height="34.3"/>
  <ground x="477" y="173.6" cx="391" cy="165" a="0" width="172" height="17.2"/>
</scene>