<scene width="740" height="380">
  <timer time="120"/>
  <creator id="2596690"/>
  <bg id="3"/>
  <springboardskin x="197" y="204" a="0" width="51" height="10.95"/>
  <cactus x="210" y="319" a="0" width="20" height="42.55"/>
  <ballskin x="430" y="324" a="0" width="25" height="25"/>
  <ballskin x="330" y="316" a="0" width="25" height="25"/>
  <ballskin x="180" y="322" a="0" width="25" height="25"/>
  <ballskin x="135" y="313" a="0" width="25" height="25"/>
  <ballskin x="710" y="162" a="0" width="25" height="25"/>
  <ballskin x="681" y="274" a="0" width="25" height="25"/>
  <littlemouse x="600" y="324" a="0" width="37.35" height="34.3"/>
  <staticblueskin x="396.5" y="242" cx="383" cy="137" a="0" width="27" height="210"/>
  <springboardskin x="492" y="303" a="0" width="51" height="10.95"/>
  <springboardskin x="477" y="213" a="0" width="51" height="10.95"/>
  <staticblueskin x="364" y="283.5" cx="350" cy="279" a="0" width="28" height="9"/>
  <staticblueskin x="296.5" y="252" cx="281" cy="247" a="0" width="31" height="10"/>
  <staticblueskin x="357.5" y="211" cx="340" cy="207" a="0" width="35" height="8"/>
  <staticblueskin x="297" y="158" cx="283" cy="154" a="0" width="28" height="8"/>
  <staticblueskin x="243.5" y="238" cx="233" cy="128" a="0" width="21" height="220"/>
  <staticblueskin x="396.5" y="362" cx="57" cy="344" a="0" width="679" height="36"/>
  <cheeseskin x="82" y="299" a="0" width="27.05" height="22"/>
  <staticskin x="573.5" y="235" cx="563" cy="130" a="0" width="21" height="210"/>
  <staticskin x="689" y="239.5" cx="653" cy="231" a="0" width="72" height="17"/>
  <staticskin x="673" y="308.5" cx="623" cy="300" a="0" width="100" height="17"/>
  <staticskin x="702.5" y="183.5" cx="679" cy="178" a="0" width="47" height="11"/>
  <staticskin x="616" y="155" cx="591" cy="147" a="0" width="50" height="16"/>
  <minkskin x="575" y="28" a="0" width="36" height="27"/>
  <springboardskin x="571" y="125" a="0" width="51" height="10.95"/>
  <bush x="539" y="327" a="0" width="59.4" height="32.3"/>
  <springboardskin x="146" y="276" a="0" width="51" height="10.95"/>
</scene>