<scene width="740" height="380">
  <timer time="40"/>
  <creator id="2560319"/>
  <bg id="5"/>
  <cheeseskin x="160" y="190" a="0" width="27.05" height="22"/>
  <staticblueskin x="159.5" y="375.5" cx="-193" cy="373" a="0" width="705" height="5"/>
  <staticredskin x="214.5" y="342.5" cx="209" cy="338" a="0" width="11" height="9"/>
  <staticblueskin x="175" y="314" cx="170" cy="308" a="0" width="10" height="12"/>
  <staticskin x="134.5" y="295.5" cx="129" cy="289" a="0" width="11" height="13"/>
  <staticblueskin x="474.4" y="227.9" cx="487" cy="181" a="18" width="5" height="97"/>
  <staticblueskin x="443.5" y="264" cx="432" cy="251" a="0" width="23" height="26"/>
  <staticredskin x="88" y="282" cx="82" cy="275" a="0" width="12" height="14"/>
  <staticblueskin x="48" y="262.5" cx="42" cy="255" a="0" width="12" height="15"/>
  <staticskin x="11" y="238" cx="7" cy="232" a="0" width="8" height="12"/>
  <staticblueskin x="622.5" y="121.5" cx="606" cy="119" a="0" width="33" height="5"/>
  <staticredskin x="670.5" y="93" cx="666" cy="90" a="0" width="9" height="6"/>
  <tree2 x="42" y="322" a="0" width="84.85" height="100"/>
  <cactus x="95" y="351" a="0" width="20" height="42.55"/>
  <rpointer x="135" y="353" a="0" width="40" height="33.7"/>
  <rpointer x="100" y="20" a="0" width="40" height="33.7"/>
  <staticblueskin x="452" y="211" cx="449" cy="172" a="0" width="6" height="78"/>
  <stone x="139" y="72" a="0" width="31.25" height="22.9"/>
  <staticskin x="716" y="95" cx="701" cy="92" a="0" width="30" height="6"/>
  <minkskin x="709" y="24" a="0" width="36" height="27"/>
  <littlemouse x="29" y="23" a="0" width="37.35" height="34.3"/>
  <staticskin x="285" y="174.5" cx="156" cy="172" a="0" width="258" height="5"/>
  <staticblueskin x="349" y="124.5" cx="346" cy="79" a="0" width="6" height="91"/>
  <springboardskin x="244" y="165" a="0" width="51" height="10.95"/>
  <staticblueskin x="380" y="123" cx="377" cy="96" a="0" width="6" height="54"/>
  <staticblueskin x="408.5" y="122" cx="405" cy="91" a="0" width="7" height="62"/>
  <heavyboxskin x="56" y="191" a="0" width="41.05" height="22"/>
  <staticskin x="522" y="159" cx="516" cy="153" a="0" width="12" height="12"/>
  <staticblueskin x="2.5" y="184" cx="0" cy="-3" a="0" width="5" height="374"/>
  <staticblueskin x="735.5" y="180" cx="732" cy="-6" a="0" width="7" height="372"/>
  <staticblueskin x="62.5" y="39.5" cx="4" cy="37" a="0" width="117" height="5"/>
  <staticblueskin x="117" y="62" cx="114" cy="42" a="0" width="6" height="40"/>
  <staticblueskin x="135" y="84.5" cx="113" cy="82" a="0" width="44" height="5"/>
  <staticblueskin x="160.5" y="105.5" cx="158" cy="81" a="0" width="5" height="49"/>
  <staticblueskin x="103.5" y="133" cx="44" cy="130" a="0" width="119" height="6"/>
  <staticblueskin x="92.5" y="174" cx="5" cy="171" a="0" width="175" height="6"/>
  <cheeseskin x="137" y="112" a="0" width="27.05" height="22"/>
  <staticblueskin x="177.5" y="190.5" cx="175" cy="176" a="0" width="5" height="29"/>
  <staticblueskin x="562" y="128.5" cx="556" cy="123" a="0" width="12" height="11"/>
  <staticblueskin x="110.5" y="207.5" cx="43" cy="204" a="0" width="135" height="7"/>
</scene>