<scene width="740" height="380">
  <timer time="60"/>
  <creator id="3021361"/>
  <bg id="2"/>
  <flowers1 x="694" y="355" a="0" width="60" height="58.2"/>
  <groundred x="201" y="327.05" cx="198" cy="302" a="0" width="7" height="51.1"/>
  <groundred x="217.575" y="347.5" cx="200" cy="344" a="0" width="36.15" height="8"/>
  <groundred x="255.5" y="329.575" cx="253" cy="315" a="0" width="6" height="30.15"/>
  <groundred x="273.55" y="311" cx="259" cy="308" a="0" width="30.1" height="7"/>
  <groundred x="274.5" y="347.675" cx="263" cy="345" a="0" width="24" height="6.35"/>
  <groundred x="293.125" y="329.025" cx="290" cy="312" a="0" width="7.25" height="35.05"/>
  <groundred x="322.42499999999995" y="328.175" cx="339" cy="338" a="130" width="7.25" height="39.05"/>
  <groundred x="350.4" y="326.8" cx="360" cy="309" a="36" width="6.35" height="41.1"/>
  <groundred x="378.5" y="326.05" cx="375" cy="306" a="0" width="8" height="41.1"/>
  <groundred x="393.025" y="306.6" cx="377" cy="303" a="0" width="33.05" height="8.2"/>
  <groundred x="394.55" y="346" cx="378" cy="342" a="0" width="34.1" height="9"/>
  <groundred x="396" y="325.5" cx="381" cy="321" a="0" width="31" height="10"/>
  <groundred x="460.5" y="321.55" cx="457" cy="302" a="0" width="8" height="40.1"/>
  <groundred x="480.55" y="342" cx="462" cy="339" a="0" width="38.1" height="7"/>
  <groundred x="501" y="334.5" cx="498" cy="301" a="0" width="7" height="68"/>
  <groundred x="485.55" y="368" cx="467" cy="365" a="0" width="38.1" height="7"/>
  <groundred x="528.125" y="323.025" cx="525" cy="306" a="0" width="7.25" height="35.05"/>
  <groundred x="546.525" y="347" cx="533" cy="343" a="0" width="28.05" height="9"/>
  <groundred x="563" y="322.575" cx="559" cy="306" a="0" width="9" height="34.15"/>
  <groundred x="546" y="301.5" cx="535" cy="297" a="0" width="23" height="10"/>
  <groundred x="592.075" y="322.025" cx="588" cy="303" a="0" width="9.15" height="39.05"/>
  <groundred x="611.025" y="341.5" cx="598" cy="338" a="0" width="27.05" height="8"/>
  <groundred x="628.675" y="325" cx="626" cy="301" a="0" width="6.35" height="49"/>
  <staticblueskin x="58.5" y="290.5" cx="11" cy="288" a="0" width="95" height="5"/>
  <littlemouse x="51" y="273" a="0" width="37.35" height="34.3"/>
  <staticblueskin x="95.5" y="273.5" cx="82" cy="260" a="0" width="27" height="27"/>
  <staticblueskin x="114.5" y="223" cx="101" cy="211" a="0" width="27" height="24"/>
  <staticblueskin x="144" y="170.5" cx="129" cy="157" a="0" width="30" height="27"/>
  <staticblueskin x="168" y="127.5" cx="153" cy="114" a="0" width="30" height="27"/>
  <staticblueskin x="189" y="91.5" cx="179" cy="82" a="0" width="20" height="19"/>
  <staticblueskin x="214.5" y="129" cx="201" cy="116" a="0" width="27" height="26"/>
  <minkskin x="703" y="40" a="0" width="36" height="27"/>
  <staticblueskin x="229.5" y="174" cx="218" cy="162" a="0" width="23" height="24"/>
  <staticblueskin x="258.5" y="211.5" cx="249" cy="200" a="0" width="19" height="23"/>
  <staticblueskin x="280" y="175" cx="269" cy="163" a="0" width="22" height="24"/>
  <staticblueskin x="302.5" y="136" cx="290" cy="123" a="0" width="25" height="26"/>
  <staticblueskin x="327.5" y="99" cx="319" cy="90" a="0" width="17" height="18"/>
  <staticblueskin x="343" y="135.5" cx="330" cy="122" a="0" width="26" height="27"/>
  <staticblueskin x="364.5" y="193.5" cx="353" cy="180" a="0" width="23" height="27"/>
  <staticblueskin x="387" y="247" cx="376" cy="233" a="0" width="22" height="28"/>
  <staticblueskin x="402" y="128.5" cx="392" cy="116" a="0" width="20" height="25"/>
  <staticblueskin x="428" y="97" cx="417" cy="87" a="0" width="22" height="20"/>
  <staticblueskin x="454.5" y="131" cx="442" cy="120" a="0" width="25" height="22"/>
  <staticblueskin x="429" y="195" cx="397" cy="192" a="0" width="64" height="6"/>
  <cheeseskin x="430" y="168" a="0" width="27.05" height="22"/>
  <staticblueskin x="484" y="171" cx="472" cy="159" a="0" width="24" height="24"/>
  <staticblueskin x="496.5" y="214.5" cx="483" cy="200" a="0" width="27" height="29"/>
  <staticblueskin x="505" y="256.5" cx="490" cy="241" a="0" width="30" height="31"/>
  <groundblue x="526.6" y="179" cx="523" cy="89" a="0" width="8.2" height="181"/>
  <groundblue x="569.35" y="128.125" cx="614" cy="95" a="56" width="6" height="112.1"/>
  <groundblue x="570.5" y="206" cx="613" cy="252" a="140" width="7" height="126.1"/>
  <groundblue x="635.675" y="177" cx="632" cy="98" a="0" width="8.35" height="159"/>
  <groundblue x="679.5" y="91.55" cx="646" cy="87" a="0" width="68" height="10.1"/>
  <groundblue x="682.05" y="265" cx="637" cy="262" a="0" width="91.1" height="7"/>
  <flowers2 x="123" y="351" a="0" width="60" height="33.45"/>
  <flowers2 x="732" y="409" a="0" width="60" height="33.45"/>
</scene>