<scene width="740" height="380">
  <timer time="60"/>
  <creator id="2417627"/>
  <bg id="11"/>
  <littlemouse x="35" y="209" a="0" width="37.35" height="34.3"/>
  <groundred x="355.75" y="348.825" cx="136" cy="344" a="0" width="440.5" height="10.65"/>
  <bush x="575" y="339" a="0" width="59.4" height="32.3"/>
  <bush x="147" y="340" a="0" width="59.4" height="32.3"/>
  <lpointer x="144" y="138" a="0" width="40" height="33.7"/>
  <rpointer x="559" y="151" a="0" width="40" height="33.7"/>
  <lpointer x="401" y="103" a="0" width="40" height="33.7"/>
  <groundblue x="371" y="368" cx="3" cy="356" a="0" width="737" height="25"/>
  <ground x="95.5" y="156" cx="1" cy="153" a="0" width="189" height="6"/>
  <ground x="642.5" y="175.55" cx="547" cy="172" a="0" width="191" height="7.1"/>
  <cheeseskin x="19" y="96" a="0" width="27.05" height="22"/>
  <cheeseskin x="667" y="111" a="0" width="27.05" height="22"/>
  <ground x="161.575" y="44" cx="157" cy="-39" a="0" width="9.15" height="166"/>
  <ground x="576.55" y="31.5" cx="573" cy="-51" a="0" width="7.1" height="165"/>
  <ground x="248" y="122" cx="166" cy="118" a="0" width="164" height="8"/>
  <ground x="485.5" y="122.575" cx="390" cy="118" a="0" width="191" height="9.15"/>
  <groundred x="355.5" y="0.04999999999999982" cx="197" cy="-6" a="0" width="318" height="13.1"/>
  <minkskin x="354" y="64" a="0" width="36" height="27"/>
</scene>