<scene width="740" height="380">
  <timer time="60"/>
  <creator id="1089049"/>
  <bg id="1"/>
  <minkskin x="47" y="53" a="0" width="36" height="27"/>
  <littlemouse x="89" y="52" a="0" width="37.35" height="34.3"/>
  <groundblue x="152.3" y="90.25" cx="148" cy="60" a="0" width="9.6" height="61.5"/>
  <groundblue x="164.775" y="97.75" cx="157" cy="94" a="0" width="16.55" height="8.5"/>
  <groundblue x="174.25" y="107.775" cx="170" cy="94" a="0" width="9.5" height="28.55"/>
  <groundblue x="162.775" y="123.375" cx="148" cy="119" a="0" width="30.55" height="9.75"/>
  <groundblue x="191.75" y="93.25" cx="186" cy="59" a="0" width="12.5" height="69.5"/>
  <groundblue x="290.25" y="90.25" cx="286" cy="46" a="0" width="9.5" height="89.5"/>
  <groundblue x="373.32500000000005" y="103.75" cx="377" cy="61" a="10" width="8.65" height="86.5"/>
  <groundblue x="262.25" y="62.00000000000001" cx="292" cy="97" a="145" width="9.6" height="92.5"/>
  <groundblue x="264.3" y="142.39999999999998" cx="281" cy="99" a="27" width="10.6" height="93.5"/>
  <groundred x="231" y="91.525" cx="198" cy="82" a="0" width="67" height="20.05"/>
  <groundblue x="311.875" y="140.675" cx="290" cy="93" a="-20" width="9.5" height="105.55"/>
  <groundblue x="309.075" y="58.875" cx="288" cy="103" a="-150" width="8.65" height="98.5"/>
  <groundblue x="384.32500000000005" y="116.125" cx="375" cy="108" a="23" width="24.5" height="8.65"/>
  <groundblue x="390.79999999999995" y="109.80000000000001" cx="383" cy="67" a="-4" width="10.6" height="87.5"/>
  <groundblue x="502.25" y="96.75" cx="497" cy="46" a="0" width="11.5" height="102.5"/>
  <groundblue x="479.775" y="48.25" cx="460" cy="44" a="0" width="40.55" height="9.5"/>
  <groundblue x="464.375" y="65.25" cx="460" cy="45" a="0" width="9.75" height="41.5"/>
  <groundblue x="481.775" y="87.825" cx="467" cy="84" a="0" width="30.55" height="8.65"/>
  <groundblue x="478.29999999999995" y="131" cx="495" cy="85" a="25" width="9.6" height="98.5"/>
  <carriervertical x="583" y="116" linewidth="50" lineheight="200" boxwidth="50" boxheight="20"/>
  <groundblue x="703.25" y="371.775" cx="666" cy="362" a="0" width="75.5" height="20.55"/>
  <ground x="642.025" y="372.5" cx="634" cy="360" a="0" width="16.05" height="25"/>
  <cheeseskin x="713" y="346" a="0" width="27.05" height="22"/>
  <groundblue x="580.35" y="327.8" cx="568" cy="319" a="0" width="25.7" height="18.6"/>
  <ground x="529.025" y="357.525" cx="515" cy="349" a="0" width="28.05" height="17.05"/>
  <groundblue x="477.775" y="308.25" cx="460" cy="297" a="0" width="36.55" height="23.5"/>
  <ground x="387.525" y="362.5" cx="370" cy="352" a="0" width="35.05" height="21"/>
  <groundblue x="291.775" y="298.75" cx="272" cy="284" a="0" width="40.55" height="30.5"/>
  <ground x="231.025" y="358.025" cx="222" cy="351" a="0" width="18.05" height="14.05"/>
  <groundblue x="176.775" y="277.25" cx="164" cy="269" a="0" width="26.55" height="17.5"/>
  <ground x="117.1" y="340.025" cx="106" cy="332" a="0" width="22.2" height="16.05"/>
  <groundblue x="54.775" y="300.75" cx="44" cy="292" a="0" width="22.55" height="18.5"/>
  <groundblue x="105.775" y="232.25" cx="90" cy="224" a="0" width="32.55" height="17.5"/>
  <groundred x="49.775" y="185.5" cx="34" cy="178" a="0" width="32.55" height="16"/>
  <groundblue x="25.85" y="82.25" cx="21" cy="32" a="0" width="10.7" height="101.5"/>
  <groundblue x="48.275" y="38.75" cx="30" cy="35" a="0" width="37.55" height="8.5"/>
  <groundblue x="67.925" y="49.75" cx="64" cy="32" a="0" width="8.85" height="36.5"/>
  <groundblue x="91.75" y="71.25" cx="58" cy="67" a="0" width="68.5" height="9.5"/>
</scene>