<scene width="740" height="380">
  <timer time="60"/>
  <creator id="2956041"/>
  <bg id="4"/>
  <cheeseskin x="530" y="100" a="0" width="27.05" height="22"/>
  <carrierhorizontal x="617" y="396" linewidth="300" lineheight="20" boxwidth="50" boxheight="20"/>
  <staticblueskin x="634.2" y="112.675" cx="560" cy="-2" a="55" width="273" height="10"/>
  <staticblueskin x="48.5" y="77.52499999999999" cx="-23" cy="164" a="-54" width="224" height="14"/>
  <littlemouse x="309" y="74" a="0" width="37.35" height="34.3"/>
  <groundred x="186.75" y="353.8" cx="179" cy="345" a="0" width="16.5" height="18.6"/>
  <groundred x="143.75" y="319.275" cx="136" cy="310" a="0" width="16.5" height="19.55"/>
  <groundred x="516.25" y="345.3" cx="508" cy="337" a="0" width="17.5" height="17.6"/>
  <groundred x="476.275" y="315.75" cx="468" cy="309" a="0" width="17.55" height="14.5"/>
  <staticblueskin x="335" y="183" cx="331" cy="113" a="0" width="8" height="140"/>
  <staticblueskin x="231" y="190.5" cx="225" cy="185" a="0" width="12" height="11"/>
  <groundblue x="537" y="142.5" cx="490" cy="136" a="0" width="95" height="14"/>
  <groundblue x="578.55" y="166.025" cx="570" cy="153" a="0" width="18.1" height="27.05"/>
  <groundblue x="536.5" y="54.5" cx="487" cy="47" a="0" width="100" height="16"/>
  <groundblue x="382.17499999999995" y="107.35" cx="430" cy="132" a="-161" width="107.5" height="16.5"/>
  <groundblue x="421.775" y="161.72500000000002" cx="454" cy="181" a="-161" width="74.5" height="16.5"/>
  <groundblue x="388.25" y="134.775" cx="380" cy="126" a="0" width="17.5" height="18.55"/>
  <staticblueskin x="265.5" y="248.5" cx="192" cy="243" a="0" width="147" height="11"/>
  <groundblue x="440.5" y="256.5" cx="344" cy="252" a="0" width="194" height="10"/>
  <groundblue x="496.1" y="238.02499999999998" cx="486" cy="240" a="-54" width="16.1" height="15"/>
  <staticblueskin x="333.5" y="104" cx="300" cy="96" a="0" width="67" height="16"/>
  <staticblueskin x="103.5" y="308" cx="68" cy="302" a="0" width="71" height="12"/>
  <groundred x="167.75" y="249.75" cx="144" cy="241" a="0" width="48.5" height="18.5"/>
  <staticblueskin x="138.3" y="34.125" cx="107" cy="67" a="-54" width="90" height="12"/>
  <groundred x="324.15" y="335.625" cx="297" cy="361" a="-54" width="74" height="15.1"/>
  <groundred x="167.025" y="334.5" cx="151" cy="327" a="0" width="33.05" height="16"/>
  <groundred x="496.025" y="333" cx="481" cy="326" a="0" width="31.05" height="15"/>
  <groundred x="500.825" y="98.25" cx="493" cy="65" a="0" width="16.65" height="67.5"/>
  <groundred x="333.35" y="68.25" cx="326" cy="36" a="0" width="15.7" height="65.5"/>
  <groundred x="738.3499999999999" y="355.17499999999995" cx="711" cy="377" a="-54" width="68.5" height="19.6"/>
  <groundblue x="558.275" y="214.25" cx="525" cy="246" a="-54" width="91.5" height="17.5"/>
  <staticblueskin x="242.5" y="344.5" cx="201" cy="337" a="0" width="83" height="15"/>
  <staticblueskin x="411" y="309.5" cx="358" cy="304" a="0" width="106" height="11"/>
  <staticblueskin x="578.5" y="344.5" cx="527" cy="339" a="0" width="103" height="11"/>
  <staticblueskin x="205.5" y="140.5" cx="199" cy="135" a="0" width="13" height="11"/>
  <staticblueskin x="258.5" y="116.5" cx="252" cy="111" a="0" width="13" height="11"/>
  <staticblueskin x="334" y="44" cx="330" cy="-8" a="0" width="8" height="104"/>
  <minkskin x="366" y="228" a="0" width="36" height="27"/>
  <groundred x="698.75" y="383.25" cx="671" cy="373" a="0" width="56.5" height="21.5"/>
  <groundred x="31.275" y="381.3" cx="7" cy="370" a="0" width="49.55" height="23.6"/>
</scene>