<scene width="740" height="380">
  <timer time="80"/>
  <creator id="1380743"/>
  <bg id="4"/>
  <staticredskin x="505" y="113.5" cx="502" cy="76" a="0" width="6" height="75"/>
  <carriervertical x="639" y="396" linewidth="50" lineheight="200" boxwidth="50" boxheight="20"/>
  <carrierhorizontal x="223" y="168" linewidth="300" lineheight="20" boxwidth="50" boxheight="20"/>
  <staticskin x="15.5" y="264" cx="12" cy="153" a="0" width="7" height="222"/>
  <staticblueskin x="47" y="268" cx="43" cy="181" a="0" width="8" height="174"/>
  <staticskin x="73.5" y="285" cx="71" cy="197" a="0" width="5" height="176"/>
  <staticblueskin x="143.5" y="316.5" cx="81" cy="314" a="0" width="125" height="5"/>
  <cheeseskin x="15" y="137" a="0" width="27.05" height="22"/>
  <springboardskin x="98" y="306" a="0" width="51" height="10.95"/>
  <springboardskin x="230" y="305" a="0" width="51" height="10.95"/>
  <springboardskin x="289" y="274" a="0" width="51" height="10.95"/>
  <springboardskin x="348" y="246" a="0" width="51" height="10.95"/>
  <springboardskin x="421" y="245" a="0" width="51" height="10.95"/>
  <springboardskin x="495" y="312" a="0" width="51" height="10.95"/>
  <springboardskin x="545" y="332" a="0" width="51" height="10.95"/>
  <ground x="546" y="130.5" cx="542" cy="-5" a="0" width="8" height="271"/>
  <staticredskin x="526" y="129.5" cx="511" cy="108" a="0" width="30" height="43"/>
  <rpointer x="225" y="31" a="0" width="40" height="33.7"/>
  <flowers1 x="50" y="178" a="0" width="60" height="58.2"/>
  <carriervertical x="613" y="118" linewidth="50" lineheight="200" boxwidth="50" boxheight="20"/>
  <groundblue x="659.25" y="194.25" cx="654" cy="41" a="0" width="11.5" height="307.5"/>
  <minkskin x="696" y="331" a="0" width="36" height="27"/>
  <cactus x="386" y="302" a="0" width="20" height="42.55"/>
  <tree2 x="385" y="291" a="0" width="84.85" height="100"/>
  <staticskin x="386" y="343.5" cx="358" cy="339" a="0" width="56" height="9"/>
  <littlemouse x="23" y="34" a="0" width="37.35" height="34.3"/>
  <heavyboxskin x="320" y="47" a="0" width="41.05" height="22"/>
  <ballskin x="135" y="307" a="0" width="25" height="25"/>
  <ballskin x="154" y="308" a="5" width="25" height="25"/>
  <ballskin x="164" y="308" a="0" width="25" height="25"/>
  <ballskin x="178" y="306" a="0" width="25" height="25"/>
  <ballskin x="191" y="308" a="0" width="25" height="25"/>
  <springboardskin x="650" y="77" a="0" width="51" height="10.95"/>
  <staticskin x="162" y="51" cx="-5" cy="47" a="0" width="334" height="8"/>
  <staticskin x="358" y="100.5" cx="355" cy="49" a="0" width="6" height="103"/>
  <staticblueskin x="414" y="72.5" cx="365" cy="70" a="0" width="98" height="5"/>
  <staticredskin x="472.5" y="111.5" cx="468" cy="72" a="0" width="9" height="79"/>
</scene>