<scene width="740" height="380">
  <timer time="60"/>
  <creator id="1143845"/>
  <bg id="2"/>
  <staticskin x="351" y="245.5" cx="330" cy="242" a="0" width="42" height="7"/>
  <staticskin x="370.5" y="239.5" cx="364" cy="234" a="0" width="13" height="11"/>
  <staticskin x="320" y="157.5" cx="305" cy="148" a="0" width="30" height="19"/>
  <staticskin x="292.5" y="138" cx="279" cy="127" a="0" width="27" height="22"/>
  <staticskin x="261.5" y="114.5" cx="244" cy="100" a="0" width="35" height="29"/>
  <staticskin x="199.5" y="90" cx="154" cy="82" a="0" width="91" height="16"/>
  <staticskin x="140" y="114.5" cx="123" cy="101" a="0" width="34" height="27"/>
  <staticskin x="109" y="137" cx="95" cy="126" a="0" width="28" height="22"/>
  <staticskin x="86" y="187.5" cx="78" cy="144" a="0" width="16" height="87"/>
  <staticskin x="113" y="247.5" cx="96" cy="233" a="0" width="34" height="29"/>
  <staticskin x="149" y="275.5" cx="132" cy="263" a="0" width="34" height="25"/>
  <staticskin x="179" y="300.5" cx="165" cy="289" a="0" width="28" height="23"/>
  <staticskin x="205" y="328.5" cx="192" cy="316" a="0" width="26" height="25"/>
  <staticskin x="234.5" y="358.5" cx="221" cy="346" a="0" width="27" height="25"/>
  <staticskin x="366.5" y="378.5" cx="253" cy="371" a="0" width="227" height="15"/>
  <staticskin x="494.5" y="360" cx="479" cy="350" a="0" width="31" height="20"/>
  <staticskin x="523" y="337" cx="504" cy="325" a="0" width="38" height="24"/>
  <staticskin x="548.5" y="307" cx="534" cy="294" a="0" width="29" height="26"/>
  <staticskin x="375.5" y="158.5" cx="361" cy="147" a="0" width="29" height="23"/>
  <staticskin x="404.5" y="135" cx="391" cy="124" a="0" width="27" height="22"/>
  <staticskin x="434.5" y="110" cx="417" cy="96" a="0" width="35" height="28"/>
  <staticskin x="495.5" y="87.5" cx="450" cy="79" a="0" width="91" height="17"/>
  <staticskin x="560.5" y="111.5" cx="541" cy="99" a="0" width="39" height="25"/>
  <staticskin x="596" y="137" cx="581" cy="126" a="0" width="30" height="22"/>
  <staticskin x="571.5" y="279" cx="555" cy="264" a="0" width="33" height="30"/>
  <staticskin x="597.5" y="249.5" cx="582" cy="236" a="0" width="31" height="27"/>
  <staticskin x="619" y="192.5" cx="612" cy="150" a="0" width="14" height="85"/>
  <cheeseskin x="498" y="188" a="0" width="27.05" height="22"/>
  <cheeseskin x="198" y="183" a="0" width="27.05" height="22"/>
  <minkskin x="360" y="323" a="180" width="36" height="27"/>
  <staticblueskin x="496" y="206.5" cx="467" cy="201" a="0" width="58" height="11"/>
  <staticblueskin x="198" y="202.5" cx="167" cy="198" a="0" width="62" height="9"/>
  <staticblueskin x="170.5" y="192" cx="166" cy="188" a="0" width="9" height="8"/>
  <staticblueskin x="224" y="188" cx="219" cy="178" a="0" width="10" height="20"/>
  <staticblueskin x="221.5" y="165.5" cx="216" cy="158" a="0" width="11" height="15"/>
  <staticblueskin x="208.5" y="146.5" cx="200" cy="139" a="0" width="17" height="15"/>
  <staticblueskin x="188.5" y="147.5" cx="181" cy="140" a="0" width="15" height="15"/>
  <staticblueskin x="473" y="195.5" cx="468" cy="189" a="0" width="10" height="13"/>
  <staticblueskin x="470.5" y="177.5" cx="465" cy="167" a="0" width="11" height="21"/>
  <staticblueskin x="483" y="156" cx="475" cy="149" a="0" width="16" height="14"/>
  <staticblueskin x="501.5" y="152.5" cx="495" cy="145" a="0" width="13" height="15"/>
  <staticblueskin x="519.5" y="195" cx="517" cy="192" a="0" width="5" height="6"/>
  <flowers2 x="491" y="131" a="0" width="60" height="33.45"/>
  <flowers2 x="198" y="123" a="0" width="60" height="33.45"/>
  <staticredskin x="511.25" y="100.275" cx="391" cy="74" a="10" width="246" height="10"/>
  <staticredskin x="512.4" y="86.875" cx="409" cy="60" a="10" width="213" height="17"/>
  <staticblueskin x="519.025" y="72.775" cx="433" cy="51" a="10" width="177" height="13"/>
  <staticredskin x="528.575" y="22.825000000000003" cx="454" cy="-35" a="10" width="167" height="88"/>
  <littlemouse x="191" y="55" a="0" width="37.35" height="34.3"/>
  <flowers1 x="595" y="61" a="10" width="60" height="58.2"/>
  <staticskin x="347.5" y="218.5" cx="339" cy="212" a="0" width="17" height="13"/>
  <staticskin x="335" y="232.5" cx="329" cy="227" a="0" width="12" height="11"/>
</scene>