<scene width="740" height="380">
  <timer time="80"/>
  <creator id="2419441"/>
  <bg id="3"/>
  <carrierhorizontal x="82" y="76" linewidth="300" lineheight="20" boxwidth="50" boxheight="20"/>
  <ground x="704" y="131.525" cx="678" cy="117" a="0" width="52" height="29.05"/>
  <carriervertical x="630" y="137" linewidth="50" lineheight="200" boxwidth="50" boxheight="20"/>
  <bush x="54" y="197" a="0" width="59.4" height="32.3"/>
  <bush x="102" y="196" a="0" width="59.4" height="32.3"/>
  <bush x="151" y="194" a="0" width="59.4" height="32.3"/>
  <bush x="202" y="193" a="0" width="59.4" height="32.3"/>
  <bush x="257" y="194" a="0" width="59.4" height="32.3"/>
  <tree x="512" y="175" a="0" width="78.35" height="100"/>
  <heavyboxskin x="502" y="212" a="0" width="41" height="22"/>
  <heavyboxskin x="541" y="213" a="0" width="41" height="22"/>
  <bush x="313" y="194" a="0" width="59.4" height="32.3"/>
  <bush x="368" y="194" a="0" width="59.4" height="32.3"/>
  <carrierhorizontal x="300" y="367" linewidth="300" lineheight="20" boxwidth="50" boxheight="20"/>
  <ground x="192" y="369.5" cx="121" cy="363" a="0" width="142" height="13"/>
  <ground x="191.5" y="355.05" cx="137" cy="348" a="0" width="109" height="14.1"/>
  <ground x="193.5" y="342" cx="149" cy="337" a="0" width="89" height="10"/>
  <ground x="194" y="330.5" cx="162" cy="326" a="0" width="64" height="9"/>
  <ground x="197" y="322.05" cx="173" cy="319" a="0" width="48" height="6.1"/>
  <ground x="196.525" y="314" cx="183" cy="310" a="0" width="27.05" height="8"/>
  <lpointer x="196" y="291" a="0" width="40" height="33.7"/>
  <springboardskin x="63" y="328" a="0" width="51" height="10.95"/>
  <groundblue x="24.25" y="137.75" cx="11" cy="58" a="0" width="27.5" height="160.5"/>
  <groundblue x="206" y="225.5" cx="9" cy="211" a="0" width="395" height="30"/>
  <groundblue x="413.525" y="155" cx="400" cy="71" a="0" width="28.05" height="169"/>
  <ground x="205.5" y="49.05" cx="193" cy="42" a="0" width="25" height="14.1"/>
  <groundblue x="456" y="65.5" cx="399" cy="53" a="0" width="115" height="26"/>
  <groundred x="456.525" y="50.05" cx="444" cy="41" a="0" width="26.05" height="19.1"/>
  <cheeseskin x="703" y="101" a="0" width="27.05" height="22"/>
  <ground x="519" y="236.5" cx="462" cy="226" a="0" width="114" height="21"/>
  <groundred x="679.75" y="366.75" cx="619" cy="356" a="0" width="122.5" height="22.5"/>
  <minkskin x="41" y="261" a="0" width="36" height="27"/>
  <ground x="278.5" y="-0.9500000000000002" cx="12" cy="-6" a="0" width="533" height="10.1"/>
  <ground x="733.075" y="142" cx="729" cy="3" a="0" width="8.15" height="278"/>
  <staticskin x="3.5" y="189" cx="-2" cy="0" a="0" width="11" height="378"/>
  <staticskin x="28.5" y="51" cx="10" cy="46" a="0" width="37" height="10"/>
  <littlemouse x="37" y="29" a="0" width="37.35" height="34.3"/>
</scene>