<scene width="740" height="380">
  <timer time="60"/>
  <creator id="3003313"/>
  <bg id="6"/>
  <staticblueskin x="732.5" y="268" cx="726" cy="263" a="0" width="13" height="10"/>
  <staticblueskin x="734" y="232.5" cx="729" cy="228" a="0" width="10" height="9"/>
  <staticblueskin x="672.5" y="239" cx="648" cy="232" a="0" width="49" height="14"/>
  <staticblueskin x="664" y="202" cx="647" cy="195" a="0" width="34" height="14"/>
  <staticblueskin x="654" y="151" cx="643" cy="145" a="0" width="22" height="12"/>
  <staticblueskin x="722.5" y="162.5" cx="703" cy="155" a="0" width="39" height="15"/>
  <staticblueskin x="731.5" y="116" cx="714" cy="110" a="0" width="35" height="12"/>
  <minkskin x="377" y="234" a="0" width="36" height="27"/>
  <staticblueskin x="209" y="113" cx="188" cy="108" a="0" width="42" height="10"/>
  <staticblueskin x="523.5" y="115" cx="504" cy="110" a="0" width="39" height="10"/>
  <staticblueskin x="95.5" y="376.5" cx="0" cy="374" a="0" width="191" height="5"/>
  <staticblueskin x="279" y="376" cx="217" cy="373" a="0" width="124" height="6"/>
  <staticblueskin x="374" y="342.5" cx="351" cy="340" a="0" width="46" height="5"/>
  <staticblueskin x="464" y="374.5" cx="411" cy="372" a="0" width="106" height="5"/>
  <staticblueskin x="645.5" y="377.5" cx="552" cy="375" a="0" width="187" height="5"/>
  <staticblueskin x="3.5" y="152" cx="-1" cy="1" a="0" width="9" height="302"/>
  <staticblueskin x="4" y="329.5" cx="1" cy="282" a="0" width="6" height="95"/>
  <staticblueskin x="14" y="4" cx="0" cy="-1" a="0" width="28" height="10"/>
  <staticblueskin x="735.5" y="162.5" cx="730" cy="2" a="0" width="11" height="321"/>
  <staticblueskin x="601.5" y="312.5" cx="560" cy="308" a="0" width="83" height="9"/>
  <staticblueskin x="618.5" y="264" cx="594" cy="259" a="0" width="49" height="10"/>
  <staticblueskin x="641.5" y="224.5" cx="613" cy="219" a="0" width="57" height="11"/>
  <staticblueskin x="648.5" y="184.5" cx="626" cy="180" a="0" width="45" height="9"/>
  <staticblueskin x="547" y="156" cx="503" cy="152" a="0" width="88" height="8"/>
  <staticblueskin x="100" y="311.5" cx="53" cy="308" a="0" width="94" height="7"/>
  <staticblueskin x="98.5" y="275.5" cx="64" cy="270" a="0" width="69" height="11"/>
  <staticblueskin x="680.5" y="369.5" cx="628" cy="364" a="0" width="105" height="11"/>
  <staticblueskin x="714" y="359.5" cx="667" cy="354" a="0" width="94" height="11"/>
  <staticblueskin x="87" y="242" cx="61" cy="237" a="0" width="52" height="10"/>
  <staticblueskin x="167.5" y="199" cx="98" cy="195" a="0" width="139" height="8"/>
  <staticblueskin x="188.5" y="169" cx="148" cy="164" a="0" width="81" height="10"/>
  <staticblueskin x="201" y="137.5" cx="170" cy="133" a="0" width="62" height="9"/>
  <staticblueskin x="176.5" y="352.5" cx="169" cy="348" a="0" width="15" height="9"/>
  <staticblueskin x="535.5" y="356.5" cx="527" cy="351" a="0" width="17" height="11"/>
  <staticblueskin x="703" y="5.5" cx="677" cy="1" a="0" width="52" height="9"/>
  <staticblueskin x="364.5" y="253" cx="229" cy="249" a="0" width="271" height="8"/>
  <staticblueskin x="233" y="182.5" cx="229" cy="108" a="0" width="8" height="149"/>
  <staticblueskin x="503" y="183" cx="499" cy="110" a="0" width="8" height="146"/>
  <staticblueskin x="285.5" y="78" cx="282" cy="12" a="0" width="7" height="132"/>
  <staticblueskin x="456" y="80.5" cx="452" cy="9" a="0" width="8" height="143"/>
  <cheeseskin x="692" y="78" a="0" width="27.05" height="22"/>
  <staticblueskin x="736.5" y="350.5" cx="731" cy="327" a="0" width="11" height="47"/>
  <staticblueskin x="622.5" y="106.5" cx="604" cy="102" a="0" width="37" height="9"/>
  <staticblueskin x="60" y="154" cx="53" cy="0" a="0" width="14" height="308"/>
  <staticblueskin x="349" y="3.5" cx="18" cy="-2" a="0" width="662" height="11"/>
  <littlemouse x="32" y="56" a="0" width="37.35" height="34.3"/>
  <staticblueskin x="93" y="112.5" cx="67" cy="109" a="0" width="52" height="7"/>
  <staticblueskin x="649.5" y="159" cx="641" cy="2" a="0" width="17" height="314"/>
  <staticblueskin x="727" y="331.5" cx="704" cy="325" a="0" width="46" height="13"/>
  <staticblueskin x="734.5" y="297.5" cx="721" cy="293" a="0" width="27" height="9"/>
</scene>