<scene width="740" height="380">
  <timer time="60"/>
  <creator id="2418770"/>
  <bg id="4"/>
  <staticblueskin x="360" y="364.5" cx="325" cy="358" a="0" width="70" height="13"/>
  <staticblueskin x="504" y="363.5" cx="462" cy="357" a="0" width="84" height="13"/>
  <staticblueskin x="425.5" y="373.5" cx="420" cy="367" a="0" width="11" height="13"/>
  <staticblueskin x="296.5" y="372.5" cx="290" cy="366" a="0" width="13" height="13"/>
  <springboardskin x="611" y="364" a="0" width="51" height="10.95"/>
  <springboardskin x="700" y="293" a="0" width="51" height="10.95"/>
  <springboardskin x="570" y="229" a="0" width="51" height="10.95"/>
  <springboardskin x="674" y="147" a="0" width="51" height="10.95"/>
  <flowers2 x="505" y="340" a="0" width="60" height="33.45"/>
  <flowers2 x="360" y="341" a="0" width="60" height="33.45"/>
  <flowers2 x="249" y="339" a="0" width="60" height="33.45"/>
  <littlemouse x="346" y="63" a="0" width="37.35" height="34.3"/>
  <ballskin x="512" y="134" a="0" width="25" height="25"/>
  <ballskin x="287" y="127" a="0" width="25" height="25"/>
  <ground x="359" y="78.5" cx="140" cy="76" a="0" width="438" height="5"/>
  <minkskin x="347" y="46" a="0" width="36" height="27"/>
  <springboardskin x="561" y="73" a="0" width="51" height="10.95"/>
  <springboardskin x="409" y="73" a="0" width="51" height="10.95"/>
  <springboardskin x="460" y="73" a="0" width="51" height="10.95"/>
  <springboardskin x="510" y="73" a="0" width="51" height="10.95"/>
  <springboardskin x="301" y="72" a="0" width="51" height="10.95"/>
  <springboardskin x="250" y="72" a="0" width="51" height="10.95"/>
  <springboardskin x="199" y="72" a="0" width="51" height="10.95"/>
  <springboardskin x="148" y="72" a="0" width="51" height="10.95"/>
  <staticblueskin x="346" y="10" cx="111" cy="6" a="0" width="470" height="8"/>
  <ground x="688.9000000000001" y="46.925" cx="635" cy="-1" a="38" width="144" height="9.15"/>
  <cheeseskin x="709" y="19" a="0" width="27.05" height="22"/>
  <ground x="38.975" y="71.02499999999999" cx="84" cy="-3" a="118" width="173" height="10"/>
  <cheeseskin x="24" y="40" a="0" width="27.05" height="22"/>
  <staticredskin x="137" y="176.5" cx="134" cy="78" a="0" width="6" height="197"/>
  <ballskin x="230" y="118" a="0" width="25" height="25"/>
  <ballskin x="453" y="154" a="0" width="25" height="25"/>
  <ballskin x="352" y="238" a="0" width="25" height="25"/>
  <staticredskin x="33" y="186.5" cx="30" cy="98" a="0" width="6" height="177"/>
  <staticredskin x="81" y="185" cx="78" cy="101" a="0" width="6" height="168"/>
  <staticblueskin x="42.175" y="289.4" cx="59" cy="304" a="140" width="7" height="44"/>
  <staticblueskin x="123.975" y="289.675" cx="136" cy="272" a="45" width="8" height="42"/>
  <ground x="82.5" y="348.5" cx="47" cy="344" a="0" width="71" height="9"/>
  <ground x="368.5" y="266.125" cx="188" cy="263" a="0" width="361" height="6.25"/>
  <springboardskin x="171" y="343" a="0" width="51" height="10.95"/>
  <ground x="209" y="246.525" cx="205" cy="229" a="0" width="8" height="35.05"/>
  <ground x="208.05" y="133.5" cx="205" cy="82" a="0" width="6.1" height="103"/>
  <ground x="532.05" y="245.5" cx="527" cy="229" a="0" width="10.1" height="33"/>
  <ground x="530.5" y="131" cx="528" cy="79" a="0" width="5" height="104"/>
  <staticredskin x="367.5" y="265" cx="187" cy="262" a="0" width="361" height="6"/>
  <staticredskin x="374" y="85.5" cx="194" cy="82" a="0" width="360" height="7"/>
  <staticskin x="338.5" y="206.5" cx="332" cy="200" a="0" width="13" height="13"/>
  <staticskin x="446.5" y="202" cx="440" cy="195" a="0" width="13" height="14"/>
  <staticskin x="334" y="107.5" cx="327" cy="100" a="0" width="14" height="15"/>
  <staticskin x="490.5" y="237" cx="484" cy="231" a="0" width="13" height="12"/>
  <staticskin x="385.5" y="105.5" cx="379" cy="99" a="0" width="13" height="13"/>
  <staticskin x="424.5" y="238.5" cx="420" cy="232" a="0" width="9" height="13"/>
  <staticskin x="262" y="215.5" cx="256" cy="209" a="0" width="12" height="13"/>
  <staticskin x="232" y="247.5" cx="227" cy="241" a="0" width="10" height="13"/>
  <staticskin x="303" y="250.5" cx="297" cy="244" a="0" width="12" height="13"/>
  <staticskin x="402.5" y="165.5" cx="397" cy="158" a="0" width="11" height="15"/>
  <staticskin x="381.5" y="211.5" cx="375" cy="204" a="0" width="13" height="15"/>
  <staticskin x="307" y="171" cx="301" cy="165" a="0" width="12" height="12"/>
  <cheeseskin x="360" y="176" a="0" width="27.05" height="22"/>
  <staticblueskin x="245" y="363" cx="213" cy="357" a="0" width="64" height="12"/>
</scene>