<scene width="740" height="380">
  <timer time="60"/>
  <creator id="2930233"/>
  <bg id="3"/>
  <staticblueskin x="197.5" y="219.5" cx="194" cy="54" a="0" width="7" height="331"/>
  <staticblueskin x="225.5" y="219.5" cx="221" cy="53" a="0" width="9" height="333"/>
  <staticblueskin x="255" y="218" cx="249" cy="52" a="0" width="12" height="332"/>
  <staticblueskin x="228" y="374.5" cx="196" cy="367" a="0" width="64" height="15"/>
  <staticblueskin x="364.5" y="576" cx="359" cy="401" a="0" width="11" height="350"/>
  <staticblueskin x="277" y="217.5" cx="270" cy="54" a="0" width="14" height="327"/>
  <staticblueskin x="316.5" y="70" cx="271" cy="55" a="0" width="91" height="30"/>
  <staticblueskin x="316" y="209" cx="271" cy="194" a="0" width="90" height="30"/>
  <staticblueskin x="316" y="366.5" cx="272" cy="351" a="0" width="88" height="31"/>
  <staticblueskin x="394.5" y="23" cx="382" cy="2" a="0" width="25" height="42"/>
  <staticblueskin x="399.5" y="57" cx="385" cy="39" a="0" width="29" height="36"/>
  <staticblueskin x="408.5" y="91.5" cx="392" cy="70" a="0" width="33" height="43"/>
  <staticblueskin x="431" y="111" cx="415" cy="93" a="0" width="32" height="36"/>
  <staticblueskin x="458" y="124" cx="442" cy="106" a="0" width="32" height="36"/>
  <staticblueskin x="488.5" y="124" cx="475" cy="108" a="0" width="27" height="32"/>
  <staticblueskin x="506.5" y="164" cx="498" cy="1" a="0" width="17" height="326"/>
  <staticblueskin x="530" y="161.5" cx="523" cy="-4" a="0" width="14" height="331"/>
  <staticblueskin x="566.6500000000001" y="72.525" cx="589" cy="-5" a="20" width="11" height="161"/>
  <staticblueskin x="567.475" y="236.20000000000002" cx="608" cy="330" a="160" width="12" height="204"/>
  <staticblueskin x="649.825" y="168.775" cx="677" cy="12" a="12" width="12" height="318"/>
  <staticblueskin x="685" y="159.5" cx="678" cy="1" a="0" width="14" height="317"/>
  <staticblueskin x="661" y="238.5" cx="631" cy="228" a="0" width="60" height="21"/>
  <staticblueskin x="717.5" y="372" cx="696" cy="363" a="0" width="43" height="18"/>
  <minkskin x="715" y="351" a="0" width="36" height="27"/>
  <cheeseskin x="322" y="141" a="0" width="27.05" height="22"/>
  <ballskin x="130" y="350" a="0" width="23.8" height="26.05"/>
  <ballskin x="155" y="351" a="0" width="23.8" height="26.05"/>
  <staticblueskin x="91" y="62.5" cx="84" cy="56" a="0" width="14" height="13"/>
  <littlemouse x="25" y="67" a="0" width="37.35" height="34.3"/>
  <staticblueskin x="371.5" y="181" cx="363" cy="173" a="0" width="17" height="16"/>
  <staticblueskin x="371" y="359" cx="365" cy="352" a="0" width="12" height="14"/>
  <staticblueskin x="451" y="307" cx="440" cy="290" a="0" width="22" height="34"/>
  <staticblueskin x="473" y="275" cx="461" cy="269" a="0" width="24" height="12"/>
  <staticblueskin x="411.5" y="233.5" cx="397" cy="214" a="0" width="29" height="39"/>
  <staticblueskin x="419" y="323.5" cx="408" cy="314" a="0" width="22" height="19"/>
  <staticblueskin x="393" y="204.5" cx="383" cy="192" a="0" width="20" height="25"/>
  <staticblueskin x="395" y="371.5" cx="387" cy="364" a="0" width="16" height="15"/>
  <staticblueskin x="425.5" y="376" cx="410" cy="369" a="0" width="31" height="14"/>
  <staticblueskin x="461.5" y="377.5" cx="450" cy="366" a="0" width="23" height="23"/>
  <staticblueskin x="493.5" y="382" cx="480" cy="367" a="0" width="27" height="30"/>
  <staticredskin x="36.5" y="349.5" cx="32" cy="345" a="0" width="9" height="9"/>
  <staticredskin x="61.5" y="240" cx="55" cy="232" a="0" width="13" height="16"/>
  <staticredskin x="448" y="167.5" cx="441" cy="162" a="0" width="14" height="11"/>
  <staticblueskin x="23.5" y="114" cx="6" cy="107" a="0" width="35" height="14"/>
  <staticredskin x="332" y="4.5" cx="324" cy="-3" a="0" width="16" height="15"/>
  <staticredskin x="210.5" y="173.5" cx="204" cy="164" a="0" width="13" height="19"/>
  <staticredskin x="239" y="303.5" cx="233" cy="295" a="0" width="12" height="17"/>
  <staticblueskin x="533.5" y="375.5" cx="520" cy="364" a="0" width="27" height="23"/>
  <staticblueskin x="634" y="377.5" cx="570" cy="365" a="0" width="128" height="25"/>
  <ballskin x="660" y="210" a="0" width="23.8" height="26.05"/>
  <ballskin x="483" y="87" a="0" width="23.8" height="26.05"/>
  <staticblueskin x="3" y="213.5" cx="-1" cy="53" a="0" width="8" height="321"/>
  <staticblueskin x="41.725" y="118.925" cx="74" cy="55" a="30" width="8" height="143"/>
  <staticblueskin x="44.125" y="265.775" cx="104" cy="388" a="156" width="10" height="272"/>
  <staticredskin x="105.5" y="222.5" cx="101" cy="65" a="0" width="9" height="315"/>
  <staticredskin x="180.5" y="224.5" cx="175" cy="65" a="0" width="11" height="319"/>
  <staticredskin x="143.5" y="59" cx="101" cy="53" a="0" width="85" height="12"/>
  <staticredskin x="141.5" y="373.5" cx="108" cy="368" a="0" width="67" height="11"/>
</scene>