<scene width="740" height="380">
  <timer time="40"/>
  <creator id="2417627"/>
  <bg id="10"/>
  <groundred x="598.75" y="146.25" cx="534" cy="139" a="0" width="130.5" height="15.5"/>
  <groundred x="269.75" y="147.75" cx="203" cy="141" a="0" width="134.5" height="14.5"/>
  <groundblue x="48.025000000000006" y="318.5" cx="-16" cy="315" a="0" width="129.05" height="8"/>
  <groundblue x="200" y="320" cx="134" cy="317" a="0" width="133" height="7"/>
  <groundblue x="350" y="320.5" cx="287" cy="317" a="0" width="127" height="8"/>
  <groundblue x="531" y="321" cx="460" cy="318" a="0" width="143" height="7"/>
  <groundblue x="680.5" y="322" cx="626" cy="319" a="0" width="110" height="7"/>
  <groundblue x="118" y="275.075" cx="-5" cy="272" a="0" width="247" height="7.15"/>
  <groundblue x="368" y="275" cx="260" cy="272" a="0" width="217" height="7"/>
  <groundblue x="620" y="277.05" cx="526" cy="273" a="0" width="189" height="9.1"/>
  <groundblue x="81" y="235.1" cx="-43" cy="231" a="0" width="249" height="9.2"/>
  <groundblue x="355" y="234.5" cx="241" cy="230" a="0" width="229" height="10"/>
  <groundblue x="592" y="234" cx="487" cy="230" a="0" width="211" height="9"/>
  <groundblue x="777" y="234.5" cx="712" cy="231" a="0" width="131" height="8"/>
  <groundblue x="105" y="191.55" cx="-42" cy="187" a="0" width="295" height="10.1"/>
  <groundblue x="405" y="191.55" cx="274" cy="188" a="0" width="263" height="8.1"/>
  <groundblue x="668.5" y="191.5" cx="579" cy="188" a="0" width="180" height="8"/>
  <groundred x="86.25" y="148.25" cx="-12" cy="141" a="0" width="197.5" height="15.5"/>
  <groundred x="732.75" y="147.25" cx="663" cy="140" a="0" width="140.5" height="15.5"/>
  <groundblue x="2.25" y="41.25" cx="-5" cy="-60" a="0" width="15.5" height="203.5"/>
  <groundblue x="356.25" y="5.75" cx="7" cy="-1" a="0" width="699.5" height="14.5"/>
  <groundblue x="741.75" y="66.25" cx="734" cy="-5" a="0" width="16.5" height="143.5"/>
  <groundblue x="732.25" y="4.75" cx="701" cy="-2" a="0" width="63.5" height="14.5"/>
  <groundblue x="61.3" y="47.75" cx="53" cy="8" a="0" width="17.6" height="80.5"/>
  <cheeseskin x="29" y="29" a="0" width="27.05" height="22"/>
  <groundblue x="662.775" y="49.25" cx="652" cy="7" a="0" width="22.55" height="85.5"/>
  <minkskin x="699" y="28" a="0" width="36" height="27"/>
  <littlemouse x="16" y="350" a="0" width="37.35" height="34.3"/>
  <groundblue x="41.75" y="378.75" cx="-13" cy="365" a="0" width="110.5" height="28.5"/>
  <groundblue x="207.75" y="378.75" cx="129" cy="366" a="0" width="158.5" height="26.5"/>
  <groundblue x="401.75" y="378.775" cx="323" cy="366" a="0" width="158.5" height="26.55"/>
  <groundblue x="612.25" y="382.25" cx="516" cy="367" a="0" width="193.5" height="31.5"/>
  <groundred x="426.25" y="148.25" cx="355" cy="141" a="0" width="143.5" height="15.5"/>
</scene>