<scene width="740" height="380">
  <timer time="60"/>
  <creator id="2983296"/>
  <bg id="12"/>
  <cheeseskin x="44" y="34" a="0" width="27.05" height="22"/>
  <minkskin x="30" y="349" a="0" width="36" height="27"/>
  <littlemouse x="83" y="350" a="0" width="37.35" height="34.3"/>
  <rpointer x="284" y="405" a="0" width="40" height="33.7"/>
  <staticskin x="360" y="372.5" cx="0" cy="365" a="0" width="720" height="15"/>
  <staticskin x="724.5" y="355" cx="715" cy="330" a="0" width="19" height="50"/>
  <staticskin x="669.5" y="314.5" cx="651" cy="306" a="0" width="37" height="17"/>
  <staticskin x="593" y="276.5" cx="570" cy="268" a="0" width="46" height="17"/>
  <staticskin x="502" y="246" cx="476" cy="235" a="0" width="52" height="22"/>
  <staticskin x="563" y="187.5" cx="542" cy="180" a="0" width="42" height="15"/>
  <staticskin x="625.5" y="149.5" cx="605" cy="142" a="0" width="41" height="15"/>
  <staticskin x="679" y="113" cx="658" cy="106" a="0" width="42" height="14"/>
  <staticskin x="602" y="73.5" cx="574" cy="65" a="0" width="56" height="17"/>
  <staticskin x="527" y="43.5" cx="497" cy="33" a="0" width="60" height="21"/>
  <staticskin x="444.5" y="83.5" cx="417" cy="76" a="0" width="55" height="15"/>
  <staticskin x="371" y="116" cx="341" cy="104" a="0" width="60" height="24"/>
  <staticskin x="284" y="151.5" cx="258" cy="147" a="0" width="52" height="9"/>
  <staticskin x="344.5" y="194.5" cx="317" cy="188" a="0" width="55" height="13"/>
  <staticskin x="272.5" y="241" cx="245" cy="231" a="0" width="55" height="20"/>
  <staticredskin x="183" y="198.5" cx="155" cy="192" a="0" width="56" height="13"/>
  <staticskin x="43" y="57.5" cx="13" cy="47" a="0" width="60" height="21"/>
</scene>