<scene width="740" height="380">
  <timer time="120"/>
  <creator id="2554171"/>
  <bg id="1"/>
  <staticblueskin x="-23" y="373" cx="-123" cy="363" a="0" width="200" height="20"/>
  <staticblueskin x="213" y="375" cx="179" cy="369" a="0" width="68" height="12"/>
  <staticblueskin x="371" y="374.5" cx="332" cy="369" a="0" width="78" height="11"/>
  <staticblueskin x="515" y="376.5" cx="472" cy="370" a="0" width="86" height="13"/>
  <staticskin x="688" y="372" cx="629" cy="362" a="0" width="118" height="20"/>
  <littlemouse x="61" y="349" a="0" width="37.35" height="34.3"/>
  <staticblueskin x="576.5" y="261.5" cx="524" cy="256" a="0" width="105" height="11"/>
  <groundred x="691.5" y="358.6" cx="674" cy="355" a="0" width="35" height="7.2"/>
  <staticblueskin x="406" y="261" cx="355" cy="254" a="0" width="102" height="14"/>
  <staticblueskin x="224" y="260.5" cx="168" cy="254" a="0" width="112" height="13"/>
  <staticskin x="32" y="266" cx="-30" cy="259" a="0" width="124" height="14"/>
  <staticblueskin x="417" y="150" cx="96" cy="139" a="0" width="642" height="22"/>
  <ballskin x="192" y="244" a="0" width="25" height="25"/>
  <ballskin x="258" y="246" a="0" width="25" height="25"/>
  <ballskin x="383" y="245" a="0" width="25" height="25"/>
  <ballskin x="428" y="245" a="0" width="25" height="25"/>
  <ballskin x="603" y="243" a="0" width="25" height="25"/>
  <ballskin x="540" y="245" a="0" width="25" height="25"/>
  <ballskin x="367" y="356" a="0" width="25" height="25"/>
  <ballskin x="512" y="356" a="0" width="25" height="25"/>
  <ballskin x="218" y="356" a="0" width="25" height="25"/>
  <staticredskin x="41.5" y="251" cx="13" cy="244" a="0" width="57" height="14"/>
  <staticskin x="338" y="81" cx="-7" cy="74" a="0" width="690" height="14"/>
  <cheeseskin x="17" y="65" a="0" width="27.05" height="22"/>
  <staticblueskin x="96.5" y="67.5" cx="83" cy="61" a="0" width="27" height="13"/>
  <staticblueskin x="129" y="48.5" cx="115" cy="42" a="0" width="28" height="13"/>
  <staticblueskin x="166" y="32.5" cx="148" cy="25" a="0" width="36" height="15"/>
  <staticblueskin x="217" y="44.5" cx="195" cy="40" a="0" width="44" height="9"/>
  <staticblueskin x="277" y="65" cx="254" cy="56" a="0" width="46" height="18"/>
  <boxskin x="430" y="49" a="0" width="50" height="50"/>
  <heavyboxskin x="510" y="64" a="0" width="41.05" height="22"/>
  <heavyboxskin x="575" y="62" a="0" width="41.05" height="22"/>
  <heavyboxskin x="630" y="61" a="0" width="41.05" height="22"/>
  <minkskin x="20" y="351" a="0" width="36" height="27"/>
</scene>