<scene width="740" height="380">
  <timer time="60"/>
  <creator id="1059404"/>
  <bg id="11"/>
  <staticblueskin x="51.75000000000001" y="303" cx="100" cy="227" a="34" width="5" height="180"/>
  <minkskin x="17" y="218" a="0" width="36" height="27"/>
  <boxskin x="124" y="80" a="0" width="50" height="50"/>
  <staticblueskin x="221" y="197" cx="212" cy="188" a="0" width="18" height="18"/>
  <rpointer x="429" y="404" a="0" width="40" height="33.7"/>
  <staticblueskin x="0.5" y="349" cx="-3" cy="320" a="0" width="7" height="58"/>
  <staticblueskin x="205" y="382.5" cx="-14" cy="376" a="0" width="438" height="13"/>
  <tree2 x="119" y="325" a="0" width="84.85" height="100"/>
  <tree2 x="304" y="325" a="0" width="84.85" height="100"/>
  <flowers1 x="448" y="65" a="0" width="60" height="58.2"/>
  <staticblueskin x="449.5" y="88.5" cx="437" cy="81" a="0" width="25" height="15"/>
  <staticblueskin x="505.5" y="89" cx="492" cy="81" a="0" width="27" height="16"/>
  <flowers2 x="504" y="62" a="0" width="60" height="33.45"/>
  <staticblueskin x="560" y="88" cx="546" cy="80" a="0" width="28" height="16"/>
  <flowers1 x="559" y="65" a="0" width="60" height="58.2"/>
  <staticblueskin x="169.5" y="158" cx="143" cy="152" a="0" width="53" height="12"/>
  <staticblueskin x="414" y="341.5" cx="405" cy="333" a="0" width="18" height="17"/>
  <staticblueskin x="125" y="191.5" cx="117" cy="108" a="0" width="16" height="167"/>
  <springboardskin x="278" y="238" a="0" width="51" height="10.95"/>
  <staticblueskin x="367" y="300" cx="358" cy="291" a="0" width="18" height="18"/>
  <carrierhorizontal x="458" y="344" linewidth="300" lineheight="20" boxwidth="50" boxheight="20"/>
  <cheeseskin x="661" y="310" a="0" width="27.05" height="22"/>
  <littlemouse x="125" y="32" a="0" width="37.35" height="34.3"/>
</scene>