<scene width="740" height="380">
  <timer time="60"/>
  <creator id="2712857"/>
  <bg id="1"/>
  <ballskin x="520" y="349" a="0" width="23.8" height="26.05"/>
  <ballskin x="493" y="311" a="0" width="23.8" height="26.05"/>
  <staticblueskin x="218.5" y="202" cx="215" cy="182" a="0" width="7" height="40"/>
  <staticblueskin x="286" y="207.5" cx="283" cy="191" a="0" width="6" height="33"/>
  <staticblueskin x="354" y="149" cx="350" cy="124" a="0" width="8" height="50"/>
  <staticredskin x="675" y="247" cx="672" cy="224" a="0" width="6" height="46"/>
  <ballskin x="239" y="199" a="0" width="23.8" height="26.05"/>
  <staticblueskin x="409" y="156" cx="406" cy="140" a="0" width="6" height="32"/>
  <ballskin x="107" y="109" a="0" width="23.8" height="26.05"/>
  <staticblueskin x="462" y="207" cx="458" cy="189" a="0" width="8" height="36"/>
  <staticblueskin x="94.5" y="106" cx="91" cy="86" a="0" width="7" height="40"/>
  <staticblueskin x="516" y="211.5" cx="513" cy="197" a="0" width="6" height="29"/>
  <staticblueskin x="153" y="108" cx="149" cy="85" a="0" width="8" height="46"/>
  <ballskin x="464" y="322" a="0" width="23.8" height="26.05"/>
  <ballskin x="478" y="346" a="0" width="23.8" height="26.05"/>
  <ballskin x="529" y="322" a="0" width="23.8" height="26.05"/>
  <cheeseskin x="241" y="40" a="0" width="27.05" height="22"/>
  <lpointer x="379" y="236" a="0" width="40" height="33.7"/>
  <rpointer x="640" y="254" a="0" width="40" height="33.7"/>
  <staticblueskin x="12.5" y="245.5" cx="10" cy="224" a="0" width="5" height="43"/>
  <staticblueskin x="83.5" y="249" cx="81" cy="228" a="0" width="5" height="42"/>
  <ballskin x="710" y="106" a="0" width="23.8" height="26.05"/>
  <ballskin x="686" y="127" a="0" width="23.8" height="26.05"/>
  <ballskin x="370" y="147" a="0" width="23.8" height="26.05"/>
  <ballskin x="720" y="155" a="0" width="23.8" height="26.05"/>
  <ballskin x="700" y="174" a="0" width="23.8" height="26.05"/>
  <ballskin x="67" y="243" a="0" width="23.8" height="26.05"/>
  <ballskin x="680" y="193" a="0" width="23.8" height="26.05"/>
  <ballskin x="686" y="156" a="0" width="23.8" height="26.05"/>
  <ballskin x="504" y="205" a="0" width="23.8" height="26.05"/>
  <ballskin x="671" y="101" a="0" width="23.8" height="26.05"/>
  <ballskin x="668" y="176" a="11" width="23.8" height="26.05"/>
  <ballskin x="658" y="127" a="0" width="23.8" height="26.05"/>
  <ballskin x="709" y="73" a="0" width="23.8" height="26.05"/>
  <ballskin x="39" y="240" a="0" width="23.8" height="26.05"/>
  <ballskin x="477" y="204" a="0" width="23.8" height="26.05"/>
  <ballskin x="391" y="150" a="0" width="23.8" height="26.05"/>
  <ballskin x="264" y="201" a="0" width="23.8" height="26.05"/>
  <ballskin x="135" y="109" a="0" width="23.8" height="26.05"/>
  <staticblueskin x="705.0999999999999" y="194" cx="737" cy="162" a="50" width="8" height="90"/>
  <staticblueskin x="737" y="97.5" cx="734" cy="27" a="0" width="6" height="141"/>
  <staticblueskin x="503" y="373.5" cx="384" cy="369" a="0" width="238" height="9"/>
  <staticblueskin x="378.5" y="310.5" cx="375" cy="242" a="0" width="7" height="137"/>
  <staticblueskin x="620.5" y="304.5" cx="618" cy="259" a="0" width="5" height="91"/>
  <springboardskin x="245" y="220" a="0" width="51" height="10.95"/>
  <springboardskin x="125" y="126" a="0" width="51" height="10.95"/>
  <springboardskin x="382" y="170" a="0" width="51" height="10.95"/>
  <springboardskin x="593" y="296" a="0" width="51" height="10.95"/>
  <springboardskin x="687" y="335" a="0" width="51" height="10.95"/>
  <springboardskin x="488" y="225" a="0" width="51" height="10.95"/>
  <heavyboxskin x="406" y="359" a="0" width="41" height="22"/>
  <heavyboxskin x="562" y="361" a="0" width="41" height="22"/>
  <heavyboxskin x="440" y="361" a="0" width="41" height="22"/>
  <heavyboxskin x="601" y="362" a="0" width="41" height="22"/>
  <cheeseskin x="707" y="251" a="0" width="27.05" height="22"/>
  <littlemouse x="510" y="272" a="0" width="37.35" height="34.3"/>
  <springboardskin x="42" y="266" a="0" width="51" height="10.95"/>
  <minkskin x="167" y="323" a="0" width="36" height="27"/>
</scene>