<scene width="740" height="380">
  <timer time="80"/>
  <creator id="1991073"/>
  <bg id="3"/>
  <staticredskin x="667" y="283.5" cx="649" cy="276" a="0" width="36" height="15"/>
  <cheeseskin x="356" y="230" a="0" width="27.05" height="22"/>
  <carriervertical x="356" y="246" linewidth="50" lineheight="200" boxwidth="50" boxheight="20"/>
  <littlemouse x="27" y="36" a="0" width="37.35" height="34.3"/>
  <staticblueskin x="305" y="56.5" cx="-5" cy="51" a="0" width="620" height="11"/>
  <springboardskin x="645" y="54" a="0" width="51" height="10.95"/>
  <staticskin x="447" y="106" cx="104" cy="103" a="0" width="686" height="6"/>
  <staticblueskin x="373.5" y="103" cx="369" cy="98" a="0" width="9" height="10"/>
  <springboardskin x="78" y="104" a="0" width="51" height="10.95"/>
  <staticredskin x="287.5" y="161" cx="-73" cy="158" a="0" width="721" height="6"/>
  <springboardskin x="674" y="159" a="0" width="51" height="10.95"/>
  <minkskin x="23" y="34" a="0" width="36" height="27"/>
  <springboardskin x="715" y="232" a="0" width="51" height="10.95"/>
  <carrierhorizontal x="384" y="255" linewidth="300" lineheight="20" boxwidth="50" boxheight="20"/>
</scene>